{
"type": "FeatureCollection",
"crs": { "type": "name", "properties": { "name": "urn:ogc:def:crs:OGC:1.3:CRS84" } },
"features": [
{ "type": "Feature", "properties": { "Facility Name": "Corporal Thompson Playground", "Location Type": "Park", "Operator": "NYC Parks", "Status": "Operational", "Open": "Year Round", "Hours of Operation": "8am-4pm, Open later seasonally", "Accessibility": "Fully Accessible", "Restroom Type": "Multi-Stall W\/M Restrooms", "Changing Stations": null, "Additional Notes": null, "Website": null, "Latitude": 40.638516, "Longitude": -74.117934, "Location": "POINT (-74.117934 40.638516)" }, "geometry": { "type": "Point", "coordinates": [ -74.117934, 40.638515999999846 ] } },
{ "type": "Feature", "properties": { "Facility Name": "Bushwick Library, BPL", "Location Type": "Library", "Operator": "BPL", "Status": "Operational", "Open": "Year Round", "Hours of Operation": "Monday\t10 am - 6 pm\nTuesday\t1 pm - 8 pm\nWednesday\t10 am - 6 pm\nThursday\t10 am - 8 pm\nFriday\t10 am - 6 pm\nSaturday\t10 am - 5 pm\nSunday\tCLOSED", "Accessibility": "Fully Accessible", "Restroom Type": "Single-Stall All Gender Restroom(s)", "Changing Stations": "Yes", "Additional Notes": null, "Website": "https:\/\/www.bklynlibrary.org\/locations\/bushwick", "Latitude": 40.704567, "Longitude": -73.93962, "Location": "POINT (-73.93962 40.704567)" }, "geometry": { "type": "Point", "coordinates": [ -73.93962, 40.704566999999834 ] } },
{ "type": "Feature", "properties": { "Facility Name": "Rienzi Playground", "Location Type": "Park", "Operator": "NYC Parks", "Status": "Operational", "Open": "Year Round", "Hours of Operation": "8am-4pm, Open later seasonally", "Accessibility": "Fully Accessible", "Restroom Type": "Multi-Stall W\/M Restrooms", "Changing Stations": null, "Additional Notes": null, "Website": null, "Latitude": 40.887635, "Longitude": -73.858784, "Location": "POINT (-73.858784 40.887635)" }, "geometry": { "type": "Point", "coordinates": [ -73.858784, 40.887634999999847 ] } },
{ "type": "Feature", "properties": { "Facility Name": "55 East 52nd Street POPS", "Location Type": "Privately Owned Public Space", "Operator": "Park Avenue Plaza Owner LLC", "Status": "Operational", "Open": "Year Round", "Hours of Operation": "Everyday 8:00 am-10:00 pm", "Accessibility": "Partially Accessible", "Restroom Type": "Single-Stall All Gender Restroom(s)", "Changing Stations": "No", "Additional Notes": null, "Website": null, "Latitude": 40.759132, "Longitude": -73.973672, "Location": "POINT (-73.973672 40.759132)" }, "geometry": { "type": "Point", "coordinates": [ -73.973672, 40.759131999999845 ] } },
{ "type": "Feature", "properties": { "Facility Name": "Ottendorfer Library, NYPL", "Location Type": "Library", "Operator": "NYPL", "Status": "Operational", "Open": "Year Round", "Hours of Operation": "Sunday: Closed \nMonday: 11:00 am - 7:00 pm \nTuesday: 11:00 am - 7:00 pm\nWednesday: 11:00 am - 7:00 pm\nThursday: 11:00 am - 7:00 pm\nFriday: 10:00 am - 5:00 pm \nSaturday: 10:00 am - 5:00 pm", "Accessibility": "Not Accessible", "Restroom Type": "Single-Stall All Gender Restroom(s)", "Changing Stations": "Yes", "Additional Notes": null, "Website": "https:\/\/www.nypl.org\/locations\/ottendorfer", "Latitude": 40.728915, "Longitude": -73.987744, "Location": "POINT (-73.987744 40.728915)" }, "geometry": { "type": "Point", "coordinates": [ -73.987744, 40.728914999999837 ] } },
{ "type": "Feature", "properties": { "Facility Name": "South Beach Zone 2", "Location Type": "Park", "Operator": "NYC Parks", "Status": "Operational", "Open": "Seasonal", "Hours of Operation": "8am-4pm, Open later seasonally", "Accessibility": "Fully Accessible", "Restroom Type": "Multi-Stall W\/M Restrooms", "Changing Stations": null, "Additional Notes": null, "Website": null, "Latitude": 40.588862, "Longitude": -74.066755, "Location": "POINT (-74.066755 40.588862)" }, "geometry": { "type": "Point", "coordinates": [ -74.066755, 40.588861999999843 ] } },
{ "type": "Feature", "properties": { "Facility Name": "St. Catherine's Park", "Location Type": "Park", "Operator": "NYC Parks", "Status": "Operational", "Open": "Year Round", "Hours of Operation": "8am-4pm, Open later seasonally", "Accessibility": "Fully Accessible", "Restroom Type": "Both Single-Stall All Gender and Multi-Stall W\/M", "Changing Stations": null, "Additional Notes": null, "Website": null, "Latitude": 40.76531, "Longitude": -73.958579, "Location": "POINT (-73.958579 40.76531)" }, "geometry": { "type": "Point", "coordinates": [ -73.958579, 40.765309999999843 ] } },
{ "type": "Feature", "properties": { "Facility Name": "Fort Greene Playground", "Location Type": "Park", "Operator": "NYC Parks", "Status": "Operational", "Open": "Year Round", "Hours of Operation": "8am-4pm, Open later seasonally", "Accessibility": "Fully Accessible", "Restroom Type": "Multi-Stall W\/M Restrooms", "Changing Stations": null, "Additional Notes": null, "Website": null, "Latitude": 40.692339, "Longitude": -73.977224, "Location": "POINT (-73.977224 40.692339)" }, "geometry": { "type": "Point", "coordinates": [ -73.977224, 40.692338999999834 ] } },
{ "type": "Feature", "properties": { "Facility Name": "Haffen Park Playground", "Location Type": "Park", "Operator": "NYC Parks", "Status": "Operational", "Open": "Year Round", "Hours of Operation": "8am-4pm, Open later seasonally", "Accessibility": "Fully Accessible", "Restroom Type": "Multi-Stall W\/M Restrooms", "Changing Stations": null, "Additional Notes": null, "Website": null, "Latitude": 40.873542, "Longitude": -73.839305, "Location": "POINT (-73.839305 40.873542)" }, "geometry": { "type": "Point", "coordinates": [ -73.839305, 40.873541999999844 ] } },
{ "type": "Feature", "properties": { "Facility Name": "Equity Playground", "Location Type": "Park", "Operator": "NYC Parks", "Status": "Operational", "Open": "Year Round", "Hours of Operation": "8am-4pm, Open later seasonally", "Accessibility": "Fully Accessible", "Restroom Type": "Multi-Stall W\/M Restrooms", "Changing Stations": null, "Additional Notes": null, "Website": null, "Latitude": 40.691385, "Longitude": -73.853623, "Location": "POINT (-73.853623 40.691385)" }, "geometry": { "type": "Point", "coordinates": [ -73.853623, 40.691384999999833 ] } },
{ "type": "Feature", "properties": { "Facility Name": "Stapleton Library, NYPL", "Location Type": "Library", "Operator": "NYPL", "Status": "Operational", "Open": "Year Round", "Hours of Operation": "Sunday: Closed \nMonday: 11:00 am - 7:00 pm \nTuesday: 11:00 am - 7:00 pm \nWednesday: 11:00 am - 7:00 pm \nThursday: 11:00 am - 7:00 pm \nFriday: 10:00 am - 5:00 pm \nSaturday: 10:00 am - 5:00 pm", "Accessibility": "Fully Accessible", "Restroom Type": "Single-Stall All Gender Restroom(s)", "Changing Stations": "Yes", "Additional Notes": null, "Website": "https:\/\/www.nypl.org\/locations\/stapleton", "Latitude": 40.626265, "Longitude": -74.077865, "Location": "POINT (-74.077865 40.626265)" }, "geometry": { "type": "Point", "coordinates": [ -74.077865, 40.62626499999984 ] } },
{ "type": "Feature", "properties": { "Facility Name": "Brower Park Library, BPL", "Location Type": "Library", "Operator": "BPL", "Status": "Operational", "Open": "Year Round", "Hours of Operation": "Monday\t10 am - 6 pm\nTuesday\t1 pm - 8 pm\nWednesday\t10 am - 6 pm\nThursday\t10 am - 8 pm\nFriday\t10 am - 6 pm\nSaturday\t10 am - 5 pm\nSunday\tCLOSED", "Accessibility": "Fully Accessible", "Restroom Type": "Single-Stall All Gender Restroom(s)", "Changing Stations": "Yes", "Additional Notes": null, "Website": "https:\/\/www.bklynlibrary.org\/locations\/brower-park", "Latitude": 40.675379, "Longitude": -73.948568, "Location": "POINT (-73.948568 40.675379)" }, "geometry": { "type": "Point", "coordinates": [ -73.948568, 40.67537899999985 ] } },
{ "type": "Feature", "properties": { "Facility Name": "Carmansville Playground", "Location Type": "Park", "Operator": "NYC Parks", "Status": "Operational", "Open": "Year Round", "Hours of Operation": "8am-4pm, Open later seasonally", "Accessibility": "Fully Accessible", "Restroom Type": "Multi-Stall W\/M Restrooms", "Changing Stations": null, "Additional Notes": null, "Website": null, "Latitude": 40.829156, "Longitude": -73.944308, "Location": "POINT (-73.944308 40.829156)" }, "geometry": { "type": "Point", "coordinates": [ -73.944308, 40.829155999999841 ] } },
{ "type": "Feature", "properties": { "Facility Name": "South Beach Zone 1", "Location Type": "Park", "Operator": "NYC Parks", "Status": "Operational", "Open": "Year Round", "Hours of Operation": "8am-4pm, Open later seasonally", "Accessibility": "Fully Accessible", "Restroom Type": "Multi-Stall W\/M Restrooms", "Changing Stations": null, "Additional Notes": null, "Website": null, "Latitude": 40.592406, "Longitude": -74.063578, "Location": "POINT (-74.063578 40.592406)" }, "geometry": { "type": "Point", "coordinates": [ -74.063578, 40.592405999999833 ] } },
{ "type": "Feature", "properties": { "Facility Name": "825 Eighth Avenue POPS", "Location Type": "Privately Owned Public Space", "Operator": "George Comfort and Sons, Inc.", "Status": "Operational", "Open": "Year Round", "Hours of Operation": "Everyday 6:00 am-9:00 pm", "Accessibility": "Fully Accessible", "Restroom Type": "Single-Stall All Gender Restroom(s)", "Changing Stations": "No", "Additional Notes": null, "Website": null, "Latitude": 40.762238, "Longitude": -73.986944, "Location": "POINT (-73.986944 40.762238)" }, "geometry": { "type": "Point", "coordinates": [ -73.986944, 40.762237999999847 ] } },
{ "type": "Feature", "properties": { "Facility Name": "Brevoort Playground", "Location Type": "Park", "Operator": "NYC Parks", "Status": "Operational", "Open": "Year Round", "Hours of Operation": "8am-4pm, Open later seasonally", "Accessibility": "Partially Accessible", "Restroom Type": "Multi-Stall W\/M Restrooms", "Changing Stations": null, "Additional Notes": null, "Website": null, "Latitude": 40.680681, "Longitude": -73.922699, "Location": "POINT (-73.922699 40.680681)" }, "geometry": { "type": "Point", "coordinates": [ -73.922699, 40.680680999999851 ] } },
{ "type": "Feature", "properties": { "Facility Name": "Arlington Library, BPL", "Location Type": "Library", "Operator": "BPL", "Status": "Operational", "Open": "Year Round", "Hours of Operation": "Monday\t10 am - 6 pm\nTuesday\t1 pm - 8 pm\nWednesday\t10 am - 6 pm\nThursday\t10 am - 8 pm\nFriday\t10 am - 6 pm\nSaturday\t10 am - 5 pm\nSunday\tCLOSED", "Accessibility": "Fully Accessible", "Restroom Type": "Single-Stall All Gender Restroom(s)", "Changing Stations": "Yes", "Additional Notes": null, "Website": "https:\/\/www.bklynlibrary.org\/locations\/arlington", "Latitude": 40.680698, "Longitude": -73.887239, "Location": "POINT (-73.887239 40.680698)" }, "geometry": { "type": "Point", "coordinates": [ -73.887239, 40.68069799999985 ] } },
{ "type": "Feature", "properties": { "Facility Name": "Rockaway Beach 04c", "Location Type": "Park", "Operator": "NYC Parks", "Status": "Operational", "Open": "Seasonal", "Hours of Operation": "8am-4pm, Open later seasonally", "Accessibility": "Partially Accessible", "Restroom Type": "Multi-Stall W\/M Restrooms", "Changing Stations": null, "Additional Notes": null, "Website": null, "Latitude": 40.587522, "Longitude": -73.795711, "Location": "POINT (-73.795711 40.587522)" }, "geometry": { "type": "Point", "coordinates": [ -73.795711, 40.587521999999836 ] } },
{ "type": "Feature", "properties": { "Facility Name": "Margaret I. Carman Green - Weeping Beech", "Location Type": "Park", "Operator": "NYC Parks", "Status": "Operational", "Open": "Seasonal", "Hours of Operation": "8am-4pm, Open later seasonally", "Accessibility": "Not Accessible", "Restroom Type": "Multi-Stall W\/M Restrooms", "Changing Stations": null, "Additional Notes": null, "Website": null, "Latitude": 40.763499, "Longitude": -73.824741, "Location": "POINT (-73.824741 40.763499)" }, "geometry": { "type": "Point", "coordinates": [ -73.824741, 40.763498999999847 ] } },
{ "type": "Feature", "properties": { "Facility Name": "Nicholas Naquan Heyward Jr. Park", "Location Type": "Park", "Operator": "NYC Parks", "Status": "Operational", "Open": "Year Round", "Hours of Operation": "8am-4pm, Open later seasonally", "Accessibility": "Not Accessible", "Restroom Type": "Multi-Stall W\/M Restrooms", "Changing Stations": null, "Additional Notes": null, "Website": null, "Latitude": 40.684691, "Longitude": -73.987809, "Location": "POINT (-73.987809 40.684691)" }, "geometry": { "type": "Point", "coordinates": [ -73.987809, 40.684690999999845 ] } },
{ "type": "Feature", "properties": { "Facility Name": "Brooklyn Central Library, BPL", "Location Type": "Library", "Operator": "BPL", "Status": "Operational", "Open": "Year Round", "Hours of Operation": "Monday\t9 am - 8 pm\nTuesday\t9 am - 8 pm\nWednesday\t9 am - 8 pm\nThursday\t9 am - 8 pm\nFriday\t9 am - 6 pm\nSaturday\t9 am - 6 pm\nSunday\tCLOSED", "Accessibility": "Fully Accessible", "Restroom Type": "Both Single-Stall All Gender and Multi-Stall W\/M", "Changing Stations": "Yes", "Additional Notes": null, "Website": "https:\/\/www.bklynlibrary.org\/locations\/central", "Latitude": 40.672352, "Longitude": -73.968226, "Location": "POINT (-73.968226 40.672352)" }, "geometry": { "type": "Point", "coordinates": [ -73.968226, 40.67235199999984 ] } },
{ "type": "Feature", "properties": { "Facility Name": "Aqueduct Walk Zone 2", "Location Type": "Park", "Operator": "NYC Parks", "Status": "Operational", "Open": "Year Round", "Hours of Operation": "8am-4pm, Open later seasonally", "Accessibility": "Fully Accessible", "Restroom Type": "Multi-Stall W\/M Restrooms", "Changing Stations": null, "Additional Notes": null, "Website": null, "Latitude": 40.858411, "Longitude": -73.907994, "Location": "POINT (-73.907994 40.858411)" }, "geometry": { "type": "Point", "coordinates": [ -73.907994, 40.85841099999984 ] } },
{ "type": "Feature", "properties": { "Facility Name": "Maurice A. FitzGerald Playground", "Location Type": "Park", "Operator": "NYC Parks", "Status": "Operational", "Open": "Year Round", "Hours of Operation": "8am-4pm, Open later seasonally", "Accessibility": "Fully Accessible", "Restroom Type": "Multi-Stall W\/M Restrooms", "Changing Stations": null, "Additional Notes": null, "Website": null, "Latitude": 40.690257, "Longitude": -73.839503, "Location": "POINT (-73.839503 40.690257)" }, "geometry": { "type": "Point", "coordinates": [ -73.839503, 40.690256999999832 ] } },
{ "type": "Feature", "properties": { "Facility Name": "Allerton Playground", "Location Type": "Park", "Operator": "NYC Parks", "Status": "Operational", "Open": "Year Round", "Hours of Operation": "8am-4pm, Open later seasonally", "Accessibility": "Fully Accessible", "Restroom Type": "Multi-Stall W\/M Restrooms", "Changing Stations": null, "Additional Notes": null, "Website": null, "Latitude": 40.865665, "Longitude": -73.850539, "Location": "POINT (-73.850539 40.865665)" }, "geometry": { "type": "Point", "coordinates": [ -73.850539, 40.865664999999844 ] } },
{ "type": "Feature", "properties": { "Facility Name": "General Hart Playground", "Location Type": "Park", "Operator": "NYC Parks", "Status": "Operational", "Open": "Seasonal", "Hours of Operation": "8am-4pm, Open later seasonally", "Accessibility": "Fully Accessible", "Restroom Type": "Multi-Stall W\/M Restrooms", "Changing Stations": null, "Additional Notes": null, "Website": null, "Latitude": 40.748786, "Longitude": -73.897234, "Location": "POINT (-73.897234 40.748786)" }, "geometry": { "type": "Point", "coordinates": [ -73.897234, 40.748785999999839 ] } },
{ "type": "Feature", "properties": { "Facility Name": "East Parade Grounds", "Location Type": "Park", "Operator": "NYC Parks", "Status": "Operational", "Open": "Year Round", "Hours of Operation": "8am-4pm, Open later seasonally", "Accessibility": "Not Accessible", "Restroom Type": "Multi-Stall W\/M Restrooms", "Changing Stations": null, "Additional Notes": null, "Website": null, "Latitude": 40.651895, "Longitude": -73.965719, "Location": "POINT (-73.965719 40.651895)" }, "geometry": { "type": "Point", "coordinates": [ -73.965719, 40.651894999999833 ] } },
{ "type": "Feature", "properties": { "Facility Name": "Augustus St. Gaudens Playground", "Location Type": "Park", "Operator": "NYC Parks", "Status": "Operational", "Open": "Year Round", "Hours of Operation": "8am-4pm, Open later seasonally", "Accessibility": "Partially Accessible", "Restroom Type": "Multi-Stall W\/M Restrooms", "Changing Stations": null, "Additional Notes": null, "Website": null, "Latitude": 40.735641, "Longitude": -73.982059, "Location": "POINT (-73.982059 40.735641)" }, "geometry": { "type": "Point", "coordinates": [ -73.982059, 40.735640999999845 ] } },
{ "type": "Feature", "properties": { "Facility Name": "Shore Road Park Zone 5", "Location Type": "Park", "Operator": "NYC Parks", "Status": "Operational", "Open": "Seasonal", "Hours of Operation": "8am-4pm, Open later seasonally", "Accessibility": "Fully Accessible", "Restroom Type": "Multi-Stall W\/M Restrooms", "Changing Stations": null, "Additional Notes": null, "Website": null, "Latitude": 40.616198, "Longitude": -74.039478, "Location": "POINT (-74.039478 40.616198)" }, "geometry": { "type": "Point", "coordinates": [ -74.039478, 40.616197999999841 ] } },
{ "type": "Feature", "properties": { "Facility Name": "Maple Playground", "Location Type": "Park", "Operator": "NYC Parks", "Status": "Operational", "Open": "Year Round", "Hours of Operation": "8am-4pm, Open later seasonally", "Accessibility": "Fully Accessible", "Restroom Type": "Multi-Stall W\/M Restrooms", "Changing Stations": null, "Additional Notes": null, "Website": null, "Latitude": 40.755964, "Longitude": -73.826086, "Location": "POINT (-73.826086 40.755964)" }, "geometry": { "type": "Point", "coordinates": [ -73.826086, 40.755963999999828 ] } },
{ "type": "Feature", "properties": { "Facility Name": "Ampere Playground", "Location Type": "Park", "Operator": "NYC Parks", "Status": "Operational", "Open": "Year Round", "Hours of Operation": "8am-4pm, Open later seasonally", "Accessibility": "Fully Accessible", "Restroom Type": "Multi-Stall W\/M Restrooms", "Changing Stations": null, "Additional Notes": null, "Website": null, "Latitude": 40.681435, "Longitude": -73.85678, "Location": "POINT (-73.85678 40.681435)" }, "geometry": { "type": "Point", "coordinates": [ -73.85678, 40.681434999999858 ] } },
{ "type": "Feature", "properties": { "Facility Name": "Grove Hill Playground", "Location Type": "Park", "Operator": "NYC Parks", "Status": "Operational", "Open": "Year Round", "Hours of Operation": "8am-4pm, Open later seasonally", "Accessibility": "Fully Accessible", "Restroom Type": "Multi-Stall W\/M Restrooms", "Changing Stations": null, "Additional Notes": null, "Website": null, "Latitude": 40.819936, "Longitude": -73.908532, "Location": "POINT (-73.908532 40.819936)" }, "geometry": { "type": "Point", "coordinates": [ -73.908532, 40.819935999999842 ] } },
{ "type": "Feature", "properties": { "Facility Name": "Hudson River Park Pier 84", "Location Type": "Park", "Operator": "Hudson River Park", "Status": "Operational", "Open": "Year Round", "Hours of Operation": "9:30am - 10pm", "Accessibility": "Fully Accessible", "Restroom Type": null, "Changing Stations": null, "Additional Notes": null, "Website": null, "Latitude": 40.763121, "Longitude": -74.000654, "Location": "POINT (-74.000654 40.763121)" }, "geometry": { "type": "Point", "coordinates": [ -74.000654, 40.763120999999835 ] } },
{ "type": "Feature", "properties": { "Facility Name": "Galapo Playground", "Location Type": "Park", "Operator": "NYC Parks", "Status": "Operational", "Open": "Year Round", "Hours of Operation": "8am-4pm, Open later seasonally", "Accessibility": "Not Accessible", "Restroom Type": "Multi-Stall W\/M Restrooms", "Changing Stations": null, "Additional Notes": null, "Website": null, "Latitude": 40.5979, "Longitude": -73.946754, "Location": "POINT (-73.946754 40.5979)" }, "geometry": { "type": "Point", "coordinates": [ -73.946754, 40.597899999999846 ] } },
{ "type": "Feature", "properties": { "Facility Name": "Pink Playground", "Location Type": "Park", "Operator": "NYC Parks", "Status": "Operational", "Open": "Seasonal", "Hours of Operation": "8am-4pm, Open later seasonally", "Accessibility": "Fully Accessible", "Restroom Type": "Multi-Stall W\/M Restrooms", "Changing Stations": null, "Additional Notes": null, "Website": null, "Latitude": 40.666498, "Longitude": -73.862512, "Location": "POINT (-73.862512 40.666498)" }, "geometry": { "type": "Point", "coordinates": [ -73.862512, 40.666497999999841 ] } },
{ "type": "Feature", "properties": { "Facility Name": "Center for Brooklyn History, BPL", "Location Type": "Library", "Operator": "BPL", "Status": "Operational", "Open": "Year Round", "Hours of Operation": "Monday\t10 am - 6 pm\nTuesday\t10 am - 6 pm\nWednesday\t10 am - 6 pm\nThursday\t10 am - 6 pm\nFriday\t10 am - 6 pm\nSaturday\t10 am - 4 pm\nSunday\tCLOSED", "Accessibility": "Fully Accessible", "Restroom Type": "Single-Stall All Gender Restroom(s)", "Changing Stations": "Yes", "Additional Notes": null, "Website": "https:\/\/www.bklynlibrary.org\/locations\/center-for-brooklyn-history", "Latitude": 40.694811, "Longitude": -73.992406, "Location": "POINT (-73.992406 40.694811)" }, "geometry": { "type": "Point", "coordinates": [ -73.992406, 40.694810999999845 ] } },
{ "type": "Feature", "properties": { "Facility Name": "Rosewood Playground", "Location Type": "Park", "Operator": "NYC Parks", "Status": "Operational", "Open": "Year Round", "Hours of Operation": "8am-4pm, Open later seasonally", "Accessibility": "Fully Accessible", "Restroom Type": "Multi-Stall W\/M Restrooms", "Changing Stations": null, "Additional Notes": null, "Website": null, "Latitude": 40.872979, "Longitude": -73.871143, "Location": "POINT (-73.871143 40.872979)" }, "geometry": { "type": "Point", "coordinates": [ -73.871143, 40.87297899999983 ] } },
{ "type": "Feature", "properties": { "Facility Name": "City Island Library, NYPL", "Location Type": "Library", "Operator": "NYPL", "Status": "Operational", "Open": "Year Round", "Hours of Operation": "Sunday: Closed \nMonday: 11:00 am - 7:00 pm \nTuesday: 11:00 am - 6:00 pm\nWednesday: 11:00 am - 6:00 pm\nThursday: 11:00 am - 7:00 pm\nFriday: 10:00 am - 5:00 pm \nSaturday: 10:00 am - 5:00 pm", "Accessibility": "Fully Accessible", "Restroom Type": "Single-Stall All Gender Restroom(s)", "Changing Stations": "Yes", "Additional Notes": null, "Website": "https:\/\/www.nypl.org\/locations\/city-island", "Latitude": 40.8477, "Longitude": -73.786368, "Location": "POINT (-73.786368 40.8477)" }, "geometry": { "type": "Point", "coordinates": [ -73.786368, 40.847699999999854 ] } },
{ "type": "Feature", "properties": { "Facility Name": "MacNeil Playground", "Location Type": "Park", "Operator": "NYC Parks", "Status": "Operational", "Open": "Year Round", "Hours of Operation": "8am-4pm, Open later seasonally", "Accessibility": "Fully Accessible", "Restroom Type": "Multi-Stall W\/M Restrooms", "Changing Stations": null, "Additional Notes": null, "Website": null, "Latitude": 40.793522, "Longitude": -73.851378, "Location": "POINT (-73.851378 40.793522)" }, "geometry": { "type": "Point", "coordinates": [ -73.851378, 40.793521999999832 ] } },
{ "type": "Feature", "properties": { "Facility Name": "Vidalia Park", "Location Type": "Park", "Operator": "NYC Parks", "Status": "Operational", "Open": "Seasonal", "Hours of Operation": "8am-4pm, Open later seasonally", "Accessibility": "Fully Accessible", "Restroom Type": "Multi-Stall W\/M Restrooms", "Changing Stations": null, "Additional Notes": null, "Website": null, "Latitude": 40.844079, "Longitude": -73.881429, "Location": "POINT (-73.881429 40.844079)" }, "geometry": { "type": "Point", "coordinates": [ -73.881429, 40.844078999999837 ] } },
{ "type": "Feature", "properties": { "Facility Name": "Albert J. Parham Playground", "Location Type": "Park", "Operator": "NYC Parks", "Status": "Operational", "Open": "Year Round", "Hours of Operation": "8am-4pm, Open later seasonally", "Accessibility": "Fully Accessible", "Restroom Type": "Multi-Stall W\/M Restrooms", "Changing Stations": null, "Additional Notes": null, "Website": null, "Latitude": 40.690233, "Longitude": -73.970509, "Location": "POINT (-73.970509 40.690233)" }, "geometry": { "type": "Point", "coordinates": [ -73.970509, 40.690232999999843 ] } },
{ "type": "Feature", "properties": { "Facility Name": "Hester St Playground", "Location Type": "Park", "Operator": "NYC Parks", "Status": "Operational", "Open": "Year Round", "Hours of Operation": "8am-4pm, Open later seasonally", "Accessibility": "Fully Accessible", "Restroom Type": "Multi-Stall W\/M Restrooms", "Changing Stations": null, "Additional Notes": null, "Website": null, "Latitude": 40.716728, "Longitude": -73.994082, "Location": "POINT (-73.994082 40.716728)" }, "geometry": { "type": "Point", "coordinates": [ -73.994082, 40.716727999999847 ] } },
{ "type": "Feature", "properties": { "Facility Name": "Mosholu Library, NYPL", "Location Type": "Library", "Operator": "NYPL", "Status": "Operational", "Open": "Year Round", "Hours of Operation": "Sunday: Closed \nMonday: 11:00 am - 7:00 pm \nTuesday: 11:00 am - 7:00 pm \nWednesday: 11:00 am - 7:00 pm \nThursday: 11:00 am - 7:00 pm \nFriday: 10:00 am - 5:00 pm \nSaturday: 10:00 am - 5:00 pm", "Accessibility": "Fully Accessible", "Restroom Type": "Both Single-Stall All Gender and Multi-Stall W\/M", "Changing Stations": "\"Yes, in single-stall all gender restroom only\"", "Additional Notes": null, "Website": "https:\/\/www.nypl.org\/locations\/mosholu", "Latitude": 40.874388, "Longitude": -73.878386, "Location": "POINT (-73.878386 40.874388)" }, "geometry": { "type": "Point", "coordinates": [ -73.878386, 40.87438799999984 ] } },
{ "type": "Feature", "properties": { "Facility Name": "Astoria Park Zone 1", "Location Type": "Park", "Operator": "NYC Parks", "Status": "Operational", "Open": "Seasonal", "Hours of Operation": "8am-4pm, Open later seasonally", "Accessibility": "Fully Accessible", "Restroom Type": "Both Single-Stall All Gender and Multi-Stall W\/M", "Changing Stations": null, "Additional Notes": null, "Website": null, "Latitude": 40.77593, "Longitude": -73.925181, "Location": "POINT (-73.925181 40.77593)" }, "geometry": { "type": "Point", "coordinates": [ -73.925181, 40.775929999999839 ] } },
{ "type": "Feature", "properties": { "Facility Name": "St. Nicholas Park", "Location Type": "Park", "Operator": "NYC Parks", "Status": "Operational", "Open": "Year Round", "Hours of Operation": "8am-4pm, Open later seasonally", "Accessibility": "Not Accessible", "Restroom Type": "Multi-Stall W\/M Restrooms", "Changing Stations": null, "Additional Notes": null, "Website": null, "Latitude": 40.813711, "Longitude": -73.950928, "Location": "POINT (-73.950928 40.813711)" }, "geometry": { "type": "Point", "coordinates": [ -73.950928, 40.813710999999834 ] } },
{ "type": "Feature", "properties": { "Facility Name": "Virginia Principe Playground", "Location Type": "Park", "Operator": "NYC Parks", "Status": "Operational", "Open": "Year Round", "Hours of Operation": "8am-4pm, Open later seasonally", "Accessibility": "Not Accessible", "Restroom Type": "Multi-Stall W\/M Restrooms", "Changing Stations": null, "Additional Notes": null, "Website": null, "Latitude": 40.727226, "Longitude": -73.904336, "Location": "POINT (-73.904336 40.727226)" }, "geometry": { "type": "Point", "coordinates": [ -73.904336, 40.727225999999824 ] } },
{ "type": "Feature", "properties": { "Facility Name": "Walker Park", "Location Type": "Park", "Operator": "NYC Parks", "Status": "Operational", "Open": "Year Round", "Hours of Operation": "8am-4pm, Open later seasonally", "Accessibility": "Not Accessible", "Restroom Type": "Multi-Stall W\/M Restrooms", "Changing Stations": null, "Additional Notes": null, "Website": null, "Latitude": 40.643726, "Longitude": -74.108829, "Location": "POINT (-74.108829 40.643726)" }, "geometry": { "type": "Point", "coordinates": [ -74.108829, 40.64372599999983 ] } },
{ "type": "Feature", "properties": { "Facility Name": "Oracle Playground", "Location Type": "Park", "Operator": "NYC Parks", "Status": "Operational", "Open": "Year Round", "Hours of Operation": "8am-4pm, Open later seasonally", "Accessibility": "Not Accessible", "Restroom Type": "Multi-Stall W\/M Restrooms", "Changing Stations": null, "Additional Notes": null, "Website": null, "Latitude": 40.693786, "Longitude": -73.971605, "Location": "POINT (-73.971605 40.693786)" }, "geometry": { "type": "Point", "coordinates": [ -73.971605, 40.693785999999839 ] } },
{ "type": "Feature", "properties": { "Facility Name": "Louis Armstrong Playground", "Location Type": "Park", "Operator": "NYC Parks", "Status": "Operational", "Open": "Seasonal", "Hours of Operation": "8am-4pm, Open later seasonally", "Accessibility": "Not Accessible", "Restroom Type": "Multi-Stall W\/M Restrooms", "Changing Stations": null, "Additional Notes": null, "Website": null, "Latitude": 40.754938, "Longitude": -73.855156, "Location": "POINT (-73.855156 40.754938)" }, "geometry": { "type": "Point", "coordinates": [ -73.855156, 40.754937999999846 ] } },
{ "type": "Feature", "properties": { "Facility Name": "Lopez Playground", "Location Type": "Park", "Operator": "NYC Parks", "Status": "Operational", "Open": "Year Round", "Hours of Operation": "8am-4pm, Open later seasonally", "Accessibility": "Fully Accessible", "Restroom Type": "Multi-Stall W\/M Restrooms", "Changing Stations": null, "Additional Notes": null, "Website": null, "Latitude": 40.61127, "Longitude": -74.085, "Location": "POINT (-74.085 40.61127)" }, "geometry": { "type": "Point", "coordinates": [ -74.085, 40.611269999999834 ] } },
{ "type": "Feature", "properties": { "Facility Name": "Grand Concourse Library, NYPL", "Location Type": "Library", "Operator": "NYPL", "Status": "Operational", "Open": "Year Round", "Hours of Operation": "Sunday: Closed \nMonday: 10:00 am - 8:00 pm \nTuesday: 10:00 am - 7:00 pm \nWednesday: 10:00 am - 8:00 pm \nThursday: 10:00 am - 7:00 pm \nFriday: 10:00 am - 5:00 pm \nSaturday: 10:00 am - 5:00 pm", "Accessibility": "Fully Accessible", "Restroom Type": "Both Single-Stall All Gender and Multi-Stall W\/M", "Changing Stations": "\"Yes, in single-stall all gender restroom only\"", "Additional Notes": null, "Website": "https:\/\/www.nypl.org\/locations\/grand-concourse", "Latitude": 40.84401, "Longitude": -73.910089, "Location": "POINT (-73.910089 40.84401)" }, "geometry": { "type": "Point", "coordinates": [ -73.910089, 40.844009999999834 ] } },
{ "type": "Feature", "properties": { "Facility Name": "Claremont Park Zone 1", "Location Type": "Park", "Operator": "NYC Parks", "Status": "Operational", "Open": "Year Round", "Hours of Operation": "8am-4pm, Open later seasonally", "Accessibility": "Fully Accessible", "Restroom Type": "Multi-Stall W\/M Restrooms", "Changing Stations": null, "Additional Notes": null, "Website": null, "Latitude": 40.841506, "Longitude": -73.906836, "Location": "POINT (-73.906836 40.841506)" }, "geometry": { "type": "Point", "coordinates": [ -73.906836, 40.841505999999853 ] } },
{ "type": "Feature", "properties": { "Facility Name": "East River Park Zone 5", "Location Type": "Park", "Operator": "NYC Parks", "Status": "Operational", "Open": "Year Round", "Hours of Operation": "8am-4pm, Open later seasonally", "Accessibility": "Not Accessible", "Restroom Type": "Multi-Stall W\/M Restrooms", "Changing Stations": null, "Additional Notes": null, "Website": null, "Latitude": 40.721796, "Longitude": -73.974048, "Location": "POINT (-73.974048 40.721796)" }, "geometry": { "type": "Point", "coordinates": [ -73.974048, 40.721795999999827 ] } },
{ "type": "Feature", "properties": { "Facility Name": "Hunts Point Playground", "Location Type": "Park", "Operator": "NYC Parks", "Status": "Operational", "Open": "Year Round", "Hours of Operation": "8am-4pm, Open later seasonally", "Accessibility": "Fully Accessible", "Restroom Type": "Multi-Stall W\/M Restrooms", "Changing Stations": null, "Additional Notes": null, "Website": null, "Latitude": 40.814277, "Longitude": -73.88589, "Location": "POINT (-73.88589 40.814277)" }, "geometry": { "type": "Point", "coordinates": [ -73.88589, 40.814276999999848 ] } },
{ "type": "Feature", "properties": { "Facility Name": "Bellerose Playground", "Location Type": "Park", "Operator": "NYC Parks", "Status": "Operational", "Open": "Seasonal", "Hours of Operation": "8am-4pm, Open later seasonally", "Accessibility": "Fully Accessible", "Restroom Type": "Both Single-Stall All Gender and Multi-Stall W\/M", "Changing Stations": null, "Additional Notes": null, "Website": null, "Latitude": 40.732855, "Longitude": -73.717682, "Location": "POINT (-73.717682 40.732855)" }, "geometry": { "type": "Point", "coordinates": [ -73.717682, 40.732854999999844 ] } },
{ "type": "Feature", "properties": { "Facility Name": "Greenpoint Playground", "Location Type": "Park", "Operator": "NYC Parks", "Status": "Operational", "Open": "Year Round", "Hours of Operation": "8am-4pm, Open later seasonally", "Accessibility": "Fully Accessible", "Restroom Type": "Multi-Stall W\/M Restrooms", "Changing Stations": null, "Additional Notes": null, "Website": null, "Latitude": 40.735646, "Longitude": -73.959285, "Location": "POINT (-73.959285 40.735646)" }, "geometry": { "type": "Point", "coordinates": [ -73.959285, 40.735645999999839 ] } },
{ "type": "Feature", "properties": { "Facility Name": "Queensbridge Park", "Location Type": "Park", "Operator": "NYC Parks", "Status": "Operational", "Open": "Seasonal", "Hours of Operation": "8am-4pm, Open later seasonally", "Accessibility": "Not Accessible", "Restroom Type": "Multi-Stall W\/M Restrooms", "Changing Stations": null, "Additional Notes": null, "Website": null, "Latitude": 40.755099, "Longitude": -73.949561, "Location": "POINT (-73.949561 40.755099)" }, "geometry": { "type": "Point", "coordinates": [ -73.949561, 40.755098999999838 ] } },
{ "type": "Feature", "properties": { "Facility Name": "Brooklyn Bridge Park Pier 6 - Quay Tower", "Location Type": "Park", "Operator": "Brooklyn Bridge Park", "Status": "Operational", "Open": "Year Round", "Hours of Operation": "6am-1am", "Accessibility": "Fully Accessible", "Restroom Type": null, "Changing Stations": null, "Additional Notes": null, "Website": null, "Latitude": 40.692827, "Longitude": -74.000721, "Location": "POINT (-74.000721 40.692827)" }, "geometry": { "type": "Point", "coordinates": [ -74.000721, 40.692826999999852 ] } },
{ "type": "Feature", "properties": { "Facility Name": "Laurelton Parkway West Playground", "Location Type": "Park", "Operator": "NYC Parks", "Status": "Operational", "Open": "Year Round", "Hours of Operation": "8am-4pm, Open later seasonally", "Accessibility": "Fully Accessible", "Restroom Type": "Both Single-Stall All Gender and Multi-Stall W\/M", "Changing Stations": null, "Additional Notes": null, "Website": null, "Latitude": 40.685005, "Longitude": -73.726978, "Location": "POINT (-73.726978 40.685005)" }, "geometry": { "type": "Point", "coordinates": [ -73.726978, 40.685004999999833 ] } },
{ "type": "Feature", "properties": { "Facility Name": "Andrew Heiskell Braille and Talking Book Library, NYPL", "Location Type": "Library", "Operator": "NYPL", "Status": "Operational", "Open": "Year Round", "Hours of Operation": "Sunday: Closed \nMonday: 10:00 am - 5:00 pm \nTuesday: 12:00 pm - 7:00 pm\nWednesday: 10:00 am - 5:00 pm\nThursday: 12:00 pm - 7:00 pm\nFriday: 10:00 am - 5:00 pm \nSaturday: 10:00 am - 5:00 pm", "Accessibility": "Fully Accessible", "Restroom Type": "Both Single-Stall All Gender and Multi-Stall W\/M", "Changing Stations": "No", "Additional Notes": "Changing Table in Children's room", "Website": "https:\/\/www.nypl.org\/locations\/heiskell", "Latitude": 40.740474, "Longitude": -73.993358, "Location": "POINT (-73.993358 40.740474)" }, "geometry": { "type": "Point", "coordinates": [ -73.993358, 40.740473999999843 ] } },
{ "type": "Feature", "properties": { "Facility Name": "Challenge Playground", "Location Type": "Park", "Operator": "NYC Parks", "Status": "Operational", "Open": "Seasonal", "Hours of Operation": "8am-4pm, Open later seasonally", "Accessibility": "Fully Accessible", "Restroom Type": "Both Single-Stall All Gender and Multi-Stall W\/M", "Changing Stations": null, "Additional Notes": null, "Website": null, "Latitude": 40.756911, "Longitude": -73.728131, "Location": "POINT (-73.728131 40.756911)" }, "geometry": { "type": "Point", "coordinates": [ -73.728131, 40.756910999999832 ] } },
{ "type": "Feature", "properties": { "Facility Name": "Green Central Knoll", "Location Type": "Park", "Operator": "NYC Parks", "Status": "Operational", "Open": "Year Round", "Hours of Operation": "8am-4pm, Open later seasonally", "Accessibility": "Fully Accessible", "Restroom Type": "Multi-Stall W\/M Restrooms", "Changing Stations": null, "Additional Notes": null, "Website": null, "Latitude": 40.70212, "Longitude": -73.933504, "Location": "POINT (-73.933504 40.70212)" }, "geometry": { "type": "Point", "coordinates": [ -73.933504, 40.70212 ] } },
{ "type": "Feature", "properties": { "Facility Name": "McKinley Park Library, BPL", "Location Type": "Library", "Operator": "BPL", "Status": "Operational", "Open": "Year Round", "Hours of Operation": "Monday\t10 am - 6 pm\nTuesday\t1 pm - 8 pm\nWednesday\t10 am - 6 pm\nThursday\t10 am - 8 pm\nFriday\t10 am - 6 pm\nSaturday\t10 am - 5 pm\nSunday\tCLOSED", "Accessibility": "Fully Accessible", "Restroom Type": "Single-Stall All Gender Restroom(s)", "Changing Stations": "Yes", "Additional Notes": null, "Website": "https:\/\/www.bklynlibrary.org\/locations\/dyker", "Latitude": 40.629196, "Longitude": -74.011839, "Location": "POINT (-74.011839 40.629196)" }, "geometry": { "type": "Point", "coordinates": [ -74.011839, 40.629195999999837 ] } },
{ "type": "Feature", "properties": { "Facility Name": "Anne Loftus Playground", "Location Type": "Park", "Operator": "NYC Parks", "Status": "Operational", "Open": "Year Round", "Hours of Operation": "8am-4pm, Open later seasonally", "Accessibility": "Not Accessible", "Restroom Type": "Multi-Stall W\/M Restrooms", "Changing Stations": null, "Additional Notes": null, "Website": null, "Latitude": 40.86512, "Longitude": -73.929484, "Location": "POINT (-73.929484 40.86512)" }, "geometry": { "type": "Point", "coordinates": [ -73.929484, 40.865119999999855 ] } },
{ "type": "Feature", "properties": { "Facility Name": "Travers Park", "Location Type": "Park", "Operator": "NYC Parks", "Status": "Operational", "Open": "Year Round", "Hours of Operation": "8am-4pm, Open later seasonally", "Accessibility": "Not Accessible", "Restroom Type": "Multi-Stall W\/M Restrooms", "Changing Stations": null, "Additional Notes": null, "Website": null, "Latitude": 40.754374, "Longitude": -73.889478, "Location": "POINT (-73.889478 40.754374)" }, "geometry": { "type": "Point", "coordinates": [ -73.889478, 40.754373999999835 ] } },
{ "type": "Feature", "properties": { "Facility Name": "McCarren Park Zone 3", "Location Type": "Park", "Operator": "NYC Parks", "Status": "Operational", "Open": "Year Round", "Hours of Operation": "8am-4pm, Open later seasonally", "Accessibility": "Fully Accessible", "Restroom Type": "Both Single-Stall All Gender and Multi-Stall W\/M", "Changing Stations": null, "Additional Notes": null, "Website": null, "Latitude": 40.722025, "Longitude": -73.951842, "Location": "POINT (-73.951842 40.722025)" }, "geometry": { "type": "Point", "coordinates": [ -73.951842, 40.722024999999832 ] } },
{ "type": "Feature", "properties": { "Facility Name": "George Bruce Library, NYPL", "Location Type": "Library", "Operator": "NYPL", "Status": "Operational", "Open": "Year Round", "Hours of Operation": "Sunday: Closed \nMonday: 12:00 pm - 7:00 pm \nTuesday: 12:00 pm - 7:00 pm \nWednesday: 12:00 pm - 7:00 pm \nThursday: 12:00 pm - 7:00 pm \nFriday: 11:00 am - 6:00 pm \nSaturday: 11:00 am - 6:00 pm", "Accessibility": "Fully Accessible", "Restroom Type": "Single-Stall All Gender Restroom(s)", "Changing Stations": "\"Yes, in single-stall all gender restroom only\"", "Additional Notes": null, "Website": "https:\/\/www.nypl.org\/locations\/george-bruce", "Latitude": 40.813777, "Longitude": -73.957055, "Location": "POINT (-73.957055 40.813777)" }, "geometry": { "type": "Point", "coordinates": [ -73.957055, 40.813776999999853 ] } },
{ "type": "Feature", "properties": { "Facility Name": "Seth Low Playground\/ Bealin Square", "Location Type": "Park", "Operator": "NYC Parks", "Status": "Operational", "Open": "Year Round", "Hours of Operation": "8am-4pm, Open later seasonally", "Accessibility": "Fully Accessible", "Restroom Type": "Multi-Stall W\/M Restrooms", "Changing Stations": null, "Additional Notes": null, "Website": null, "Latitude": 40.608262, "Longitude": -73.986506, "Location": "POINT (-73.986506 40.608262)" }, "geometry": { "type": "Point", "coordinates": [ -73.986506, 40.60826199999984 ] } },
{ "type": "Feature", "properties": { "Facility Name": "Howard Bennett Playground", "Location Type": "Park", "Operator": "NYC Parks", "Status": "Operational", "Open": "Year Round", "Hours of Operation": "8am-4pm, Open later seasonally", "Accessibility": "Fully Accessible", "Restroom Type": "Both Single-Stall All Gender and Multi-Stall W\/M", "Changing Stations": null, "Additional Notes": null, "Website": null, "Latitude": 40.813698, "Longitude": -73.938957, "Location": "POINT (-73.938957 40.813698)" }, "geometry": { "type": "Point", "coordinates": [ -73.938957, 40.813697999999839 ] } },
{ "type": "Feature", "properties": { "Facility Name": "Cypress Hills Library, BPL", "Location Type": "Library", "Operator": "BPL", "Status": "Operational", "Open": "Year Round", "Hours of Operation": "Monday\t10 am - 6 pm\nTuesday\t1 pm - 8 pm\nWednesday\t10 am - 6 pm\nThursday\t10 am - 8 pm\nFriday\t10 am - 6 pm\nSaturday\t10 am - 5 pm\nSunday\tCLOSED", "Accessibility": "Fully Accessible", "Restroom Type": "Single-Stall All Gender Restroom(s)", "Changing Stations": "Yes", "Additional Notes": null, "Website": "https:\/\/www.bklynlibrary.org\/locations\/cypress-hills", "Latitude": 40.672716, "Longitude": -73.874036, "Location": "POINT (-73.874036 40.672716)" }, "geometry": { "type": "Point", "coordinates": [ -73.874036, 40.672715999999852 ] } },
{ "type": "Feature", "properties": { "Facility Name": "Red Hook Park Zone 3", "Location Type": "Park", "Operator": "NYC Parks", "Status": "Operational", "Open": "Year Round", "Hours of Operation": "8am-4pm, Open later seasonally", "Accessibility": "Fully Accessible", "Restroom Type": "Multi-Stall W\/M Restrooms", "Changing Stations": null, "Additional Notes": null, "Website": null, "Latitude": 40.67277, "Longitude": -74.007817, "Location": "POINT (-74.007817 40.67277)" }, "geometry": { "type": "Point", "coordinates": [ -74.007817, 40.672769999999829 ] } },
{ "type": "Feature", "properties": { "Facility Name": "Woodlawn Playground", "Location Type": "Park", "Operator": "NYC Parks", "Status": "Operational", "Open": "Year Round", "Hours of Operation": "8am-4pm, Open later seasonally", "Accessibility": "Fully Accessible", "Restroom Type": "Multi-Stall W\/M Restrooms", "Changing Stations": null, "Additional Notes": null, "Website": null, "Latitude": 40.899927, "Longitude": -73.87225, "Location": "POINT (-73.87225 40.899927)" }, "geometry": { "type": "Point", "coordinates": [ -73.87225, 40.899926999999835 ] } },
{ "type": "Feature", "properties": { "Facility Name": "Lieutenant John H. Martinson Playground", "Location Type": "Park", "Operator": "NYC Parks", "Status": "Operational", "Open": "Year Round", "Hours of Operation": "8am-4pm, Open later seasonally", "Accessibility": "Fully Accessible", "Restroom Type": "Multi-Stall W\/M Restrooms", "Changing Stations": null, "Additional Notes": null, "Website": null, "Latitude": 40.537194, "Longitude": -74.162407, "Location": "POINT (-74.162407 40.537194)" }, "geometry": { "type": "Point", "coordinates": [ -74.162407, 40.537193999999836 ] } },
{ "type": "Feature", "properties": { "Facility Name": "Yorkville Library, NYPL", "Location Type": "Library", "Operator": "NYPL", "Status": "Operational", "Open": "Year Round", "Hours of Operation": "Sunday: Closed \nMonday: 11:00 am - 7:00 pm \nTuesday: 10:00 pm - 6:00 pm \nWednesday: 11:00 am - 7:00 pm \nThursday: 10:00 pm - 6:00 pm \nFriday: 10:00 am - 5:00 pm \nSaturday: 10:00 am - 5:00 pm", "Accessibility": "Not Accessible", "Restroom Type": "Single-Stall All Gender Restroom(s)", "Changing Stations": "No", "Additional Notes": null, "Website": "https:\/\/www.nypl.org\/locations\/yorkville", "Latitude": 40.773664, "Longitude": -73.956374, "Location": "POINT (-73.956374 40.773664)" }, "geometry": { "type": "Point", "coordinates": [ -73.956374, 40.773663999999833 ] } },
{ "type": "Feature", "properties": { "Facility Name": "Audubon Playground", "Location Type": "Park", "Operator": "NYC Parks", "Status": "Operational", "Open": "Year Round", "Hours of Operation": "8am-4pm, Open later seasonally", "Accessibility": "Fully Accessible", "Restroom Type": "Multi-Stall W\/M Restrooms", "Changing Stations": null, "Additional Notes": null, "Website": null, "Latitude": 40.841674, "Longitude": -73.937926, "Location": "POINT (-73.937926 40.841674)" }, "geometry": { "type": "Point", "coordinates": [ -73.937926, 40.841673999999834 ] } },
{ "type": "Feature", "properties": { "Facility Name": "Macombs Dam Park Zone 1 Upper", "Location Type": "Park", "Operator": "NYC Parks", "Status": "Operational", "Open": "Year Round", "Hours of Operation": "8am-4pm, Open later seasonally", "Accessibility": "Fully Accessible", "Restroom Type": "Multi-Stall W\/M Restrooms", "Changing Stations": null, "Additional Notes": null, "Website": null, "Latitude": 40.828376, "Longitude": -73.929751, "Location": "POINT (-73.929751 40.828376)" }, "geometry": { "type": "Point", "coordinates": [ -73.929751, 40.828375999999842 ] } },
{ "type": "Feature", "properties": { "Facility Name": "Clason's Point Library, NYPL", "Location Type": "Library", "Operator": "NYPL", "Status": "Operational", "Open": "Year Round", "Hours of Operation": "Sunday: Closed \nMonday: 10:00 am - 7:00 pm \nTuesday: 10:00 am - 7:00 pm\nWednesday: 10:00 am - 7:00 pm\nThursday: 10:00 am - 7:00 pm\nFriday: 10:00 am - 5:00 pm \nSaturday: 10:00 am - 5:00 pm", "Accessibility": "Fully Accessible", "Restroom Type": "Single-Stall All Gender Restroom(s)", "Changing Stations": "Yes", "Additional Notes": null, "Website": "https:\/\/www.nypl.org\/locations\/clasons-point", "Latitude": 40.830001, "Longitude": -73.875022, "Location": "POINT (-73.875022 40.830001)" }, "geometry": { "type": "Point", "coordinates": [ -73.875022, 40.830000999999854 ] } },
{ "type": "Feature", "properties": { "Facility Name": "Yolanda García Park", "Location Type": "Park", "Operator": "NYC Parks", "Status": "Operational", "Open": "Year Round", "Hours of Operation": "8am-4pm, Open later seasonally", "Accessibility": "Fully Accessible", "Restroom Type": "Multi-Stall W\/M Restrooms", "Changing Stations": null, "Additional Notes": null, "Website": null, "Latitude": 40.822886, "Longitude": -73.913911, "Location": "POINT (-73.913911 40.822886)" }, "geometry": { "type": "Point", "coordinates": [ -73.913911, 40.822885999999841 ] } },
{ "type": "Feature", "properties": { "Facility Name": "Century Playground", "Location Type": "Park", "Operator": "NYC Parks", "Status": "Operational", "Open": "Year Round", "Hours of Operation": "8am-4pm, Open later seasonally", "Accessibility": "Not Accessible", "Restroom Type": "Multi-Stall W\/M Restrooms", "Changing Stations": null, "Additional Notes": null, "Website": null, "Latitude": 40.577018, "Longitude": -73.970246, "Location": "POINT (-73.970246 40.577018)" }, "geometry": { "type": "Point", "coordinates": [ -73.970246, 40.577017999999839 ] } },
{ "type": "Feature", "properties": { "Facility Name": "Bethesda Terrace", "Location Type": "Park", "Operator": "Central Park Conservancy", "Status": "Operational", "Open": "Seasonal", "Hours of Operation": "7am - dusk", "Accessibility": "Not Accessible", "Restroom Type": "Multi-Stall W\/M Restrooms", "Changing Stations": null, "Additional Notes": null, "Website": null, "Latitude": 40.773519, "Longitude": -73.971149, "Location": "POINT (-73.971149 40.773519)" }, "geometry": { "type": "Point", "coordinates": [ -73.971149, 40.773518999999816 ] } },
{ "type": "Feature", "properties": { "Facility Name": "Telephone Playground", "Location Type": "Park", "Operator": "NYC Parks", "Status": "Operational", "Open": "Year Round", "Hours of Operation": "8am-4pm, Open later seasonally", "Accessibility": "Fully Accessible", "Restroom Type": "Multi-Stall W\/M Restrooms", "Changing Stations": null, "Additional Notes": null, "Website": null, "Latitude": 40.738603, "Longitude": -73.756571, "Location": "POINT (-73.756571 40.738603)" }, "geometry": { "type": "Point", "coordinates": [ -73.756571, 40.738602999999834 ] } },
{ "type": "Feature", "properties": { "Facility Name": "Alley Athletic Playground", "Location Type": "Park", "Operator": "NYC Parks", "Status": "Operational", "Open": "Year Round", "Hours of Operation": "8am-4pm, Open later seasonally", "Accessibility": "Not Accessible", "Restroom Type": "Multi-Stall W\/M Restrooms", "Changing Stations": null, "Additional Notes": null, "Website": null, "Latitude": 40.739995, "Longitude": -73.734204, "Location": "POINT (-73.734204 40.739995)" }, "geometry": { "type": "Point", "coordinates": [ -73.734204, 40.739994999999844 ] } },
{ "type": "Feature", "properties": { "Facility Name": "St Mary's Playground West", "Location Type": "Park", "Operator": "NYC Parks", "Status": "Operational", "Open": "Year Round", "Hours of Operation": "8am-4pm, Open later seasonally", "Accessibility": "Fully Accessible", "Restroom Type": "Multi-Stall W\/M Restrooms", "Changing Stations": null, "Additional Notes": null, "Website": null, "Latitude": 40.81286, "Longitude": -73.913424, "Location": "POINT (-73.913424 40.81286)" }, "geometry": { "type": "Point", "coordinates": [ -73.913424, 40.812859999999837 ] } },
{ "type": "Feature", "properties": { "Facility Name": "Macombs Dam Park Zone 2 Lower", "Location Type": "Park", "Operator": "NYC Parks", "Status": "Operational", "Open": "Year Round", "Hours of Operation": "8am-4pm, Open later seasonally", "Accessibility": "Fully Accessible", "Restroom Type": "Multi-Stall W\/M Restrooms", "Changing Stations": null, "Additional Notes": null, "Website": null, "Latitude": 40.827497, "Longitude": -73.928379, "Location": "POINT (-73.928379 40.827497)" }, "geometry": { "type": "Point", "coordinates": [ -73.928379, 40.827496999999831 ] } },
{ "type": "Feature", "properties": { "Facility Name": "Jesse Owens Playground", "Location Type": "Park", "Operator": "NYC Parks", "Status": "Operational", "Open": "Year Round", "Hours of Operation": "8am-4pm, Open later seasonally", "Accessibility": "Fully Accessible", "Restroom Type": "Multi-Stall W\/M Restrooms", "Changing Stations": null, "Additional Notes": null, "Website": null, "Latitude": 40.691638, "Longitude": -73.932459, "Location": "POINT (-73.932459 40.691638)" }, "geometry": { "type": "Point", "coordinates": [ -73.932459, 40.691637999999827 ] } },
{ "type": "Feature", "properties": { "Facility Name": "Fred Samuel Playground", "Location Type": "Park", "Operator": "NYC Parks", "Status": "Operational", "Open": "Seasonal", "Hours of Operation": "8am-4pm, Open later seasonally", "Accessibility": "Fully Accessible", "Restroom Type": "Both Single-Stall All Gender and Multi-Stall W\/M", "Changing Stations": null, "Additional Notes": null, "Website": null, "Latitude": 40.817353, "Longitude": -73.939034, "Location": "POINT (-73.939034 40.817353)" }, "geometry": { "type": "Point", "coordinates": [ -73.939034, 40.817352999999819 ] } },
{ "type": "Feature", "properties": { "Facility Name": "Hudson River Park Pier 51", "Location Type": "Park", "Operator": "Hudson River Park", "Status": "Operational", "Open": "Year Round", "Hours of Operation": "7:30am - 8pm", "Accessibility": "Fully Accessible", "Restroom Type": null, "Changing Stations": null, "Additional Notes": null, "Website": null, "Latitude": 40.737997, "Longitude": -74.010384, "Location": "POINT (-74.010384 40.737997)" }, "geometry": { "type": "Point", "coordinates": [ -74.010384, 40.737996999999858 ] } },
{ "type": "Feature", "properties": { "Facility Name": "Detective William T. Gunn Playground", "Location Type": "Park", "Operator": "NYC Parks", "Status": "Operational", "Open": "Seasonal", "Hours of Operation": "8am-4pm, Open later seasonally", "Accessibility": "Fully Accessible", "Restroom Type": "Both Single-Stall All Gender and Multi-Stall W\/M", "Changing Stations": null, "Additional Notes": null, "Website": null, "Latitude": 40.732288, "Longitude": -73.731697, "Location": "POINT (-73.731697 40.732288)" }, "geometry": { "type": "Point", "coordinates": [ -73.731697, 40.732287999999862 ] } },
{ "type": "Feature", "properties": { "Facility Name": "Calvert Vaux Park Zone 2", "Location Type": "Park", "Operator": "NYC Parks", "Status": "Operational", "Open": "Year Round", "Hours of Operation": "8am-4pm, Open later seasonally", "Accessibility": "Fully Accessible", "Restroom Type": "Multi-Stall W\/M Restrooms", "Changing Stations": null, "Additional Notes": null, "Website": null, "Latitude": 40.58528, "Longitude": -73.992002, "Location": "POINT (-73.992002 40.58528)" }, "geometry": { "type": "Point", "coordinates": [ -73.992002, 40.585279999999827 ] } },
{ "type": "Feature", "properties": { "Facility Name": "Washington Square Park Western Half", "Location Type": "Park", "Operator": "NYC Parks", "Status": "Operational", "Open": "Year Round", "Hours of Operation": "8am-4pm, Open later seasonally", "Accessibility": "Partially Accessible", "Restroom Type": "Multi-Stall W\/M Restrooms", "Changing Stations": null, "Additional Notes": null, "Website": null, "Latitude": 40.73075, "Longitude": -73.998309, "Location": "POINT (-73.998309 40.73075)" }, "geometry": { "type": "Point", "coordinates": [ -73.998309, 40.730749999999837 ] } },
{ "type": "Feature", "properties": { "Facility Name": "Police Officer Nicholas Demutiis Park", "Location Type": "Park", "Operator": "NYC Parks", "Status": "Operational", "Open": "Year Round", "Hours of Operation": "8am-4pm, Open later seasonally", "Accessibility": "Fully Accessible", "Restroom Type": "Both Single-Stall All Gender and Multi-Stall W\/M", "Changing Stations": null, "Additional Notes": null, "Website": null, "Latitude": 40.681843, "Longitude": -73.839676, "Location": "POINT (-73.839676 40.681843)" }, "geometry": { "type": "Point", "coordinates": [ -73.839676, 40.681842999999823 ] } },
{ "type": "Feature", "properties": { "Facility Name": "Willis Playground", "Location Type": "Park", "Operator": "NYC Parks", "Status": "Operational", "Open": "Year Round", "Hours of Operation": "8am-4pm, Open later seasonally", "Accessibility": "Fully Accessible", "Restroom Type": "Multi-Stall W\/M Restrooms", "Changing Stations": null, "Additional Notes": null, "Website": null, "Latitude": 40.811357, "Longitude": -73.922689, "Location": "POINT (-73.922689 40.811357)" }, "geometry": { "type": "Point", "coordinates": [ -73.922689, 40.811356999999838 ] } },
{ "type": "Feature", "properties": { "Facility Name": "Montbellier Park", "Location Type": "Park", "Operator": "NYC Parks", "Status": "Operational", "Open": "Seasonal", "Hours of Operation": "8am-4pm, Open later seasonally", "Accessibility": "Fully Accessible", "Restroom Type": "Multi-Stall W\/M Restrooms", "Changing Stations": null, "Additional Notes": null, "Website": null, "Latitude": 40.67402, "Longitude": -73.756407, "Location": "POINT (-73.756407 40.67402)" }, "geometry": { "type": "Point", "coordinates": [ -73.756407, 40.674019999999864 ] } },
{ "type": "Feature", "properties": { "Facility Name": "Playground For All Children", "Location Type": "Park", "Operator": "NYC Parks", "Status": "Operational", "Open": "Year Round", "Hours of Operation": "8am-4pm, Open later seasonally", "Accessibility": "Fully Accessible", "Restroom Type": "Multi-Stall W\/M Restrooms", "Changing Stations": null, "Additional Notes": null, "Website": null, "Latitude": 40.848472, "Longitude": -73.825274, "Location": "POINT (-73.825274 40.848472)" }, "geometry": { "type": "Point", "coordinates": [ -73.825274, 40.848471999999845 ] } },
{ "type": "Feature", "properties": { "Facility Name": "Roosevelt Island Library, NYPL", "Location Type": "Library", "Operator": "NYPL", "Status": "Operational", "Open": "Year Round", "Hours of Operation": "Sunday: Closed \nMonday: 10:00 am - 8:00 pm \nTuesday: 10:00 am - 6:00 pm\nWednesday: 10:00 am - 8:00 pm\nThursday: 10:00 am - 6:00 pm\nFriday: 10:00 am - 5:00 pm \nSaturday: 10:00 am - 5:00 pm", "Accessibility": "Fully Accessible", "Restroom Type": "Single-Stall All Gender Restroom(s)", "Changing Stations": "Yes", "Additional Notes": null, "Website": "https:\/\/www.nypl.org\/locations\/roosevelt-island", "Latitude": 40.762333, "Longitude": -73.949446, "Location": "POINT (-73.949446 40.762333)" }, "geometry": { "type": "Point", "coordinates": [ -73.949446, 40.762332999999842 ] } },
{ "type": "Feature", "properties": { "Facility Name": "Gravesend Library, BPL", "Location Type": "Library", "Operator": "BPL", "Status": "Operational", "Open": "Year Round", "Hours of Operation": "Monday\t10 am - 6 pm\nTuesday\t1 pm - 8 pm\nWednesday\t10 am - 6 pm\nThursday\t10 am - 8 pm\nFriday\t10 am - 6 pm\nSaturday\t10 am - 5 pm\nSunday\tCLOSED", "Accessibility": "Fully Accessible", "Restroom Type": "Single-Stall All Gender Restroom(s)", "Changing Stations": "Yes", "Additional Notes": null, "Website": "https:\/\/www.bklynlibrary.org\/locations\/gravesend", "Latitude": 40.590553, "Longitude": -73.97181, "Location": "POINT (-73.97181 40.590553)" }, "geometry": { "type": "Point", "coordinates": [ -73.97181, 40.590552999999836 ] } },
{ "type": "Feature", "properties": { "Facility Name": "Corona Plaza APT", "Location Type": "Public Plaza", "Operator": "NYC DOT\/JCDeceaux", "Status": "Operational", "Open": "Year Round", "Hours of Operation": "8am-8pm", "Accessibility": "Fully Accessible", "Restroom Type": "Single-Stall All Gender Restroom(s)", "Changing Stations": "No", "Additional Notes": "This unit costs $.25 to use.", "Website": "https:\/\/portal.311.nyc.gov\/article\/?kanumber=KA-02226", "Latitude": 40.74965, "Longitude": -73.862638, "Location": "POINT (-73.862638 40.74965)" }, "geometry": { "type": "Point", "coordinates": [ -73.862638, 40.749649999999853 ] } },
{ "type": "Feature", "properties": { "Facility Name": "Bensonhurst Park", "Location Type": "Park", "Operator": "NYC Parks", "Status": "Operational", "Open": "Year Round", "Hours of Operation": "8am-4pm, Open later seasonally", "Accessibility": "Partially Accessible", "Restroom Type": "Multi-Stall W\/M Restrooms", "Changing Stations": null, "Additional Notes": null, "Website": null, "Latitude": 40.597869, "Longitude": -74.000003, "Location": "POINT (-74.000003 40.597869)" }, "geometry": { "type": "Point", "coordinates": [ -74.000003, 40.597868999999847 ] } },
{ "type": "Feature", "properties": { "Facility Name": "Inwood Hill Park Zone 1", "Location Type": "Park", "Operator": "NYC Parks", "Status": "Operational", "Open": "Year Round", "Hours of Operation": "8am-4pm, Open later seasonally", "Accessibility": "Not Accessible", "Restroom Type": "Multi-Stall W\/M Restrooms", "Changing Stations": null, "Additional Notes": null, "Website": null, "Latitude": 40.870299, "Longitude": -73.921423, "Location": "POINT (-73.921423 40.870299)" }, "geometry": { "type": "Point", "coordinates": [ -73.921423, 40.870298999999839 ] } },
{ "type": "Feature", "properties": { "Facility Name": "Mill Basin Library, BPL", "Location Type": "Library", "Operator": "BPL", "Status": "Operational", "Open": "Year Round", "Hours of Operation": "Monday\t10 am - 6 pm\nTuesday\t1 pm - 8 pm\nWednesday\t10 am - 6 pm\nThursday\t10 am - 8 pm\nFriday\t10 am - 6 pm\nSaturday\t10 am - 5 pm\nSunday\tCLOSED", "Accessibility": "Fully Accessible", "Restroom Type": "Single-Stall All Gender Restroom(s)", "Changing Stations": "Yes", "Additional Notes": null, "Website": "https:\/\/www.bklynlibrary.org\/locations\/mill-basin", "Latitude": 40.619877, "Longitude": -73.917023, "Location": "POINT (-73.917023 40.619877)" }, "geometry": { "type": "Point", "coordinates": [ -73.917023, 40.619876999999839 ] } },
{ "type": "Feature", "properties": { "Facility Name": "Claremont Park", "Location Type": "Park", "Operator": "NYC Parks", "Status": "Operational", "Open": "Seasonal", "Hours of Operation": "8am-4pm, Open later seasonally", "Accessibility": "Not Accessible", "Restroom Type": "Multi-Stall W\/M Restrooms", "Changing Stations": null, "Additional Notes": null, "Website": null, "Latitude": 40.814887, "Longitude": -73.962247, "Location": "POINT (-73.962247 40.814887)" }, "geometry": { "type": "Point", "coordinates": [ -73.962247, 40.814886999999835 ] } },
{ "type": "Feature", "properties": { "Facility Name": "Kolbert Playground", "Location Type": "Park", "Operator": "NYC Parks", "Status": "Operational", "Open": "Year Round", "Hours of Operation": "8am-4pm, Open later seasonally", "Accessibility": "Not Accessible", "Restroom Type": "Multi-Stall W\/M Restrooms", "Changing Stations": null, "Additional Notes": null, "Website": null, "Latitude": 40.620351, "Longitude": -73.958039, "Location": "POINT (-73.958039 40.620351)" }, "geometry": { "type": "Point", "coordinates": [ -73.958039, 40.620350999999843 ] } },
{ "type": "Feature", "properties": { "Facility Name": "Delphin H. Greene Playground", "Location Type": "Park", "Operator": "NYC Parks", "Status": "Operational", "Open": "Year Round", "Hours of Operation": "8am-4pm, Open later seasonally", "Accessibility": "Fully Accessible", "Restroom Type": "Both Single-Stall All Gender and Multi-Stall W\/M", "Changing Stations": null, "Additional Notes": null, "Website": null, "Latitude": 40.684651, "Longitude": -73.728665, "Location": "POINT (-73.728665 40.684651)" }, "geometry": { "type": "Point", "coordinates": [ -73.728665, 40.684650999999839 ] } },
{ "type": "Feature", "properties": { "Facility Name": "The Bandshell", "Location Type": "Park", "Operator": "NYC Parks", "Status": "Operational", "Open": "Seasonal", "Hours of Operation": "8am-4pm, Open later seasonally", "Accessibility": "Fully Accessible", "Restroom Type": "Multi-Stall W\/M Restrooms", "Changing Stations": null, "Additional Notes": null, "Website": null, "Latitude": 40.698876, "Longitude": -73.858494, "Location": "POINT (-73.858494 40.698876)" }, "geometry": { "type": "Point", "coordinates": [ -73.858494, 40.698875999999835 ] } },
{ "type": "Feature", "properties": { "Facility Name": "Lincoln Road Playground", "Location Type": "Park", "Operator": "NYC Parks", "Status": "Operational", "Open": "Year Round", "Hours of Operation": "8am-4pm, Open later seasonally", "Accessibility": "Not Accessible", "Restroom Type": "Multi-Stall W\/M Restrooms", "Changing Stations": null, "Additional Notes": null, "Website": null, "Latitude": 40.660477, "Longitude": -73.9636, "Location": "POINT (-73.9636 40.660477)" }, "geometry": { "type": "Point", "coordinates": [ -73.9636, 40.660476999999844 ] } },
{ "type": "Feature", "properties": { "Facility Name": "Hudson Park Library, NYPL", "Location Type": "Library", "Operator": "NYPL", "Status": "Operational", "Open": "Year Round", "Hours of Operation": "Sunday: Closed \nMonday: 10:00 am - 6:00 pm \nTuesday: 10:00 am - 6:00 pm   \nWednesday: 10:00 am - 6:00 pm    \nThursday: 10:00 am - 6:00 pm    \nFriday: 10:00 am - 6:00 pm  \nSaturday: 10:00 am - 5:00 pm", "Accessibility": "Not Accessible", "Restroom Type": "Single-Stall All Gender Restroom(s)", "Changing Stations": "Yes", "Additional Notes": null, "Website": "https:\/\/nypl.org\/locations\/hudson-park", "Latitude": 40.729991, "Longitude": -74.005332, "Location": "POINT (-74.005332 40.729991)" }, "geometry": { "type": "Point", "coordinates": [ -74.005332, 40.729990999999842 ] } },
{ "type": "Feature", "properties": { "Facility Name": "Stone Avenue Library, BPL", "Location Type": "Library", "Operator": "BPL", "Status": "Operational", "Open": "Year Round", "Hours of Operation": "Monday\t10 am - 6 pm\nTuesday\t1 pm - 8 pm\nWednesday\t10 am - 6 pm\nThursday\t10 am - 8 pm\nFriday\t10 am - 6 pm\nSaturday\t10 am - 5 pm\nSunday\tCLOSED", "Accessibility": "Fully Accessible", "Restroom Type": "Both Single-Stall All Gender and Multi-Stall W\/M", "Changing Stations": "Yes", "Additional Notes": null, "Website": "https:\/\/www.bklynlibrary.org\/locations\/stone-avenue", "Latitude": 40.664508, "Longitude": -73.905251, "Location": "POINT (-73.905251 40.664508)" }, "geometry": { "type": "Point", "coordinates": [ -73.905251, 40.664507999999842 ] } },
{ "type": "Feature", "properties": { "Facility Name": "Electric Playground", "Location Type": "Park", "Operator": "NYC Parks", "Status": "Operational", "Open": "Year Round", "Hours of Operation": "8am-4pm, Open later seasonally", "Accessibility": "Not Accessible", "Restroom Type": "Multi-Stall W\/M Restrooms", "Changing Stations": null, "Additional Notes": null, "Website": null, "Latitude": 40.735772, "Longitude": -73.80542, "Location": "POINT (-73.80542 40.735772)" }, "geometry": { "type": "Point", "coordinates": [ -73.80542, 40.735771999999834 ] } },
{ "type": "Feature", "properties": { "Facility Name": "The Big Park", "Location Type": "Park", "Operator": "NYC Parks", "Status": "Operational", "Open": "Year Round", "Hours of Operation": "8am-4pm, Open later seasonally", "Accessibility": "Fully Accessible", "Restroom Type": "Multi-Stall W\/M Restrooms", "Changing Stations": null, "Additional Notes": null, "Website": null, "Latitude": 40.630958, "Longitude": -74.165052, "Location": "POINT (-74.165052 40.630958)" }, "geometry": { "type": "Point", "coordinates": [ -74.165052, 40.630957999999858 ] } },
{ "type": "Feature", "properties": { "Facility Name": "Huguenot Park Library, NYPL", "Location Type": "Library", "Operator": "NYPL", "Status": "Operational", "Open": "Year Round", "Hours of Operation": "Sunday: Closed \nMonday: 10:00 am - 6:00 pm \nTuesday: 10:00 am - 6:00 pm  \nWednesday: 10:00 am - 6:00 pm   \nThursday: 10:00 am - 6:00 pm   \nFriday: 10:00 am - 5:00 pm \nSaturday: 10:00 am - 5:00 pm", "Accessibility": "Fully Accessible", "Restroom Type": "Single-Stall All Gender Restroom(s)", "Changing Stations": "Yes", "Additional Notes": null, "Website": "https:\/\/www.nypl.org\/locations\/huguenot-park", "Latitude": 40.534087, "Longitude": -74.19323, "Location": "POINT (-74.19323 40.534087)" }, "geometry": { "type": "Point", "coordinates": [ -74.19323, 40.534086999999829 ] } },
{ "type": "Feature", "properties": { "Facility Name": "Rudd Playground State Park", "Location Type": "Park", "Operator": "NYC Parks", "Status": "Operational", "Open": "Seasonal", "Hours of Operation": "8am-4pm, Open later seasonally", "Accessibility": "Not Accessible", "Restroom Type": "Multi-Stall W\/M Restrooms", "Changing Stations": null, "Additional Notes": null, "Website": null, "Latitude": 40.683317, "Longitude": -73.904976, "Location": "POINT (-73.904976 40.683317)" }, "geometry": { "type": "Point", "coordinates": [ -73.904976, 40.683316999999832 ] } },
{ "type": "Feature", "properties": { "Facility Name": "Richman (Echo) Park", "Location Type": "Park", "Operator": "NYC Parks", "Status": "Operational", "Open": "Year Round", "Hours of Operation": "8am-4pm, Open later seasonally", "Accessibility": "Fully Accessible", "Restroom Type": "Multi-Stall W\/M Restrooms", "Changing Stations": null, "Additional Notes": null, "Website": null, "Latitude": 40.849578, "Longitude": -73.902072, "Location": "POINT (-73.902072 40.849578)" }, "geometry": { "type": "Point", "coordinates": [ -73.902072, 40.849577999999845 ] } },
{ "type": "Feature", "properties": { "Facility Name": "MacArthur Playground", "Location Type": "Park", "Operator": "NYC Parks", "Status": "Operational", "Open": "Year Round", "Hours of Operation": "8am-4pm, Open later seasonally", "Accessibility": "Fully Accessible", "Restroom Type": "Both Single-Stall All Gender and Multi-Stall W\/M", "Changing Stations": null, "Additional Notes": null, "Website": null, "Latitude": 40.752407, "Longitude": -73.965036, "Location": "POINT (-73.965036 40.752407)" }, "geometry": { "type": "Point", "coordinates": [ -73.965036, 40.752406999999849 ] } },
{ "type": "Feature", "properties": { "Facility Name": "Parkchester Library, NYPL", "Location Type": "Library", "Operator": "NYPL", "Status": "Operational", "Open": "Year Round", "Hours of Operation": "Sunday: Closed \nMonday: 10:00 am - 8:00 pm \nTuesday: 10:00 pm - 8:00 pm \nWednesday: 10:00 am - 8:00 pm \nThursday: 10:00 pm - 8:00 pm \nFriday: 10:00 am - 5:00 pm \nSaturday: 10:00 am - 5:00 pm", "Accessibility": "Fully Accessible", "Restroom Type": "Single-Stall All Gender Restroom(s)", "Changing Stations": "Yes", "Additional Notes": null, "Website": "https:\/\/www.nypl.org\/locations\/parkchester", "Latitude": 40.833789, "Longitude": -73.858351, "Location": "POINT (-73.858351 40.833789)" }, "geometry": { "type": "Point", "coordinates": [ -73.858351, 40.833788999999854 ] } },
{ "type": "Feature", "properties": { "Facility Name": "Van Cortlandt Stables Area", "Location Type": "Park", "Operator": "NYC Parks", "Status": "Operational", "Open": "Year Round", "Hours of Operation": "8am-4pm, Open later seasonally", "Accessibility": "Fully Accessible", "Restroom Type": "Multi-Stall W\/M Restrooms", "Changing Stations": null, "Additional Notes": null, "Website": null, "Latitude": 40.900927, "Longitude": -73.892657, "Location": "POINT (-73.892657 40.900927)" }, "geometry": { "type": "Point", "coordinates": [ -73.892657, 40.900926999999839 ] } },
{ "type": "Feature", "properties": { "Facility Name": "Matthews Muliner Playground", "Location Type": "Park", "Operator": "NYC Parks", "Status": "Operational", "Open": "Year Round", "Hours of Operation": "8am-4pm, Open later seasonally", "Accessibility": "Fully Accessible", "Restroom Type": "Multi-Stall W\/M Restrooms", "Changing Stations": null, "Additional Notes": null, "Website": null, "Latitude": 40.846939, "Longitude": -73.861512, "Location": "POINT (-73.861512 40.846939)" }, "geometry": { "type": "Point", "coordinates": [ -73.861512, 40.846938999999843 ] } },
{ "type": "Feature", "properties": { "Facility Name": "Roy Wilkins Rec Center Zone 2A", "Location Type": "Park", "Operator": "NYC Parks", "Status": "Operational", "Open": "Year Round", "Hours of Operation": "8am-4pm, Open later seasonally", "Accessibility": "Not Accessible", "Restroom Type": "Multi-Stall W\/M Restrooms", "Changing Stations": null, "Additional Notes": null, "Website": null, "Latitude": 40.687662, "Longitude": -73.772534, "Location": "POINT (-73.772534 40.687662)" }, "geometry": { "type": "Point", "coordinates": [ -73.772534, 40.68766199999984 ] } },
{ "type": "Feature", "properties": { "Facility Name": "Hattie Carthan Playground", "Location Type": "Park", "Operator": "NYC Parks", "Status": "Operational", "Open": "Year Round", "Hours of Operation": "8am-4pm, Open later seasonally", "Accessibility": "Not Accessible", "Restroom Type": "Multi-Stall W\/M Restrooms", "Changing Stations": null, "Additional Notes": null, "Website": null, "Latitude": 40.685617, "Longitude": -73.946383, "Location": "POINT (-73.946383 40.685617)" }, "geometry": { "type": "Point", "coordinates": [ -73.946383, 40.685616999999851 ] } },
{ "type": "Feature", "properties": { "Facility Name": "Woodlawn Heights Library, NYPL", "Location Type": "Library", "Operator": "NYPL", "Status": "Operational", "Open": "Year Round", "Hours of Operation": "Sunday: Closed \nMonday: 10:00 am - 7:00 pm \nTuesday: 10:00 pm - 7:00 pm \nWednesday: 10:00 am - 7:00 pm \nThursday: 10:00 pm - 7:00 pm \nFriday: 10:00 am - 5:00 pm \nSaturday: 10:00 am - 5:00 pm", "Accessibility": "Fully Accessible", "Restroom Type": "Single-Stall All Gender Restroom(s)", "Changing Stations": "No", "Additional Notes": null, "Website": "https:\/\/www.nypl.org\/locations\/woodlawn-heights", "Latitude": 40.900448, "Longitude": -73.867943, "Location": "POINT (-73.867943 40.900448)" }, "geometry": { "type": "Point", "coordinates": [ -73.867943, 40.900447999999841 ] } },
{ "type": "Feature", "properties": { "Facility Name": "Heckscher Playground", "Location Type": "Park", "Operator": "NYC Parks", "Status": "Operational", "Open": "Year Round", "Hours of Operation": "8am-4pm, Open later seasonally", "Accessibility": "Fully Accessible", "Restroom Type": "Multi-Stall W\/M Restrooms", "Changing Stations": null, "Additional Notes": null, "Website": null, "Latitude": 40.695101, "Longitude": -73.91863, "Location": "POINT (-73.91863 40.695101)" }, "geometry": { "type": "Point", "coordinates": [ -73.91863, 40.695100999999831 ] } },
{ "type": "Feature", "properties": { "Facility Name": "Frawleys' Run", "Location Type": "Park", "Operator": "Central Park Conservancy", "Status": "Operational", "Open": "Year Round", "Hours of Operation": "7:30am - dusk", "Accessibility": "Fully Accessible", "Restroom Type": "Multi-Stall W\/M Restrooms", "Changing Stations": null, "Additional Notes": null, "Website": null, "Latitude": 40.797071, "Longitude": -73.951458, "Location": "POINT (-73.951458 40.797071)" }, "geometry": { "type": "Point", "coordinates": [ -73.951458, 40.797070999999839 ] } },
{ "type": "Feature", "properties": { "Facility Name": "Susan Smith McKinney Steward Park", "Location Type": "Park", "Operator": "NYC Parks", "Status": "Operational", "Open": "Year Round", "Hours of Operation": "8am-4pm, Open later seasonally", "Accessibility": "Not Accessible", "Restroom Type": "Multi-Stall W\/M Restrooms", "Changing Stations": null, "Additional Notes": null, "Website": null, "Latitude": 40.700773, "Longitude": -73.985472, "Location": "POINT (-73.985472 40.700773)" }, "geometry": { "type": "Point", "coordinates": [ -73.985472, 40.700772999999835 ] } },
{ "type": "Feature", "properties": { "Facility Name": "Newport Playground", "Location Type": "Park", "Operator": "NYC Parks", "Status": "Operational", "Open": "Year Round", "Hours of Operation": "8am-4pm, Open later seasonally", "Accessibility": "Fully Accessible", "Restroom Type": "Multi-Stall W\/M Restrooms", "Changing Stations": null, "Additional Notes": null, "Website": null, "Latitude": 40.660939, "Longitude": -73.906868, "Location": "POINT (-73.906868 40.660939)" }, "geometry": { "type": "Point", "coordinates": [ -73.906868, 40.660938999999843 ] } },
{ "type": "Feature", "properties": { "Facility Name": "Brookville Park Playground", "Location Type": "Park", "Operator": "NYC Parks", "Status": "Operational", "Open": "Year Round", "Hours of Operation": "8am-4pm, Open later seasonally", "Accessibility": "Fully Accessible", "Restroom Type": "Both Single-Stall All Gender and Multi-Stall W\/M", "Changing Stations": null, "Additional Notes": null, "Website": null, "Latitude": 40.662186, "Longitude": -73.742205, "Location": "POINT (-73.742205 40.662186)" }, "geometry": { "type": "Point", "coordinates": [ -73.742205, 40.662185999999842 ] } },
{ "type": "Feature", "properties": { "Facility Name": "Mott Playground", "Location Type": "Park", "Operator": "NYC Parks", "Status": "Operational", "Open": "Year Round", "Hours of Operation": "8am-4pm, Open later seasonally", "Accessibility": "Fully Accessible", "Restroom Type": "Multi-Stall W\/M Restrooms", "Changing Stations": null, "Additional Notes": null, "Website": null, "Latitude": 40.831269, "Longitude": -73.914754, "Location": "POINT (-73.914754 40.831269)" }, "geometry": { "type": "Point", "coordinates": [ -73.914754, 40.831268999999836 ] } },
{ "type": "Feature", "properties": { "Facility Name": "Sheep Meadow", "Location Type": "Park", "Operator": "NYC Parks Concessionaire", "Status": "Operational", "Open": "Year Round", "Hours of Operation": "7:30am - dusk", "Accessibility": "Fully Accessible", "Restroom Type": "Multi-Stall W\/M Restrooms", "Changing Stations": null, "Additional Notes": null, "Website": null, "Latitude": 40.773046, "Longitude": -73.974392, "Location": "POINT (-73.974392 40.773046)" }, "geometry": { "type": "Point", "coordinates": [ -73.974392, 40.773045999999823 ] } },
{ "type": "Feature", "properties": { "Facility Name": "Caserta Playground", "Location Type": "Park", "Operator": "NYC Parks", "Status": "Operational", "Open": "Year Round", "Hours of Operation": "8am-4pm, Open later seasonally", "Accessibility": "Fully Accessible", "Restroom Type": "Multi-Stall W\/M Restrooms", "Changing Stations": null, "Additional Notes": null, "Website": null, "Latitude": 40.837492, "Longitude": -73.853834, "Location": "POINT (-73.853834 40.837492)" }, "geometry": { "type": "Point", "coordinates": [ -73.853834, 40.837491999999834 ] } },
{ "type": "Feature", "properties": { "Facility Name": "Marc And Jason's Playground", "Location Type": "Park", "Operator": "NYC Parks", "Status": "Operational", "Open": "Year Round", "Hours of Operation": "8am-4pm, Open later seasonally", "Accessibility": "Not Accessible", "Restroom Type": "Multi-Stall W\/M Restrooms", "Changing Stations": null, "Additional Notes": null, "Website": null, "Latitude": 40.66349, "Longitude": -73.949905, "Location": "POINT (-73.949905 40.66349)" }, "geometry": { "type": "Point", "coordinates": [ -73.949905, 40.663489999999847 ] } },
{ "type": "Feature", "properties": { "Facility Name": "Hunter Island Picnic Area", "Location Type": "Park", "Operator": "NYC Parks", "Status": "Operational", "Open": "Seasonal", "Hours of Operation": "8am-4pm, Open later seasonally", "Accessibility": "Fully Accessible", "Restroom Type": "Multi-Stall W\/M Restrooms", "Changing Stations": null, "Additional Notes": null, "Website": null, "Latitude": 40.869853, "Longitude": -73.790388, "Location": "POINT (-73.790388 40.869853)" }, "geometry": { "type": "Point", "coordinates": [ -73.790388, 40.869852999999843 ] } },
{ "type": "Feature", "properties": { "Facility Name": "Pfc Norton Playground", "Location Type": "Park", "Operator": "NYC Parks", "Status": "Operational", "Open": "Year Round", "Hours of Operation": "8am-4pm, Open later seasonally", "Accessibility": "Fully Accessible", "Restroom Type": "Multi-Stall W\/M Restrooms", "Changing Stations": null, "Additional Notes": null, "Website": null, "Latitude": 40.614571, "Longitude": -73.944785, "Location": "POINT (-73.944785 40.614571)" }, "geometry": { "type": "Point", "coordinates": [ -73.944785, 40.614570999999827 ] } },
{ "type": "Feature", "properties": { "Facility Name": "L\/CPL Thomas P. Noonan Jr. Playground", "Location Type": "Park", "Operator": "NYC Parks", "Status": "Operational", "Open": "Year Round", "Hours of Operation": "8am-4pm, Open later seasonally", "Accessibility": "Not Accessible", "Restroom Type": "Multi-Stall W\/M Restrooms", "Changing Stations": null, "Additional Notes": null, "Website": null, "Latitude": 40.741077, "Longitude": -73.922385, "Location": "POINT (-73.922385 40.741077)" }, "geometry": { "type": "Point", "coordinates": [ -73.922385, 40.741076999999848 ] } },
{ "type": "Feature", "properties": { "Facility Name": "Midwood Library, BPL", "Location Type": "Library", "Operator": "BPL", "Status": "Operational", "Open": "Year Round", "Hours of Operation": "Monday\t10 am - 6 pm\nTuesday\t1 pm - 8 pm\nWednesday\t10 am - 6 pm\nThursday\t10 am - 8 pm\nFriday\t10 am - 6 pm\nSaturday\t10 am - 5 pm\nSunday\tCLOSED", "Accessibility": "Partially Accessible", "Restroom Type": "Single-Stall All Gender Restroom(s)", "Changing Stations": "Yes", "Additional Notes": null, "Website": "https:\/\/www.bklynlibrary.org\/locations\/midwood", "Latitude": 40.625902, "Longitude": -73.960316, "Location": "POINT (-73.960316 40.625902)" }, "geometry": { "type": "Point", "coordinates": [ -73.960316, 40.625901999999833 ] } },
{ "type": "Feature", "properties": { "Facility Name": "Bushwick Playground", "Location Type": "Park", "Operator": "NYC Parks", "Status": "Operational", "Open": "Year Round", "Hours of Operation": "8am-4pm, Open later seasonally", "Accessibility": "Fully Accessible", "Restroom Type": "Multi-Stall W\/M Restrooms", "Changing Stations": null, "Additional Notes": null, "Website": null, "Latitude": 40.69608, "Longitude": -73.911967, "Location": "POINT (-73.911967 40.69608)" }, "geometry": { "type": "Point", "coordinates": [ -73.911967, 40.696079999999846 ] } },
{ "type": "Feature", "properties": { "Facility Name": "Wolfe's Pond Park Zone 2", "Location Type": "Park", "Operator": "NYC Parks", "Status": "Operational", "Open": "Seasonal", "Hours of Operation": "8am-4pm, Open later seasonally", "Accessibility": "Fully Accessible", "Restroom Type": "Multi-Stall W\/M Restrooms", "Changing Stations": null, "Additional Notes": null, "Website": null, "Latitude": 40.516144, "Longitude": -74.189416, "Location": "POINT (-74.189416 40.516144)" }, "geometry": { "type": "Point", "coordinates": [ -74.189416, 40.516143999999819 ] } },
{ "type": "Feature", "properties": { "Facility Name": "East Springfield Playground", "Location Type": "Park", "Operator": "NYC Parks", "Status": "Operational", "Open": "Year Round", "Hours of Operation": "8am-4pm, Open later seasonally", "Accessibility": "Fully Accessible", "Restroom Type": "Both Single-Stall All Gender and Multi-Stall W\/M", "Changing Stations": null, "Additional Notes": null, "Website": null, "Latitude": 40.698689, "Longitude": -73.739928, "Location": "POINT (-73.739928 40.698689)" }, "geometry": { "type": "Point", "coordinates": [ -73.739928, 40.698688999999838 ] } },
{ "type": "Feature", "properties": { "Facility Name": "Baisley Pond Park Zone 1", "Location Type": "Park", "Operator": "NYC Parks", "Status": "Operational", "Open": "Year Round", "Hours of Operation": "8am-4pm, Open later seasonally", "Accessibility": "Not Accessible", "Restroom Type": "Multi-Stall W\/M Restrooms", "Changing Stations": null, "Additional Notes": null, "Website": null, "Latitude": 40.681399, "Longitude": -73.787225, "Location": "POINT (-73.787225 40.681399)" }, "geometry": { "type": "Point", "coordinates": [ -73.787225, 40.681398999999843 ] } },
{ "type": "Feature", "properties": { "Facility Name": "180 Maiden Lane POPS", "Location Type": "Privately Owned Public Space", "Operator": "Greenberg Traurig, LLP", "Status": "Operational", "Open": "Year Round", "Hours of Operation": "Monday to Saturday:  8:30 am-10:00 pm; Sundays: 10:00 am-7:00 pm.", "Accessibility": "Fully Accessible", "Restroom Type": "Single-Stall All Gender Restroom(s)", "Changing Stations": "No", "Additional Notes": null, "Website": null, "Latitude": 40.705277, "Longitude": -74.005516, "Location": "POINT (-74.005516 40.705277)" }, "geometry": { "type": "Point", "coordinates": [ -74.005516, 40.705276999999832 ] } },
{ "type": "Feature", "properties": { "Facility Name": "Belvedere Castle", "Location Type": "Park", "Operator": "Central Park Conservancy", "Status": "Operational", "Open": "Year Round", "Hours of Operation": "6am - dusk", "Accessibility": "Fully Accessible", "Restroom Type": "Multi-Stall W\/M Restrooms", "Changing Stations": null, "Additional Notes": null, "Website": null, "Latitude": 40.780427, "Longitude": -73.969136, "Location": "POINT (-73.969136 40.780427)" }, "geometry": { "type": "Point", "coordinates": [ -73.969136, 40.780426999999847 ] } },
{ "type": "Feature", "properties": { "Facility Name": "De Matti Park", "Location Type": "Park", "Operator": "NYC Parks", "Status": "Operational", "Open": "Year Round", "Hours of Operation": "8am-4pm, Open later seasonally", "Accessibility": "Fully Accessible", "Restroom Type": "Multi-Stall W\/M Restrooms", "Changing Stations": null, "Additional Notes": null, "Website": null, "Latitude": 40.614748, "Longitude": -74.07392, "Location": "POINT (-74.07392 40.614748)" }, "geometry": { "type": "Point", "coordinates": [ -74.07392, 40.614747999999821 ] } },
{ "type": "Feature", "properties": { "Facility Name": "Coney Island Beach Zone 7c", "Location Type": "Park", "Operator": "NYC Parks", "Status": "Operational", "Open": "Seasonal", "Hours of Operation": "8am-4pm, Open later seasonally", "Accessibility": "Fully Accessible", "Restroom Type": "Multi-Stall W\/M Restrooms", "Changing Stations": null, "Additional Notes": null, "Website": null, "Latitude": 40.571763, "Longitude": -73.998785, "Location": "POINT (-73.998785 40.571763)" }, "geometry": { "type": "Point", "coordinates": [ -73.998785, 40.571762999999827 ] } },
{ "type": "Feature", "properties": { "Facility Name": "Jennifer's Playground", "Location Type": "Park", "Operator": "NYC Parks", "Status": "Operational", "Open": "Year Round", "Hours of Operation": "8am-4pm, Open later seasonally", "Accessibility": "Fully Accessible", "Restroom Type": "Multi-Stall W\/M Restrooms", "Changing Stations": null, "Additional Notes": null, "Website": null, "Latitude": 40.620343, "Longitude": -74.163512, "Location": "POINT (-74.163512 40.620343)" }, "geometry": { "type": "Point", "coordinates": [ -74.163512, 40.620342999999835 ] } },
{ "type": "Feature", "properties": { "Facility Name": "Roebling Playground", "Location Type": "Park", "Operator": "NYC Parks", "Status": "Operational", "Open": "Seasonal", "Hours of Operation": "8am-4pm, Open later seasonally", "Accessibility": "Fully Accessible", "Restroom Type": "Multi-Stall W\/M Restrooms", "Changing Stations": null, "Additional Notes": null, "Website": null, "Latitude": 40.70611, "Longitude": -73.962367, "Location": "POINT (-73.962367 40.70611)" }, "geometry": { "type": "Point", "coordinates": [ -73.962367, 40.70611 ] } },
{ "type": "Feature", "properties": { "Facility Name": "Harvey Playground", "Location Type": "Park", "Operator": "NYC Parks", "Status": "Operational", "Open": "Seasonal", "Hours of Operation": "8am-4pm, Open later seasonally", "Accessibility": "Not Accessible", "Restroom Type": "Multi-Stall W\/M Restrooms", "Changing Stations": null, "Additional Notes": null, "Website": null, "Latitude": 40.782898, "Longitude": -73.823577, "Location": "POINT (-73.823577 40.782898)" }, "geometry": { "type": "Point", "coordinates": [ -73.823577, 40.782897999999861 ] } },
{ "type": "Feature", "properties": { "Facility Name": "Randall Playground", "Location Type": "Park", "Operator": "NYC Parks", "Status": "Operational", "Open": "Year Round", "Hours of Operation": "8am-4pm, Open later seasonally", "Accessibility": "Fully Accessible", "Restroom Type": "Multi-Stall W\/M Restrooms", "Changing Stations": null, "Additional Notes": null, "Website": null, "Latitude": 40.819271, "Longitude": -73.849747, "Location": "POINT (-73.849747 40.819271)" }, "geometry": { "type": "Point", "coordinates": [ -73.849747, 40.819270999999851 ] } },
{ "type": "Feature", "properties": { "Facility Name": "Glenwood Playground", "Location Type": "Park", "Operator": "NYC Parks", "Status": "Operational", "Open": "Year Round", "Hours of Operation": "8am-4pm, Open later seasonally", "Accessibility": "Fully Accessible", "Restroom Type": "Multi-Stall W\/M Restrooms", "Changing Stations": null, "Additional Notes": null, "Website": null, "Latitude": 40.636661, "Longitude": -73.920089, "Location": "POINT (-73.920089 40.636661)" }, "geometry": { "type": "Point", "coordinates": [ -73.920089, 40.63666099999984 ] } },
{ "type": "Feature", "properties": { "Facility Name": "Barretto Point Park", "Location Type": "Park", "Operator": "NYC Parks", "Status": "Operational", "Open": "Year Round", "Hours of Operation": "8am-4pm, Open later seasonally", "Accessibility": "Fully Accessible", "Restroom Type": "Multi-Stall W\/M Restrooms", "Changing Stations": null, "Additional Notes": null, "Website": null, "Latitude": 40.805908, "Longitude": -73.888623, "Location": "POINT (-73.888623 40.805908)" }, "geometry": { "type": "Point", "coordinates": [ -73.888623, 40.805907999999853 ] } },
{ "type": "Feature", "properties": { "Facility Name": "Beach 59th St. Playground", "Location Type": "Park", "Operator": "NYC Parks", "Status": "Operational", "Open": "Year Round", "Hours of Operation": "8am-4pm, Open later seasonally", "Accessibility": "Fully Accessible", "Restroom Type": "Multi-Stall W\/M Restrooms", "Changing Stations": null, "Additional Notes": null, "Website": null, "Latitude": 40.588896, "Longitude": -73.789057, "Location": "POINT (-73.789057 40.588896)" }, "geometry": { "type": "Point", "coordinates": [ -73.789057, 40.588895999999849 ] } },
{ "type": "Feature", "properties": { "Facility Name": "Sheepshead Bay Library, BPL", "Location Type": "Library", "Operator": "BPL", "Status": "Operational", "Open": "Year Round", "Hours of Operation": "Monday\t10 am - 6 pm\nTuesday\t1 pm - 8 pm\nWednesday\t10 am - 6 pm\nThursday\t10 am - 8 pm\nFriday\t10 am - 6 pm\nSaturday\t10 am - 5 pm\nSunday\tCLOSED", "Accessibility": "Partially Accessible", "Restroom Type": "Multi-Stall W\/M Restrooms", "Changing Stations": "No", "Additional Notes": null, "Website": "https:\/\/www.bklynlibrary.org\/locations\/sheepshead-bay", "Latitude": 40.587022, "Longitude": -73.955375, "Location": "POINT (-73.955375 40.587022)" }, "geometry": { "type": "Point", "coordinates": [ -73.955375, 40.587021999999841 ] } },
{ "type": "Feature", "properties": { "Facility Name": "Marcus Garvey Park Zone 1", "Location Type": "Park", "Operator": "NYC Parks", "Status": "Operational", "Open": "Year Round", "Hours of Operation": "8am-4pm, Open later seasonally", "Accessibility": "Fully Accessible", "Restroom Type": "Both Single-Stall All Gender and Multi-Stall W\/M", "Changing Stations": null, "Additional Notes": null, "Website": null, "Latitude": 40.804613, "Longitude": -73.944797, "Location": "POINT (-73.944797 40.804613)" }, "geometry": { "type": "Point", "coordinates": [ -73.944797, 40.804612999999847 ] } },
{ "type": "Feature", "properties": { "Facility Name": "Hoffman Park", "Location Type": "Park", "Operator": "NYC Parks", "Status": "Operational", "Open": "Year Round", "Hours of Operation": "8am-4pm, Open later seasonally", "Accessibility": "Not Accessible", "Restroom Type": "Multi-Stall W\/M Restrooms", "Changing Stations": null, "Additional Notes": null, "Website": null, "Latitude": 40.732977, "Longitude": -73.871532, "Location": "POINT (-73.871532 40.732977)" }, "geometry": { "type": "Point", "coordinates": [ -73.871532, 40.732976999999835 ] } },
{ "type": "Feature", "properties": { "Facility Name": "Nelson Playground", "Location Type": "Park", "Operator": "NYC Parks", "Status": "Operational", "Open": "Year Round", "Hours of Operation": "8am-4pm, Open later seasonally", "Accessibility": "Fully Accessible", "Restroom Type": "Multi-Stall W\/M Restrooms", "Changing Stations": null, "Additional Notes": null, "Website": null, "Latitude": 40.835032, "Longitude": -73.926583, "Location": "POINT (-73.926583 40.835032)" }, "geometry": { "type": "Point", "coordinates": [ -73.926583, 40.835031999999849 ] } },
{ "type": "Feature", "properties": { "Facility Name": "Neufeld Playground", "Location Type": "Park", "Operator": "NYC Parks", "Status": "Operational", "Open": "Year Round", "Hours of Operation": "8am-4pm, Open later seasonally", "Accessibility": "Not Accessible", "Restroom Type": "Multi-Stall W\/M Restrooms", "Changing Stations": null, "Additional Notes": null, "Website": null, "Latitude": 40.783442, "Longitude": -73.984781, "Location": "POINT (-73.984781 40.783442)" }, "geometry": { "type": "Point", "coordinates": [ -73.984781, 40.78344199999983 ] } },
{ "type": "Feature", "properties": { "Facility Name": "53rd Street Library, NYPL", "Location Type": "Library", "Operator": "NYPL", "Status": "Operational", "Open": "Year Round", "Hours of Operation": "Sunday: Closed \nMonday: 11:00 am - 6:00 pm \nTuesday: 11:00 am - 6:00 pm \nWednesday: 11:00 am - 6:00 pm \nThursday: 11:00 am - 6:00 pm \nFriday: 11:00 am - 6:00 pm \nSaturday: 11:00 am - 6:00 pm", "Accessibility": "Fully Accessible", "Restroom Type": "Both Single-Stall All Gender and Multi-Stall W\/M", "Changing Stations": null, "Additional Notes": null, "Website": "https:\/\/www.nypl.org\/locations\/53rd-street", "Latitude": 40.760815, "Longitude": -73.977365, "Location": "POINT (-73.977365 40.760815)" }, "geometry": { "type": "Point", "coordinates": [ -73.977365, 40.760814999999823 ] } },
{ "type": "Feature", "properties": { "Facility Name": "Windsor Terrace Library, BPL", "Location Type": "Library", "Operator": "BPL", "Status": "Operational", "Open": "Year Round", "Hours of Operation": "Monday\t10 am - 6 pm\nTuesday\t1 pm - 8 pm\nWednesday\t10 am - 6 pm\nThursday\t10 am - 8 pm\nFriday\t10 am - 6 pm\nSaturday\t10 am - 5 pm\nSunday\tCLOSED", "Accessibility": "Partially Accessible", "Restroom Type": "Single-Stall All Gender Restroom(s)", "Changing Stations": "Yes", "Additional Notes": null, "Website": "https:\/\/www.bklynlibrary.org\/locations\/windsor-terrace", "Latitude": 40.648758, "Longitude": -73.97676, "Location": "POINT (-73.97676 40.648758)" }, "geometry": { "type": "Point", "coordinates": [ -73.97676, 40.648757999999852 ] } },
{ "type": "Feature", "properties": { "Facility Name": "Triborough Bridge Playground B", "Location Type": "Park", "Operator": "NYC Parks", "Status": "Operational", "Open": "Seasonal", "Hours of Operation": "8am-4pm, Open later seasonally", "Accessibility": "Not Accessible", "Restroom Type": "Multi-Stall W\/M Restrooms", "Changing Stations": null, "Additional Notes": null, "Website": null, "Latitude": 40.774747, "Longitude": -73.923457, "Location": "POINT (-73.923457 40.774747)" }, "geometry": { "type": "Point", "coordinates": [ -73.923457, 40.77474699999982 ] } },
{ "type": "Feature", "properties": { "Facility Name": "Horace Harding Playground", "Location Type": "Park", "Operator": "NYC Parks", "Status": "Operational", "Open": "Seasonal", "Hours of Operation": "8am-4pm, Open later seasonally", "Accessibility": "Not Accessible", "Restroom Type": "Multi-Stall W\/M Restrooms", "Changing Stations": null, "Additional Notes": null, "Website": null, "Latitude": 40.733176, "Longitude": -73.860329, "Location": "POINT (-73.860329 40.733176)" }, "geometry": { "type": "Point", "coordinates": [ -73.860329, 40.733175999999837 ] } },
{ "type": "Feature", "properties": { "Facility Name": "Sternberg Park", "Location Type": "Park", "Operator": "NYC Parks", "Status": "Operational", "Open": "Year Round", "Hours of Operation": "8am-4pm, Open later seasonally", "Accessibility": "Fully Accessible", "Restroom Type": "Multi-Stall W\/M Restrooms", "Changing Stations": null, "Additional Notes": null, "Website": null, "Latitude": 40.705859, "Longitude": -73.947175, "Location": "POINT (-73.947175 40.705859)" }, "geometry": { "type": "Point", "coordinates": [ -73.947175, 40.70585899999984 ] } },
{ "type": "Feature", "properties": { "Facility Name": "Anibal Aviles Playground", "Location Type": "Park", "Operator": "NYC Parks", "Status": "Operational", "Open": "Year Round", "Hours of Operation": "8am-4pm, Open later seasonally", "Accessibility": "Fully Accessible", "Restroom Type": "Multi-Stall W\/M Restrooms", "Changing Stations": null, "Additional Notes": null, "Website": null, "Latitude": 40.801194, "Longitude": -73.962848, "Location": "POINT (-73.962848 40.801194)" }, "geometry": { "type": "Point", "coordinates": [ -73.962848, 40.801193999999853 ] } },
{ "type": "Feature", "properties": { "Facility Name": "The Ramble", "Location Type": "Park", "Operator": "Central Park Conservancy", "Status": "Operational", "Open": "Year Round", "Hours of Operation": "7am - dusk", "Accessibility": "Not Accessible", "Restroom Type": "Multi-Stall W\/M Restrooms", "Changing Stations": null, "Additional Notes": null, "Website": null, "Latitude": 40.778409, "Longitude": -73.967692, "Location": "POINT (-73.967692 40.778409)" }, "geometry": { "type": "Point", "coordinates": [ -73.967692, 40.778408999999833 ] } },
{ "type": "Feature", "properties": { "Facility Name": "Surf Playground", "Location Type": "Park", "Operator": "NYC Parks", "Status": "Operational", "Open": "Year Round", "Hours of Operation": "8am-4pm, Open later seasonally", "Accessibility": "Not Accessible", "Restroom Type": "Multi-Stall W\/M Restrooms", "Changing Stations": null, "Additional Notes": null, "Website": null, "Latitude": 40.573673, "Longitude": -73.99269, "Location": "POINT (-73.99269 40.573673)" }, "geometry": { "type": "Point", "coordinates": [ -73.99269, 40.573672999999829 ] } },
{ "type": "Feature", "properties": { "Facility Name": "Bufano Park", "Location Type": "Park", "Operator": "NYC Parks", "Status": "Operational", "Open": "Year Round", "Hours of Operation": "8am-4pm, Open later seasonally", "Accessibility": "Fully Accessible", "Restroom Type": "Multi-Stall W\/M Restrooms", "Changing Stations": null, "Additional Notes": null, "Website": null, "Latitude": 40.838017, "Longitude": -73.831002, "Location": "POINT (-73.831002 40.838017)" }, "geometry": { "type": "Point", "coordinates": [ -73.831002, 40.83801699999983 ] } },
{ "type": "Feature", "properties": { "Facility Name": "Old Town Playground", "Location Type": "Park", "Operator": "NYC Parks", "Status": "Operational", "Open": "Year Round", "Hours of Operation": "8am-4pm, Open later seasonally", "Accessibility": "Fully Accessible", "Restroom Type": "Multi-Stall W\/M Restrooms", "Changing Stations": null, "Additional Notes": null, "Website": null, "Latitude": 40.595492, "Longitude": -74.081495, "Location": "POINT (-74.081495 40.595492)" }, "geometry": { "type": "Point", "coordinates": [ -74.081495, 40.595491999999837 ] } },
{ "type": "Feature", "properties": { "Facility Name": "Allerton Library, NYPL", "Location Type": "Library", "Operator": "NYPL", "Status": "Operational", "Open": "Year Round", "Hours of Operation": "Sunday: Closed \nMonday: 10:00 am - 6:00 pm \nTuesday: 10:00 am - 6:00 pm\nWednesday: 10:00 am - 6:00 pm\nThursday: 10:00 am - 6:00 pm\nFriday: 10:00 am - 6:00 pm \nSaturday: 10:00 am - 5:00 pm", "Accessibility": "Fully Accessible", "Restroom Type": "Single-Stall All Gender Restroom(s)", "Changing Stations": "Yes", "Additional Notes": null, "Website": "https:\/\/www.nypl.org\/locations\/allerton", "Latitude": 40.866813, "Longitude": -73.863224, "Location": "POINT (-73.863224 40.866813)" }, "geometry": { "type": "Point", "coordinates": [ -73.863224, 40.866812999999844 ] } },
{ "type": "Feature", "properties": { "Facility Name": "Greeley Square Park", "Location Type": "Park", "Operator": "34th Street Partnership", "Status": "Operational", "Open": "Year Round", "Hours of Operation": "8am-9pm", "Accessibility": "Fully Accessible", "Restroom Type": "Multi-Stall All Gender Restrooms", "Changing Stations": null, "Additional Notes": null, "Website": null, "Latitude": 40.748533, "Longitude": -73.98846, "Location": "POINT (-73.98846 40.748533)" }, "geometry": { "type": "Point", "coordinates": [ -73.98846, 40.74853299999986 ] } },
{ "type": "Feature", "properties": { "Facility Name": "Linden Park", "Location Type": "Park", "Operator": "NYC Parks", "Status": "Operational", "Open": "Year Round", "Hours of Operation": "8am-4pm, Open later seasonally", "Accessibility": "Fully Accessible", "Restroom Type": "Multi-Stall W\/M Restrooms", "Changing Stations": null, "Additional Notes": null, "Website": null, "Latitude": 40.658259, "Longitude": -73.88747, "Location": "POINT (-73.88747 40.658259)" }, "geometry": { "type": "Point", "coordinates": [ -73.88747, 40.658258999999838 ] } },
{ "type": "Feature", "properties": { "Facility Name": "Stroud Playground", "Location Type": "Park", "Operator": "NYC Parks", "Status": "Operational", "Open": "Year Round", "Hours of Operation": "8am-4pm, Open later seasonally", "Accessibility": "Not Accessible", "Restroom Type": "Multi-Stall W\/M Restrooms", "Changing Stations": null, "Additional Notes": null, "Website": null, "Latitude": 40.67499, "Longitude": -73.962244, "Location": "POINT (-73.962244 40.67499)" }, "geometry": { "type": "Point", "coordinates": [ -73.962244, 40.674989999999845 ] } },
{ "type": "Feature", "properties": { "Facility Name": "Westchester Square Library, NYPL", "Location Type": "Library", "Operator": "NYPL", "Status": "Operational", "Open": "Year Round", "Hours of Operation": "Sunday: Closed \nMonday: 11:00 am - 7:00 pm \nTuesday: 10:00 pm - 6:00 pm \nWednesday: 11:00 am - 7:00 pm \nThursday: 10:00 pm - 6:00 pm \nFriday: 10:00 am - 5:00 pm \nSaturday: 10:00 am - 5:00 pm", "Accessibility": "Not Accessible", "Restroom Type": "Both Single-Stall All Gender and Multi-Stall W\/M", "Changing Stations": "\"Yes, in single-stall all gender restroom only\"", "Additional Notes": null, "Website": "https:\/\/www.nypl.org\/locations\/westchester-square", "Latitude": 40.840876, "Longitude": -73.846732, "Location": "POINT (-73.846732 40.840876)" }, "geometry": { "type": "Point", "coordinates": [ -73.846732, 40.840875999999845 ] } },
{ "type": "Feature", "properties": { "Facility Name": "Crocheron Park Zone 1", "Location Type": "Park", "Operator": "NYC Parks", "Status": "Operational", "Open": "Year Round", "Hours of Operation": "8am-4pm, Open later seasonally", "Accessibility": "Not Accessible", "Restroom Type": "Multi-Stall W\/M Restrooms", "Changing Stations": null, "Additional Notes": null, "Website": null, "Latitude": 40.772053, "Longitude": -73.769363, "Location": "POINT (-73.769363 40.772053)" }, "geometry": { "type": "Point", "coordinates": [ -73.769363, 40.772052999999858 ] } },
{ "type": "Feature", "properties": { "Facility Name": "Martin Luther King, Jr. Playground", "Location Type": "Park", "Operator": "NYC Parks", "Status": "Operational", "Open": "Year Round", "Hours of Operation": "8am-4pm, Open later seasonally", "Accessibility": "Fully Accessible", "Restroom Type": "Both Single-Stall All Gender and Multi-Stall W\/M", "Changing Stations": null, "Additional Notes": null, "Website": null, "Latitude": 40.800334, "Longitude": -73.950318, "Location": "POINT (-73.950318 40.800334)" }, "geometry": { "type": "Point", "coordinates": [ -73.950318, 40.800333999999836 ] } },
{ "type": "Feature", "properties": { "Facility Name": "Webster Playground", "Location Type": "Park", "Operator": "NYC Parks", "Status": "Operational", "Open": "Year Round", "Hours of Operation": "8am-4pm, Open later seasonally", "Accessibility": "Fully Accessible", "Restroom Type": "Multi-Stall W\/M Restrooms", "Changing Stations": null, "Additional Notes": null, "Website": null, "Latitude": 40.859524, "Longitude": -73.892932, "Location": "POINT (-73.892932 40.859524)" }, "geometry": { "type": "Point", "coordinates": [ -73.892932, 40.85952399999983 ] } },
{ "type": "Feature", "properties": { "Facility Name": "Carroll Park", "Location Type": "Park", "Operator": "NYC Parks", "Status": "Operational", "Open": "Year Round", "Hours of Operation": "8am-4pm, Open later seasonally", "Accessibility": "Not Accessible", "Restroom Type": "Multi-Stall W\/M Restrooms", "Changing Stations": null, "Additional Notes": null, "Website": null, "Latitude": 40.680873, "Longitude": -73.994773, "Location": "POINT (-73.994773 40.680873)" }, "geometry": { "type": "Point", "coordinates": [ -73.994773, 40.680872999999828 ] } },
{ "type": "Feature", "properties": { "Facility Name": "Saw Mill Playground", "Location Type": "Park", "Operator": "NYC Parks", "Status": "Operational", "Open": "Year Round", "Hours of Operation": "8am-4pm, Open later seasonally", "Accessibility": "Fully Accessible", "Restroom Type": "Multi-Stall W\/M Restrooms", "Changing Stations": null, "Additional Notes": null, "Website": null, "Latitude": 40.808919, "Longitude": -73.919313, "Location": "POINT (-73.919313 40.808919)" }, "geometry": { "type": "Point", "coordinates": [ -73.919313, 40.808918999999854 ] } },
{ "type": "Feature", "properties": { "Facility Name": "Fox Playground", "Location Type": "Park", "Operator": "NYC Parks", "Status": "Operational", "Open": "Year Round", "Hours of Operation": "8am-4pm, Open later seasonally", "Accessibility": "Fully Accessible", "Restroom Type": "Multi-Stall W\/M Restrooms", "Changing Stations": null, "Additional Notes": null, "Website": null, "Latitude": 40.63269, "Longitude": -73.923924, "Location": "POINT (-73.923924 40.63269)" }, "geometry": { "type": "Point", "coordinates": [ -73.923924, 40.632689999999826 ] } },
{ "type": "Feature", "properties": { "Facility Name": "Heckscher Playground", "Location Type": "Park", "Operator": "Central Park Conservancy", "Status": "Operational", "Open": "Year Round", "Hours of Operation": "7:30am - dusk", "Accessibility": "Fully Accessible", "Restroom Type": "Multi-Stall W\/M Restrooms", "Changing Stations": null, "Additional Notes": null, "Website": null, "Latitude": 40.768371, "Longitude": -73.977099, "Location": "POINT (-73.977099 40.768371)" }, "geometry": { "type": "Point", "coordinates": [ -73.977099, 40.768370999999853 ] } },
{ "type": "Feature", "properties": { "Facility Name": "Ben Abrams Playground", "Location Type": "Park", "Operator": "NYC Parks", "Status": "Operational", "Open": "Year Round", "Hours of Operation": "8am-4pm, Open later seasonally", "Accessibility": "Fully Accessible", "Restroom Type": "Multi-Stall W\/M Restrooms", "Changing Stations": null, "Additional Notes": null, "Website": null, "Latitude": 40.854383, "Longitude": -73.869675, "Location": "POINT (-73.869675 40.854383)" }, "geometry": { "type": "Point", "coordinates": [ -73.869675, 40.854382999999842 ] } },
{ "type": "Feature", "properties": { "Facility Name": "Pratt Playground", "Location Type": "Park", "Operator": "NYC Parks", "Status": "Operational", "Open": "Year Round", "Hours of Operation": "8am-4pm, Open later seasonally", "Accessibility": "Not Accessible", "Restroom Type": "Multi-Stall W\/M Restrooms", "Changing Stations": null, "Additional Notes": null, "Website": null, "Latitude": 40.692603, "Longitude": -73.962224, "Location": "POINT (-73.962224 40.692603)" }, "geometry": { "type": "Point", "coordinates": [ -73.962224, 40.692602999999849 ] } },
{ "type": "Feature", "properties": { "Facility Name": "Richmondtown Library, NYPL", "Location Type": "Library", "Operator": "NYPL", "Status": "Operational", "Open": "Year Round", "Hours of Operation": "Sunday: Closed \nMonday: 10:00 am - 6:00 pm \nTuesday: 10:00 am - 6:00 pm  \nWednesday: 10:00 am - 6:00 pm   \nThursday: 10:00 am - 6:00 pm   \nFriday: 10:00 am - 5:00 pm \nSaturday: 10:00 am - 5:00 pm", "Accessibility": "Fully Accessible", "Restroom Type": "Single-Stall All Gender Restroom(s)", "Changing Stations": "Yes", "Additional Notes": null, "Website": "https:\/\/www.nypl.org\/locations\/richmondtown", "Latitude": 40.566538, "Longitude": -74.138535, "Location": "POINT (-74.138535 40.566538)" }, "geometry": { "type": "Point", "coordinates": [ -74.138535, 40.566537999999845 ] } },
{ "type": "Feature", "properties": { "Facility Name": "Hoover - Manton Playgrounds", "Location Type": "Park", "Operator": "NYC Parks", "Status": "Operational", "Open": "Year Round", "Hours of Operation": "8am-4pm, Open later seasonally", "Accessibility": "Fully Accessible", "Restroom Type": "Multi-Stall W\/M Restrooms", "Changing Stations": null, "Additional Notes": null, "Website": null, "Latitude": 40.710523, "Longitude": -73.82011, "Location": "POINT (-73.82011 40.710523)" }, "geometry": { "type": "Point", "coordinates": [ -73.82011, 40.710522999999846 ] } },
{ "type": "Feature", "properties": { "Facility Name": "Clove Lakes Park Zone 1", "Location Type": "Park", "Operator": "NYC Parks", "Status": "Operational", "Open": "Seasonal", "Hours of Operation": "8am-4pm, Open later seasonally", "Accessibility": "Not Accessible", "Restroom Type": "Multi-Stall W\/M Restrooms", "Changing Stations": null, "Additional Notes": null, "Website": null, "Latitude": 40.618249, "Longitude": -74.107209, "Location": "POINT (-74.107209 40.618249)" }, "geometry": { "type": "Point", "coordinates": [ -74.107209, 40.618248999999842 ] } },
{ "type": "Feature", "properties": { "Facility Name": "Vinmont Veteran Park", "Location Type": "Park", "Operator": "NYC Parks", "Status": "Operational", "Open": "Year Round", "Hours of Operation": "8am-4pm, Open later seasonally", "Accessibility": "Fully Accessible", "Restroom Type": "Multi-Stall W\/M Restrooms", "Changing Stations": null, "Additional Notes": null, "Website": null, "Latitude": 40.902145, "Longitude": -73.904873, "Location": "POINT (-73.904873 40.902145)" }, "geometry": { "type": "Point", "coordinates": [ -73.904873, 40.902144999999841 ] } },
{ "type": "Feature", "properties": { "Facility Name": "Coney Island Beach Zone 4b", "Location Type": "Park", "Operator": "NYC Parks", "Status": "Operational", "Open": "Seasonal", "Hours of Operation": "8am-4pm, Open later seasonally", "Accessibility": "Fully Accessible", "Restroom Type": "Multi-Stall W\/M Restrooms", "Changing Stations": null, "Additional Notes": null, "Website": null, "Latitude": 40.573409, "Longitude": -73.975894, "Location": "POINT (-73.975894 40.573409)" }, "geometry": { "type": "Point", "coordinates": [ -73.975894, 40.573408999999835 ] } },
{ "type": "Feature", "properties": { "Facility Name": "Willoughby Playground", "Location Type": "Park", "Operator": "NYC Parks", "Status": "Operational", "Open": "Seasonal", "Hours of Operation": "8am-4pm, Open later seasonally", "Accessibility": "Partially Accessible", "Restroom Type": "Multi-Stall W\/M Restrooms", "Changing Stations": null, "Additional Notes": null, "Website": null, "Latitude": 40.694489, "Longitude": -73.946688, "Location": "POINT (-73.946688 40.694489)" }, "geometry": { "type": "Point", "coordinates": [ -73.946688, 40.694488999999834 ] } },
{ "type": "Feature", "properties": { "Facility Name": "Dr. Green Playground", "Location Type": "Park", "Operator": "NYC Parks", "Status": "Operational", "Open": "Year Round", "Hours of Operation": "8am-4pm, Open later seasonally", "Accessibility": "Fully Accessible", "Restroom Type": "Multi-Stall W\/M Restrooms", "Changing Stations": null, "Additional Notes": null, "Website": null, "Latitude": 40.667373, "Longitude": -73.907384, "Location": "POINT (-73.907384 40.667373)" }, "geometry": { "type": "Point", "coordinates": [ -73.907384, 40.667372999999827 ] } },
{ "type": "Feature", "properties": { "Facility Name": "John Golden Park", "Location Type": "Park", "Operator": "NYC Parks", "Status": "Operational", "Open": "Year Round", "Hours of Operation": "8am-4pm, Open later seasonally", "Accessibility": "Not Accessible", "Restroom Type": "Multi-Stall W\/M Restrooms", "Changing Stations": null, "Additional Notes": null, "Website": null, "Latitude": 40.774094, "Longitude": -73.767742, "Location": "POINT (-73.767742 40.774094)" }, "geometry": { "type": "Point", "coordinates": [ -73.767742, 40.774093999999835 ] } },
{ "type": "Feature", "properties": { "Facility Name": "Allerton Fields In Bronx Park", "Location Type": "Park", "Operator": "NYC Parks", "Status": "Operational", "Open": "Year Round", "Hours of Operation": "8am-4pm, Open later seasonally", "Accessibility": "Fully Accessible", "Restroom Type": "Multi-Stall W\/M Restrooms", "Changing Stations": null, "Additional Notes": null, "Website": null, "Latitude": 40.869533, "Longitude": -73.876611, "Location": "POINT (-73.876611 40.869533)" }, "geometry": { "type": "Point", "coordinates": [ -73.876611, 40.869532999999855 ] } },
{ "type": "Feature", "properties": { "Facility Name": "Crown Heights Library, BPL", "Location Type": "Library", "Operator": "BPL", "Status": "Operational", "Open": "Year Round", "Hours of Operation": "Monday\t10 am - 6 pm\nTuesday\t1 pm - 8 pm\nWednesday\t10 am - 6 pm\nThursday\t10 am - 8 pm\nFriday\t10 am - 6 pm\nSaturday\t10 am - 5 pm\nSunday\tCLOSED", "Accessibility": "Fully Accessible", "Restroom Type": "Single-Stall All Gender Restroom(s)", "Changing Stations": "Yes", "Additional Notes": null, "Website": "https:\/\/www.bklynlibrary.org\/locations\/crown-heights", "Latitude": 40.661198, "Longitude": -73.948104, "Location": "POINT (-73.948104 40.661198)" }, "geometry": { "type": "Point", "coordinates": [ -73.948104, 40.66119799999985 ] } },
{ "type": "Feature", "properties": { "Facility Name": "Wingate Park", "Location Type": "Park", "Operator": "NYC Parks", "Status": "Operational", "Open": "Year Round", "Hours of Operation": "8am-4pm, Open later seasonally", "Accessibility": "Not Accessible", "Restroom Type": "Multi-Stall W\/M Restrooms", "Changing Stations": null, "Additional Notes": null, "Website": null, "Latitude": 40.659263, "Longitude": -73.944642, "Location": "POINT (-73.944642 40.659263)" }, "geometry": { "type": "Point", "coordinates": [ -73.944642, 40.659262999999839 ] } },
{ "type": "Feature", "properties": { "Facility Name": "Soundview Park Zone 4", "Location Type": "Park", "Operator": "NYC Parks", "Status": "Operational", "Open": "Year Round", "Hours of Operation": "8am-4pm, Open later seasonally", "Accessibility": "Fully Accessible", "Restroom Type": "Multi-Stall W\/M Restrooms", "Changing Stations": null, "Additional Notes": null, "Website": null, "Latitude": 40.819083, "Longitude": -73.878307, "Location": "POINT (-73.878307 40.819083)" }, "geometry": { "type": "Point", "coordinates": [ -73.878307, 40.819082999999821 ] } },
{ "type": "Feature", "properties": { "Facility Name": "Wards Meadow", "Location Type": "Park", "Operator": "NYC Parks", "Status": "Operational", "Open": "Year Round", "Hours of Operation": "Fall, spring summer: 7am - 9pm. Winter: 7am - 5:30pm", "Accessibility": "Fully Accessible", "Restroom Type": null, "Changing Stations": null, "Additional Notes": null, "Website": null, "Latitude": 40.783076, "Longitude": -73.930757, "Location": "POINT (-73.930757 40.783076)" }, "geometry": { "type": "Point", "coordinates": [ -73.930757, 40.783075999999845 ] } },
{ "type": "Feature", "properties": { "Facility Name": "Fox Park", "Location Type": "Park", "Operator": "NYC Parks", "Status": "Operational", "Open": "Year Round", "Hours of Operation": "8am-4pm, Open later seasonally", "Accessibility": "Fully Accessible", "Restroom Type": "Multi-Stall W\/M Restrooms", "Changing Stations": null, "Additional Notes": null, "Website": null, "Latitude": 40.815141, "Longitude": -73.898529, "Location": "POINT (-73.898529 40.815141)" }, "geometry": { "type": "Point", "coordinates": [ -73.898529, 40.815140999999826 ] } },
{ "type": "Feature", "properties": { "Facility Name": "Breininger Park", "Location Type": "Park", "Operator": "NYC Parks", "Status": "Operational", "Open": "Year Round", "Hours of Operation": "8am-4pm, Open later seasonally", "Accessibility": "Fully Accessible", "Restroom Type": "Both Single-Stall All Gender and Multi-Stall W\/M", "Changing Stations": null, "Additional Notes": null, "Website": null, "Latitude": 40.726032, "Longitude": -73.728898, "Location": "POINT (-73.728898 40.726032)" }, "geometry": { "type": "Point", "coordinates": [ -73.728898, 40.726031999999833 ] } },
{ "type": "Feature", "properties": { "Facility Name": "Clinton Hill Library, BPL", "Location Type": "Library", "Operator": "BPL", "Status": "Operational", "Open": "Year Round", "Hours of Operation": "Monday\t10 am - 6 pm\nTuesday\t1 pm - 8 pm\nWednesday\t10 am - 6 pm\nThursday\t10 am - 8 pm\nFriday\t10 am - 6 pm\nSaturday\t10 am - 5 pm\nSunday\tCLOSED", "Accessibility": "Fully Accessible", "Restroom Type": "Single-Stall All Gender Restroom(s)", "Changing Stations": "Yes", "Additional Notes": null, "Website": "https:\/\/www.bklynlibrary.org\/locations\/clinton-hill", "Latitude": 40.687387, "Longitude": -73.966032, "Location": "POINT (-73.966032 40.687387)" }, "geometry": { "type": "Point", "coordinates": [ -73.966032, 40.687386999999831 ] } },
{ "type": "Feature", "properties": { "Facility Name": "Charybdis Playground", "Location Type": "Park", "Operator": "NYC Parks", "Status": "Operational", "Open": "Seasonal", "Hours of Operation": "8am-4pm, Open later seasonally", "Accessibility": "Fully Accessible", "Restroom Type": "Both Single-Stall All Gender and Multi-Stall W\/M", "Changing Stations": null, "Additional Notes": null, "Website": null, "Latitude": 40.779595, "Longitude": -73.92272, "Location": "POINT (-73.92272 40.779595)" }, "geometry": { "type": "Point", "coordinates": [ -73.92272, 40.779594999999844 ] } },
{ "type": "Feature", "properties": { "Facility Name": "The Ramble", "Location Type": "Park", "Operator": "Central Park Conservancy", "Status": "Operational", "Open": "Year Round", "Hours of Operation": "7:30am - dusk", "Accessibility": "Not Accessible", "Restroom Type": "Multi-Stall W\/M Restrooms", "Changing Stations": null, "Additional Notes": null, "Website": null, "Latitude": 40.775359, "Longitude": -73.968777, "Location": "POINT (-73.968777 40.775359)" }, "geometry": { "type": "Point", "coordinates": [ -73.968777, 40.775358999999852 ] } },
{ "type": "Feature", "properties": { "Facility Name": "Greene Playground", "Location Type": "Park", "Operator": "NYC Parks", "Status": "Operational", "Open": "Year Round", "Hours of Operation": "8am-4pm, Open later seasonally", "Accessibility": "Not Accessible", "Restroom Type": "Multi-Stall W\/M Restrooms", "Changing Stations": null, "Additional Notes": null, "Website": null, "Latitude": 40.686372, "Longitude": -73.96584, "Location": "POINT (-73.96584 40.686372)" }, "geometry": { "type": "Point", "coordinates": [ -73.96584, 40.686371999999842 ] } },
{ "type": "Feature", "properties": { "Facility Name": "Hallets Cove Playground (Area A)", "Location Type": "Park", "Operator": "NYC Parks", "Status": "Operational", "Open": "Year Round", "Hours of Operation": "8am-4pm, Open later seasonally", "Accessibility": "Fully Accessible", "Restroom Type": "Both Single-Stall All Gender and Multi-Stall W\/M", "Changing Stations": null, "Additional Notes": null, "Website": null, "Latitude": 40.771632, "Longitude": -73.934655, "Location": "POINT (-73.934655 40.771632)" }, "geometry": { "type": "Point", "coordinates": [ -73.934655, 40.771631999999833 ] } },
{ "type": "Feature", "properties": { "Facility Name": "Annadale Playground", "Location Type": "Park", "Operator": "NYC Parks", "Status": "Operational", "Open": "Seasonal", "Hours of Operation": "8am-4pm, Open later seasonally", "Accessibility": "Partially Accessible", "Restroom Type": "Multi-Stall W\/M Restrooms", "Changing Stations": null, "Additional Notes": null, "Website": null, "Latitude": 40.731099, "Longitude": -73.851705, "Location": "POINT (-73.851705 40.731099)" }, "geometry": { "type": "Point", "coordinates": [ -73.851705, 40.731098999999844 ] } },
{ "type": "Feature", "properties": { "Facility Name": "Gerritsen Beach Library, BPL", "Location Type": "Library", "Operator": "BPL", "Status": "Operational", "Open": "Year Round", "Hours of Operation": "Monday\t10 am - 6 pm\nTuesday\t1 pm - 8 pm\nWednesday\t10 am - 6 pm\nThursday\t10 am - 8 pm\nFriday\t10 am - 6 pm\nSaturday\t10 am - 5 pm\nSunday\tCLOSED", "Accessibility": "Fully Accessible", "Restroom Type": "Single-Stall All Gender Restroom(s)", "Changing Stations": "Yes", "Additional Notes": null, "Website": "https:\/\/www.bklynlibrary.org\/locations\/gerritsen-beach", "Latitude": 40.591379, "Longitude": -73.923939, "Location": "POINT (-73.923939 40.591379)" }, "geometry": { "type": "Point", "coordinates": [ -73.923939, 40.591378999999833 ] } },
{ "type": "Feature", "properties": { "Facility Name": "Agnes Haywood Playground", "Location Type": "Park", "Operator": "NYC Parks", "Status": "Operational", "Open": "Year Round", "Hours of Operation": "8am-4pm, Open later seasonally", "Accessibility": "Fully Accessible", "Restroom Type": "Multi-Stall W\/M Restrooms", "Changing Stations": null, "Additional Notes": null, "Website": null, "Latitude": 40.880494, "Longitude": -73.861748, "Location": "POINT (-73.861748 40.880494)" }, "geometry": { "type": "Point", "coordinates": [ -73.861748, 40.880493999999842 ] } },
{ "type": "Feature", "properties": { "Facility Name": "Bath Beach Park", "Location Type": "Park", "Operator": "NYC Parks", "Status": "Operational", "Open": "Seasonal", "Hours of Operation": "8am-4pm, Open later seasonally", "Accessibility": "Fully Accessible", "Restroom Type": "Multi-Stall W\/M Restrooms", "Changing Stations": null, "Additional Notes": null, "Website": null, "Latitude": 40.602295, "Longitude": -74.011596, "Location": "POINT (-74.011596 40.602295)" }, "geometry": { "type": "Point", "coordinates": [ -74.011596, 40.602294999999835 ] } },
{ "type": "Feature", "properties": { "Facility Name": "Harry Belafonte 115th Street Library, NYPL", "Location Type": "Library", "Operator": "NYPL", "Status": "Operational", "Open": "Year Round", "Hours of Operation": "Sunday: Closed \nMonday: 11:00 am - 7:00 pm \nTuesday: 11:00 am - 7:00 pm \nWednesday: 11:00 am - 7:00 pm \nThursday: 11:00 am - 7:00 pm \nFriday: 10:00 am - 5:00 pm \nSaturday: 10:00 am - 5:00 pm", "Accessibility": "Fully Accessible", "Restroom Type": "Both Single-Stall All Gender and Multi-Stall W\/M", "Changing Stations": "\"Yes, in single-stall all gender restroom only\"", "Additional Notes": null, "Website": "https:\/\/www.nypl.org\/locations\/115th-street", "Latitude": 40.802988, "Longitude": -73.953532, "Location": "POINT (-73.953532 40.802988)" }, "geometry": { "type": "Point", "coordinates": [ -73.953532, 40.802987999999843 ] } },
{ "type": "Feature", "properties": { "Facility Name": "Twenty-Four Sycamores Park", "Location Type": "Park", "Operator": "NYC Parks", "Status": "Operational", "Open": "Year Round", "Hours of Operation": "8am-4pm, Open later seasonally", "Accessibility": "Fully Accessible", "Restroom Type": "Multi-Stall W\/M Restrooms", "Changing Stations": null, "Additional Notes": null, "Website": null, "Latitude": 40.759419, "Longitude": -73.958863, "Location": "POINT (-73.958863 40.759419)" }, "geometry": { "type": "Point", "coordinates": [ -73.958863, 40.759418999999845 ] } },
{ "type": "Feature", "properties": { "Facility Name": "John J Carty Park", "Location Type": "Park", "Operator": "NYC Parks", "Status": "Operational", "Open": "Year Round", "Hours of Operation": "8am-4pm, Open later seasonally", "Accessibility": "Not Accessible", "Restroom Type": "Multi-Stall W\/M Restrooms", "Changing Stations": null, "Additional Notes": null, "Website": null, "Latitude": 40.614496, "Longitude": -74.029411, "Location": "POINT (-74.029411 40.614496)" }, "geometry": { "type": "Point", "coordinates": [ -74.029411, 40.614495999999839 ] } },
{ "type": "Feature", "properties": { "Facility Name": "Catbird Playground", "Location Type": "Park", "Operator": "NYC Parks", "Status": "Operational", "Open": "Year Round", "Hours of Operation": "8am-4pm, Open later seasonally", "Accessibility": "Fully Accessible", "Restroom Type": "Both Single-Stall All Gender and Multi-Stall W\/M", "Changing Stations": null, "Additional Notes": null, "Website": null, "Latitude": 40.773579, "Longitude": -73.945039, "Location": "POINT (-73.945039 40.773579)" }, "geometry": { "type": "Point", "coordinates": [ -73.945039, 40.773578999999835 ] } },
{ "type": "Feature", "properties": { "Facility Name": "Ella Fitzgerald Playground", "Location Type": "Park", "Operator": "NYC Parks", "Status": "Operational", "Open": "Year Round", "Hours of Operation": "8am-4pm, Open later seasonally", "Accessibility": "Fully Accessible", "Restroom Type": "Both Single-Stall All Gender and Multi-Stall W\/M", "Changing Stations": null, "Additional Notes": null, "Website": null, "Latitude": 40.74473, "Longitude": -73.787536, "Location": "POINT (-73.787536 40.74473)" }, "geometry": { "type": "Point", "coordinates": [ -73.787536, 40.744729999999819 ] } },
{ "type": "Feature", "properties": { "Facility Name": "Mosholu Playground", "Location Type": "Park", "Operator": "NYC Parks", "Status": "Operational", "Open": "Year Round", "Hours of Operation": "8am-4pm, Open later seasonally", "Accessibility": "Fully Accessible", "Restroom Type": "Multi-Stall W\/M Restrooms", "Changing Stations": null, "Additional Notes": null, "Website": null, "Latitude": 40.872655, "Longitude": -73.882856, "Location": "POINT (-73.882856 40.872655)" }, "geometry": { "type": "Point", "coordinates": [ -73.882856, 40.872654999999838 ] } },
{ "type": "Feature", "properties": { "Facility Name": "Central Park Chess & Checkers House", "Location Type": "Park", "Operator": "Central Park Conservancy", "Status": "Operational", "Open": "Year Round", "Hours of Operation": "7:30am - dusk", "Accessibility": "Fully Accessible", "Restroom Type": "Both Single-Stall All Gender and Multi-Stall W\/M", "Changing Stations": null, "Additional Notes": null, "Website": null, "Latitude": 40.769114, "Longitude": -73.974619, "Location": "POINT (-73.974619 40.769114)" }, "geometry": { "type": "Point", "coordinates": [ -73.974619, 40.769113999999824 ] } },
{ "type": "Feature", "properties": { "Facility Name": "Coleman Playground", "Location Type": "Park", "Operator": "NYC Parks", "Status": "Operational", "Open": "Year Round", "Hours of Operation": "8am-4pm, Open later seasonally", "Accessibility": "Not Accessible", "Restroom Type": "Multi-Stall W\/M Restrooms", "Changing Stations": null, "Additional Notes": null, "Website": null, "Latitude": 40.710877, "Longitude": -73.993454, "Location": "POINT (-73.993454 40.710877)" }, "geometry": { "type": "Point", "coordinates": [ -73.993454, 40.710876999999854 ] } },
{ "type": "Feature", "properties": { "Facility Name": "Marcy Library, BPL", "Location Type": "Library", "Operator": "BPL", "Status": "Operational", "Open": "Year Round", "Hours of Operation": "Monday\t10 am - 6 pm\nTuesday\t1 pm - 8 pm\nWednesday\t10 am - 6 pm\nThursday\t10 am - 8 pm\nFriday\t10 am - 6 pm\nSaturday\t10 am - 5 pm\nSunday\tCLOSED", "Accessibility": "Fully Accessible", "Restroom Type": "Single-Stall All Gender Restroom(s)", "Changing Stations": "Yes", "Additional Notes": null, "Website": "https:\/\/www.bklynlibrary.org\/locations\/marcy", "Latitude": 40.691631, "Longitude": -73.951285, "Location": "POINT (-73.951285 40.691631)" }, "geometry": { "type": "Point", "coordinates": [ -73.951285, 40.691630999999838 ] } },
{ "type": "Feature", "properties": { "Facility Name": "New Lots Library, BPL", "Location Type": "Library", "Operator": "BPL", "Status": "Operational", "Open": "Year Round", "Hours of Operation": "Monday\t10 am - 6 pm\nTuesday\t1 pm - 8 pm\nWednesday\t10 am - 6 pm\nThursday\t10 am - 8 pm\nFriday\t10 am - 6 pm\nSaturday\t10 am - 5 pm\nSunday\tCLOSED", "Accessibility": "Fully Accessible", "Restroom Type": "Both Single-Stall All Gender and Multi-Stall W\/M", "Changing Stations": "Yes", "Additional Notes": null, "Website": "https:\/\/www.bklynlibrary.org\/locations\/new-lots", "Latitude": 40.665168, "Longitude": -73.886072, "Location": "POINT (-73.886072 40.665168)" }, "geometry": { "type": "Point", "coordinates": [ -73.886072, 40.665167999999817 ] } },
{ "type": "Feature", "properties": { "Facility Name": "Riverside Library, NYPL", "Location Type": "Library", "Operator": "NYPL", "Status": "Operational", "Open": "Year Round", "Hours of Operation": "Sunday: Closed \nMonday: 10:00 am - 7:00 pm \nTuesday: 10:00 am - 7:00 pm\nWednesday: 10:00 am - 7:00 pm\nThursday: 10:00 am - 7:00 pm\nFriday: 10:00 am - 5:00 pm \nSaturday: 10:00 am - 5:00 pm", "Accessibility": "Fully Accessible", "Restroom Type": null, "Changing Stations": null, "Additional Notes": null, "Website": "https:\/\/www.nypl.org\/locations\/riverside", "Latitude": 40.77424, "Longitude": -73.984514, "Location": "POINT (-73.984514 40.77424)" }, "geometry": { "type": "Point", "coordinates": [ -73.984514, 40.774239999999828 ] } },
{ "type": "Feature", "properties": { "Facility Name": "Adventure Playground", "Location Type": "Park", "Operator": "NYC Parks", "Status": "Operational", "Open": "Year Round", "Hours of Operation": "8am-4pm, Open later seasonally", "Accessibility": "Fully Accessible", "Restroom Type": "Multi-Stall W\/M Restrooms", "Changing Stations": null, "Additional Notes": null, "Website": null, "Latitude": 40.8368, "Longitude": -73.936612, "Location": "POINT (-73.936612 40.8368)" }, "geometry": { "type": "Point", "coordinates": [ -73.936612, 40.836799999999833 ] } },
{ "type": "Feature", "properties": { "Facility Name": "Brooklyn Bridge Park Zone 6", "Location Type": "Park", "Operator": "NYC Parks", "Status": "Operational", "Open": "Year Round", "Hours of Operation": "8am-4pm, Open later seasonally", "Accessibility": "Fully Accessible", "Restroom Type": null, "Changing Stations": null, "Additional Notes": null, "Website": null, "Latitude": 40.692928, "Longitude": -74.001669, "Location": "POINT (-74.001669 40.692928)" }, "geometry": { "type": "Point", "coordinates": [ -74.001669, 40.692927999999839 ] } },
{ "type": "Feature", "properties": { "Facility Name": "Benson Playground", "Location Type": "Park", "Operator": "NYC Parks", "Status": "Operational", "Open": "Year Round", "Hours of Operation": "8am-4pm, Open later seasonally", "Accessibility": "Not Accessible", "Restroom Type": "Multi-Stall W\/M Restrooms", "Changing Stations": null, "Additional Notes": null, "Website": null, "Latitude": 40.602372, "Longitude": -74.002325, "Location": "POINT (-74.002325 40.602372)" }, "geometry": { "type": "Point", "coordinates": [ -74.002325, 40.602371999999846 ] } },
{ "type": "Feature", "properties": { "Facility Name": "Tremont Library, NYPL", "Location Type": "Library", "Operator": "NYPL", "Status": "Operational", "Open": "Year Round", "Hours of Operation": "Sunday: Closed \nMonday: 10:00 am - 6:00 pm \nTuesday: 10:00 pm - 6:00 pm \nWednesday: 10:00 am - 6:00 pm \nThursday: 10:00 pm - 6:00 pm \nFriday: 10:00 am - 6:00 pm \nSaturday: 10:00 am - 5:00 pm", "Accessibility": "Fully Accessible", "Restroom Type": "Single-Stall All Gender Restroom(s)", "Changing Stations": "Yes", "Additional Notes": null, "Website": "https:\/\/www.nypl.org\/locations\/tremont", "Latitude": 40.846054, "Longitude": -73.898351, "Location": "POINT (-73.898351 40.846054)" }, "geometry": { "type": "Point", "coordinates": [ -73.898351, 40.846053999999846 ] } },
{ "type": "Feature", "properties": { "Facility Name": "Franz Sigel Park Zone 1", "Location Type": "Park", "Operator": "NYC Parks", "Status": "Operational", "Open": "Year Round", "Hours of Operation": "8am-4pm, Open later seasonally", "Accessibility": "Fully Accessible", "Restroom Type": "Multi-Stall W\/M Restrooms", "Changing Stations": null, "Additional Notes": null, "Website": null, "Latitude": 40.821366, "Longitude": -73.92599, "Location": "POINT (-73.92599 40.821366)" }, "geometry": { "type": "Point", "coordinates": [ -73.92599, 40.82136599999982 ] } },
{ "type": "Feature", "properties": { "Facility Name": "Seaside Playground", "Location Type": "Park", "Operator": "NYC Parks", "Status": "Operational", "Open": "Year Round", "Hours of Operation": "8am-4pm, Open later seasonally", "Accessibility": "Not Accessible", "Restroom Type": "Multi-Stall W\/M Restrooms", "Changing Stations": null, "Additional Notes": null, "Website": null, "Latitude": 40.58072, "Longitude": -73.83051, "Location": "POINT (-73.83051 40.58072)" }, "geometry": { "type": "Point", "coordinates": [ -73.83051, 40.580719999999836 ] } },
{ "type": "Feature", "properties": { "Facility Name": "Middle Long Meadow", "Location Type": "Park", "Operator": "NYC Parks", "Status": "Operational", "Open": "Year Round", "Hours of Operation": "8am-4pm, Open later seasonally", "Accessibility": "Partially Accessible", "Restroom Type": "Multi-Stall W\/M Restrooms", "Changing Stations": null, "Additional Notes": null, "Website": null, "Latitude": 40.665568, "Longitude": -73.971574, "Location": "POINT (-73.971574 40.665568)" }, "geometry": { "type": "Point", "coordinates": [ -73.971574, 40.665567999999844 ] } },
{ "type": "Feature", "properties": { "Facility Name": "Schomburg Center for Research in Black Culture, NYPL", "Location Type": "Library", "Operator": "NYPL", "Status": "Operational", "Open": "Year Round", "Hours of Operation": "Sunday: Closed \nMonday: 10:00 am - 6:00 pm \nTuesday: 10:00 am - 6:00 pm \nWednesday: 10:00 am - 6:00 pm \nThursday: 10:00 am - 6:00 pm \nFriday: 10:00 am - 6:00 pm  \nSaturday: 10:00 am - 6:00 pm", "Accessibility": "Fully Accessible", "Restroom Type": "Both Single-Stall All Gender and Multi-Stall W\/M", "Changing Stations": "No", "Additional Notes": null, "Website": "https:\/\/www.nypl.org\/locations\/schomburg", "Latitude": 40.814657, "Longitude": -73.940945, "Location": "POINT (-73.940945 40.814657)" }, "geometry": { "type": "Point", "coordinates": [ -73.940945, 40.814656999999841 ] } },
{ "type": "Feature", "properties": { "Facility Name": "Emerald Playground", "Location Type": "Park", "Operator": "NYC Parks", "Status": "Operational", "Open": "Year Round", "Hours of Operation": "8am-4pm, Open later seasonally", "Accessibility": "Not Accessible", "Restroom Type": "Multi-Stall W\/M Restrooms", "Changing Stations": null, "Additional Notes": null, "Website": null, "Latitude": 40.730822, "Longitude": -73.806078, "Location": "POINT (-73.806078 40.730822)" }, "geometry": { "type": "Point", "coordinates": [ -73.806078, 40.730821999999847 ] } },
{ "type": "Feature", "properties": { "Facility Name": "Brigadier General Charles Young Playground", "Location Type": "Park", "Operator": "NYC Parks", "Status": "Operational", "Open": "Year Round", "Hours of Operation": "8am-4pm, Open later seasonally", "Accessibility": "Fully Accessible", "Restroom Type": "Both Single-Stall All Gender and Multi-Stall W\/M", "Changing Stations": null, "Additional Notes": null, "Website": null, "Latitude": 40.819611, "Longitude": -73.936222, "Location": "POINT (-73.936222 40.819611)" }, "geometry": { "type": "Point", "coordinates": [ -73.936222, 40.819610999999867 ] } },
{ "type": "Feature", "properties": { "Facility Name": "Woods Playground", "Location Type": "Park", "Operator": "NYC Parks", "Status": "Operational", "Open": "Seasonal", "Hours of Operation": "8am-4pm, Open later seasonally", "Accessibility": "Not Accessible", "Restroom Type": "Multi-Stall W\/M Restrooms", "Changing Stations": null, "Additional Notes": null, "Website": null, "Latitude": 40.674839, "Longitude": -73.929227, "Location": "POINT (-73.929227 40.674839)" }, "geometry": { "type": "Point", "coordinates": [ -73.929227, 40.674838999999835 ] } },
{ "type": "Feature", "properties": { "Facility Name": "Flynn Playground", "Location Type": "Park", "Operator": "NYC Parks", "Status": "Operational", "Open": "Year Round", "Hours of Operation": "8am-4pm, Open later seasonally", "Accessibility": "Fully Accessible", "Restroom Type": "Multi-Stall W\/M Restrooms", "Changing Stations": null, "Additional Notes": null, "Website": null, "Latitude": 40.820925, "Longitude": -73.911881, "Location": "POINT (-73.911881 40.820925)" }, "geometry": { "type": "Point", "coordinates": [ -73.911881, 40.820924999999825 ] } },
{ "type": "Feature", "properties": { "Facility Name": "Banneker Playground", "Location Type": "Park", "Operator": "NYC Parks", "Status": "Operational", "Open": "Year Round", "Hours of Operation": "8am-4pm, Open later seasonally", "Accessibility": "Fully Accessible", "Restroom Type": "Multi-Stall W\/M Restrooms", "Changing Stations": null, "Additional Notes": null, "Website": null, "Latitude": 40.69069, "Longitude": -73.948793, "Location": "POINT (-73.948793 40.69069)" }, "geometry": { "type": "Point", "coordinates": [ -73.948793, 40.690689999999833 ] } },
{ "type": "Feature", "properties": { "Facility Name": "Jacob H. Schiff Playground", "Location Type": "Park", "Operator": "NYC Parks", "Status": "Operational", "Open": "Year Round", "Hours of Operation": "8am-4pm, Open later seasonally", "Accessibility": "Not Accessible", "Restroom Type": "Multi-Stall W\/M Restrooms", "Changing Stations": null, "Additional Notes": null, "Website": null, "Latitude": 40.820365, "Longitude": -73.952109, "Location": "POINT (-73.952109 40.820365)" }, "geometry": { "type": "Point", "coordinates": [ -73.952109, 40.820364999999846 ] } },
{ "type": "Feature", "properties": { "Facility Name": "Howard Von Dohlen Playground", "Location Type": "Park", "Operator": "NYC Parks", "Status": "Operational", "Open": "Year Round", "Hours of Operation": "8am-4pm, Open later seasonally", "Accessibility": "Fully Accessible", "Restroom Type": "Multi-Stall W\/M Restrooms", "Changing Stations": null, "Additional Notes": null, "Website": null, "Latitude": 40.69965, "Longitude": -73.813089, "Location": "POINT (-73.813089 40.69965)" }, "geometry": { "type": "Point", "coordinates": [ -73.813089, 40.699649999999835 ] } },
{ "type": "Feature", "properties": { "Facility Name": "South Beach Zone 3", "Location Type": "Park", "Operator": "NYC Parks", "Status": "Operational", "Open": "Year Round", "Hours of Operation": "8am-4pm, Open later seasonally", "Accessibility": "Fully Accessible", "Restroom Type": "Multi-Stall W\/M Restrooms", "Changing Stations": null, "Additional Notes": null, "Website": null, "Latitude": 40.579801, "Longitude": -74.075867, "Location": "POINT (-74.075867 40.579801)" }, "geometry": { "type": "Point", "coordinates": [ -74.075867, 40.579800999999847 ] } },
{ "type": "Feature", "properties": { "Facility Name": "Heckscher Playground", "Location Type": "Park", "Operator": "Central Park Conservancy", "Status": "Operational", "Open": "Year Round", "Hours of Operation": "7:30am - dusk", "Accessibility": "Fully Accessible", "Restroom Type": "Multi-Stall W\/M Restrooms", "Changing Stations": null, "Additional Notes": null, "Website": null, "Latitude": 40.768371, "Longitude": -73.977099, "Location": "POINT (-73.977099 40.768371)" }, "geometry": { "type": "Point", "coordinates": [ -73.977099, 40.768370999999853 ] } },
{ "type": "Feature", "properties": { "Facility Name": "Yak Playground", "Location Type": "Park", "Operator": "NYC Parks", "Status": "Operational", "Open": "Year Round", "Hours of Operation": "8am-4pm, Open later seasonally", "Accessibility": "Fully Accessible", "Restroom Type": "Multi-Stall W\/M Restrooms", "Changing Stations": null, "Additional Notes": null, "Website": null, "Latitude": 40.592456, "Longitude": -73.935791, "Location": "POINT (-73.935791 40.592456)" }, "geometry": { "type": "Point", "coordinates": [ -73.935791, 40.592455999999835 ] } },
{ "type": "Feature", "properties": { "Facility Name": "Fort Independence Playground", "Location Type": "Park", "Operator": "NYC Parks", "Status": "Operational", "Open": null, "Hours of Operation": "8am-4pm, Open later seasonally", "Accessibility": "Fully Accessible", "Restroom Type": "Multi-Stall W\/M Restrooms", "Changing Stations": null, "Additional Notes": null, "Website": null, "Latitude": 40.881621, "Longitude": -73.895905, "Location": "POINT (-73.895905 40.881621)" }, "geometry": { "type": "Point", "coordinates": [ -73.895905, 40.881620999999839 ] } },
{ "type": "Feature", "properties": { "Facility Name": "Dyker Beach Park Zone 1", "Location Type": "Park", "Operator": "NYC Parks", "Status": "Operational", "Open": "Year Round", "Hours of Operation": "8am-4pm, Open later seasonally", "Accessibility": "Not Accessible", "Restroom Type": "Multi-Stall W\/M Restrooms", "Changing Stations": null, "Additional Notes": null, "Website": null, "Latitude": 40.605687, "Longitude": -74.01777, "Location": "POINT (-74.01777 40.605687)" }, "geometry": { "type": "Point", "coordinates": [ -74.01777, 40.605686999999847 ] } },
{ "type": "Feature", "properties": { "Facility Name": "Coffey Park Playground", "Location Type": "Park", "Operator": "NYC Parks", "Status": "Operational", "Open": "Year Round", "Hours of Operation": "8am-4pm, Open later seasonally", "Accessibility": "Partially Accessible", "Restroom Type": "Multi-Stall W\/M Restrooms", "Changing Stations": null, "Additional Notes": null, "Website": null, "Latitude": 40.677206, "Longitude": -74.008709, "Location": "POINT (-74.008709 40.677206)" }, "geometry": { "type": "Point", "coordinates": [ -74.008709, 40.677205999999835 ] } },
{ "type": "Feature", "properties": { "Facility Name": "Jefferson Market Library, NYPL", "Location Type": "Library", "Operator": "NYPL", "Status": "Operational", "Open": "Year Round", "Hours of Operation": "Sunday: Closed \nMonday: 10:00 am - 8:00 pm \nTuesday: 10:00 am - 8:00 pm\nWednesday: 10:00 am - 8:00 pm\nThursday: 10:00 am - 8:00 pm\nFriday: 10:00 am - 5:00 pm \nSaturday: 10:00 am - 5:00 pm", "Accessibility": "Fully Accessible", "Restroom Type": "Single-Stall All Gender Restroom(s)", "Changing Stations": "Yes", "Additional Notes": null, "Website": "https:\/\/www.nypl.org\/locations\/jefferson-market", "Latitude": 40.734643, "Longitude": -73.999171, "Location": "POINT (-73.999171 40.734643)" }, "geometry": { "type": "Point", "coordinates": [ -73.999171, 40.734642999999835 ] } },
{ "type": "Feature", "properties": { "Facility Name": "Hudson River Park Pier 83", "Location Type": "Park", "Operator": "Hudson River Park", "Status": "Operational", "Open": "Year Round", "Hours of Operation": "9:30am - 9:30pm", "Accessibility": "Fully Accessible", "Restroom Type": null, "Changing Stations": null, "Additional Notes": null, "Website": null, "Latitude": 40.762739, "Longitude": -74.001471, "Location": "POINT (-74.001471 40.762739)" }, "geometry": { "type": "Point", "coordinates": [ -74.001471, 40.762738999999826 ] } },
{ "type": "Feature", "properties": { "Facility Name": "Castle Hill Playground", "Location Type": "Park", "Operator": "NYC Parks", "Status": "Operational", "Open": "Year Round", "Hours of Operation": "8am-4pm, Open later seasonally", "Accessibility": "Fully Accessible", "Restroom Type": "Multi-Stall W\/M Restrooms", "Changing Stations": null, "Additional Notes": null, "Website": null, "Latitude": 40.839026, "Longitude": -73.852972, "Location": "POINT (-73.852972 40.839026)" }, "geometry": { "type": "Point", "coordinates": [ -73.852972, 40.839025999999834 ] } },
{ "type": "Feature", "properties": { "Facility Name": "Greenpoint Library, BPL", "Location Type": "Library", "Operator": "BPL", "Status": "Operational", "Open": "Year Round", "Hours of Operation": "Monday\t10 am - 6 pm\nTuesday\t1 pm - 8 pm\nWednesday\t10 am - 6 pm\nThursday\t10 am - 8 pm\nFriday\t10 am - 6 pm\nSaturday\t10 am - 5 pm\nSunday\tCLOSED", "Accessibility": "Fully Accessible", "Restroom Type": "Single-Stall All Gender Restroom(s)", "Changing Stations": "Yes", "Additional Notes": null, "Website": "https:\/\/www.bklynlibrary.org\/locations\/greenpoint", "Latitude": 40.726036, "Longitude": -73.950696, "Location": "POINT (-73.950696 40.726036)" }, "geometry": { "type": "Point", "coordinates": [ -73.950696, 40.72603599999983 ] } },
{ "type": "Feature", "properties": { "Facility Name": "Cunningham Park Zone 3", "Location Type": "Park", "Operator": "NYC Parks", "Status": "Operational", "Open": "Year Round", "Hours of Operation": "8am-4pm, Open later seasonally", "Accessibility": "Fully Accessible", "Restroom Type": "Multi-Stall W\/M Restrooms", "Changing Stations": null, "Additional Notes": null, "Website": null, "Latitude": 40.736644, "Longitude": -73.770656, "Location": "POINT (-73.770656 40.736644)" }, "geometry": { "type": "Point", "coordinates": [ -73.770656, 40.736643999999835 ] } },
{ "type": "Feature", "properties": { "Facility Name": "Strawberry Playground", "Location Type": "Park", "Operator": "NYC Parks", "Status": "Operational", "Open": "Year Round", "Hours of Operation": "8am-4pm, Open later seasonally", "Accessibility": "Fully Accessible", "Restroom Type": "Multi-Stall W\/M Restrooms", "Changing Stations": null, "Additional Notes": null, "Website": null, "Latitude": 40.709709, "Longitude": -73.955856, "Location": "POINT (-73.955856 40.709709)" }, "geometry": { "type": "Point", "coordinates": [ -73.955856, 40.70970899999984 ] } },
{ "type": "Feature", "properties": { "Facility Name": "South Beach Library, NYPL", "Location Type": "Library", "Operator": "NYPL", "Status": "Operational", "Open": "Year Round", "Hours of Operation": "Sunday: Closed \nMonday: 11:00 am - 7:00 pm \nTuesday: 11:00 am - 7:00 pm   \nWednesday: 11:00 am - 7:00 pm  \nThursday: 11:00 am - 7:00 pm    \nFriday: 10:00 am - 5:00 pm \nSaturday: 10:00 am - 5:00 pm", "Accessibility": "Fully Accessible", "Restroom Type": "Single-Stall All Gender Restroom(s)", "Changing Stations": "Yes", "Additional Notes": null, "Website": "https:\/\/www.nypl.org\/locations\/south-beach", "Latitude": 40.595811, "Longitude": -74.062982, "Location": "POINT (-74.062982 40.595811)" }, "geometry": { "type": "Point", "coordinates": [ -74.062982, 40.595810999999834 ] } },
{ "type": "Feature", "properties": { "Facility Name": "Peters Field", "Location Type": "Park", "Operator": "NYC Parks", "Status": "Operational", "Open": "Year Round", "Hours of Operation": "8am-4pm, Open later seasonally", "Accessibility": "Not Accessible", "Restroom Type": "Multi-Stall W\/M Restrooms", "Changing Stations": null, "Additional Notes": null, "Website": null, "Latitude": 40.706435, "Longitude": -73.774661, "Location": "POINT (-73.774661 40.706435)" }, "geometry": { "type": "Point", "coordinates": [ -73.774661, 40.706434999999836 ] } },
{ "type": "Feature", "properties": { "Facility Name": "Leonardo Ingravallo Playground", "Location Type": "Park", "Operator": "NYC Parks", "Status": "Operational", "Open": "Year Round", "Hours of Operation": "8am-4pm, Open later seasonally", "Accessibility": "Not Accessible", "Restroom Type": "Multi-Stall W\/M Restrooms", "Changing Stations": null, "Additional Notes": null, "Website": null, "Latitude": 40.775968, "Longitude": -73.817167, "Location": "POINT (-73.817167 40.775968)" }, "geometry": { "type": "Point", "coordinates": [ -73.817167, 40.775967999999835 ] } },
{ "type": "Feature", "properties": { "Facility Name": "875 Third Avenue POPS", "Location Type": "Privately Owned Public Space", "Operator": "Boston Properties Inc.", "Status": "Operational", "Open": "Year Round", "Hours of Operation": "Monday to Saturday: 7:00 am-11:00 pm; Sunday & holidays: 11:00 am-7:00 pm", "Accessibility": "Fully Accessible", "Restroom Type": "Multi-Stall W\/M Restrooms", "Changing Stations": "\"Yes, in women's restroom only\"", "Additional Notes": null, "Website": null, "Latitude": 40.757226, "Longitude": -73.969197, "Location": "POINT (-73.969197 40.757226)" }, "geometry": { "type": "Point", "coordinates": [ -73.969197, 40.757225999999847 ] } },
{ "type": "Feature", "properties": { "Facility Name": "Sumner Playground", "Location Type": "Park", "Operator": "NYC Parks", "Status": "Operational", "Open": "Seasonal", "Hours of Operation": "8am-4pm, Open later seasonally", "Accessibility": "Fully Accessible", "Restroom Type": "Multi-Stall W\/M Restrooms", "Changing Stations": null, "Additional Notes": null, "Website": null, "Latitude": 40.697156, "Longitude": -73.94283, "Location": "POINT (-73.94283 40.697156)" }, "geometry": { "type": "Point", "coordinates": [ -73.94283, 40.697155999999836 ] } },
{ "type": "Feature", "properties": { "Facility Name": "Rappaport Playground", "Location Type": "Park", "Operator": "NYC Parks", "Status": "Operational", "Open": "Year Round", "Hours of Operation": "8am-4pm, Open later seasonally", "Accessibility": "Not Accessible", "Restroom Type": "Multi-Stall W\/M Restrooms", "Changing Stations": null, "Additional Notes": null, "Website": null, "Latitude": 40.636784, "Longitude": -74.000795, "Location": "POINT (-74.000795 40.636784)" }, "geometry": { "type": "Point", "coordinates": [ -74.000795, 40.636783999999814 ] } },
{ "type": "Feature", "properties": { "Facility Name": "Riverbank Playground", "Location Type": "Park", "Operator": "NYC Parks", "Status": "Operational", "Open": "Year Round", "Hours of Operation": "8am-4pm, Open later seasonally", "Accessibility": "Partially Accessible", "Restroom Type": "Multi-Stall W\/M Restrooms", "Changing Stations": null, "Additional Notes": null, "Website": null, "Latitude": 40.825617, "Longitude": -73.953889, "Location": "POINT (-73.953889 40.825617)" }, "geometry": { "type": "Point", "coordinates": [ -73.953889, 40.825616999999838 ] } },
{ "type": "Feature", "properties": { "Facility Name": "Ferry Point Park Zone 2", "Location Type": "Park", "Operator": "NYC Parks", "Status": "Operational", "Open": "Year Round", "Hours of Operation": "8am-4pm, Open later seasonally", "Accessibility": "Fully Accessible", "Restroom Type": "Multi-Stall W\/M Restrooms", "Changing Stations": null, "Additional Notes": null, "Website": null, "Latitude": 40.812005, "Longitude": -73.838561, "Location": "POINT (-73.838561 40.812005)" }, "geometry": { "type": "Point", "coordinates": [ -73.838561, 40.812004999999857 ] } },
{ "type": "Feature", "properties": { "Facility Name": "Jerome Park Library, NYPL", "Location Type": "Library", "Operator": "NYPL", "Status": "Operational", "Open": "Year Round", "Hours of Operation": "Sunday: Closed \nMonday: 10:00 am - 7:00 pm \nTuesday: 10:00 pm - 7:00 pm \nWednesday: 10:00 am - 7:00 pm \nThursday: 10:00 pm - 7:00 pm \nFriday: 10:00 am - 5:00 pm \nSaturday: 10:00 am - 5:00 pm", "Accessibility": "Fully Accessible", "Restroom Type": "Single-Stall All Gender Restroom(s)", "Changing Stations": "Yes", "Additional Notes": null, "Website": "https:\/\/www.nypl.org\/locations\/jerome-park", "Latitude": 40.869078, "Longitude": -73.901194, "Location": "POINT (-73.901194 40.869078)" }, "geometry": { "type": "Point", "coordinates": [ -73.901194, 40.869077999999845 ] } },
{ "type": "Feature", "properties": { "Facility Name": "West New Brighton Library, NYPL", "Location Type": "Library", "Operator": "NYPL", "Status": "Operational", "Open": "Year Round", "Hours of Operation": "Sunday: Closed \nMonday: 11:00 am - 6:00 pm \nTuesday: 11:00 am - 6:00 pm \nWednesday: 11:00 am - 6:00 pm \nThursday: 11:00 am - 6:00 pm \nFriday: 10:00 am - 5:00 pm \nSaturday: 10:00 am - 5:00 pm", "Accessibility": "Fully Accessible", "Restroom Type": "Single-Stall All Gender Restroom(s)", "Changing Stations": "Yes", "Additional Notes": null, "Website": "https:\/\/www.nypl.org\/locations\/west-new-brighton", "Latitude": 40.634517, "Longitude": -74.114823, "Location": "POINT (-74.114823 40.634517)" }, "geometry": { "type": "Point", "coordinates": [ -74.114823, 40.634516999999853 ] } },
{ "type": "Feature", "properties": { "Facility Name": "Alley Springfield Playground", "Location Type": "Park", "Operator": "NYC Parks", "Status": "Operational", "Open": "Year Round", "Hours of Operation": "8am-4pm, Open later seasonally", "Accessibility": "Not Accessible", "Restroom Type": "Multi-Stall W\/M Restrooms", "Changing Stations": null, "Additional Notes": null, "Website": null, "Latitude": 40.741587, "Longitude": -73.748525, "Location": "POINT (-73.748525 40.741587)" }, "geometry": { "type": "Point", "coordinates": [ -73.748525, 40.741586999999832 ] } },
{ "type": "Feature", "properties": { "Facility Name": "Wakefield Playground", "Location Type": "Park", "Operator": "NYC Parks", "Status": "Operational", "Open": "Year Round", "Hours of Operation": "8am-4pm, Open later seasonally", "Accessibility": "Fully Accessible", "Restroom Type": "Multi-Stall W\/M Restrooms", "Changing Stations": null, "Additional Notes": null, "Website": null, "Latitude": 40.901858, "Longitude": -73.854766, "Location": "POINT (-73.854766 40.901858)" }, "geometry": { "type": "Point", "coordinates": [ -73.854766, 40.901857999999848 ] } },
{ "type": "Feature", "properties": { "Facility Name": "Playground One Forty Nine CIL", "Location Type": "Park", "Operator": "NYC Parks", "Status": "Operational", "Open": "Seasonal", "Hours of Operation": "8am-4pm, Open later seasonally", "Accessibility": "Fully Accessible", "Restroom Type": "Both Single-Stall All Gender and Multi-Stall W\/M", "Changing Stations": null, "Additional Notes": null, "Website": null, "Latitude": 40.82591, "Longitude": -73.941282, "Location": "POINT (-73.941282 40.82591)" }, "geometry": { "type": "Point", "coordinates": [ -73.941282, 40.82591 ] } },
{ "type": "Feature", "properties": { "Facility Name": "Ditmars Playground", "Location Type": "Park", "Operator": "NYC Parks", "Status": "Operational", "Open": "Year Round", "Hours of Operation": "8am-4pm, Open later seasonally", "Accessibility": "Partially Accessible", "Restroom Type": "Multi-Stall W\/M Restrooms", "Changing Stations": null, "Additional Notes": null, "Website": null, "Latitude": 40.771561, "Longitude": -73.907325, "Location": "POINT (-73.907325 40.771561)" }, "geometry": { "type": "Point", "coordinates": [ -73.907325, 40.771560999999842 ] } },
{ "type": "Feature", "properties": { "Facility Name": "Big Bush Playground", "Location Type": "Park", "Operator": "NYC Parks", "Status": "Operational", "Open": "Seasonal", "Hours of Operation": "8am-4pm, Open later seasonally", "Accessibility": "Not Accessible", "Restroom Type": "Multi-Stall W\/M Restrooms", "Changing Stations": null, "Additional Notes": null, "Website": null, "Latitude": 40.740247, "Longitude": -73.902657, "Location": "POINT (-73.902657 40.740247)" }, "geometry": { "type": "Point", "coordinates": [ -73.902657, 40.740246999999833 ] } },
{ "type": "Feature", "properties": { "Facility Name": "Harlem Library, NYPL", "Location Type": "Library", "Operator": "NYPL", "Status": "Operational", "Open": "Year Round", "Hours of Operation": "Sunday: Closed \nMonday: 11:00 am - 7:00 pm \nTuesday: 11:00 am - 7:00 pm \nWednesday: 11:00 am - 7:00 pm \nThursday: 11:00 am - 7:00 pm \nFriday: 10:00 am - 5:00 pm \nSaturday: 10:00 am - 5:00 pm", "Accessibility": "Fully Accessible", "Restroom Type": "Single-Stall All Gender Restroom(s)", "Changing Stations": "No", "Additional Notes": null, "Website": "https:\/\/www.nypl.org\/locations\/harlem", "Latitude": 40.806169, "Longitude": -73.943317, "Location": "POINT (-73.943317 40.806169)" }, "geometry": { "type": "Point", "coordinates": [ -73.943317, 40.806168999999848 ] } },
{ "type": "Feature", "properties": { "Facility Name": "Brooklyn Heights Library, BPL", "Location Type": "Library", "Operator": "BPL", "Status": "Operational", "Open": "Year Round", "Hours of Operation": "Monday\t10 am - 6 pm\nTuesday\t1 pm - 8 pm\nWednesday\t10 am - 6 pm\nThursday 10 am - 8 pm\nFriday\t10 am - 6 pm\nSaturday\t10 am - 5 pm\nSunday\tCLOSED", "Accessibility": "Fully Accessible", "Restroom Type": "Both Single-Stall All Gender and Multi-Stall W\/M", "Changing Stations": "Yes", "Additional Notes": null, "Website": "https:\/\/www.bklynlibrary.org\/locations\/brooklyn-heights", "Latitude": 40.695691, "Longitude": -73.991349, "Location": "POINT (-73.991349 40.695691)" }, "geometry": { "type": "Point", "coordinates": [ -73.991349, 40.69569099999984 ] } },
{ "type": "Feature", "properties": { "Facility Name": "Forest Park Tennis Courts", "Location Type": "Park", "Operator": "NYC Parks", "Status": "Operational", "Open": "Seasonal", "Hours of Operation": "8am-4pm, Open later seasonally", "Accessibility": "Fully Accessible", "Restroom Type": "Multi-Stall W\/M Restrooms", "Changing Stations": null, "Additional Notes": null, "Website": null, "Latitude": 40.697171, "Longitude": -73.858126, "Location": "POINT (-73.858126 40.697171)" }, "geometry": { "type": "Point", "coordinates": [ -73.858126, 40.697170999999841 ] } },
{ "type": "Feature", "properties": { "Facility Name": "College Point Blvd Soccer Fields", "Location Type": "Park", "Operator": "NYC Parks", "Status": "Operational", "Open": "Year Round", "Hours of Operation": "8am-4pm, Open later seasonally", "Accessibility": "Fully Accessible", "Restroom Type": "Multi-Stall W\/M Restrooms", "Changing Stations": null, "Additional Notes": null, "Website": null, "Latitude": 40.75101, "Longitude": -73.83382, "Location": "POINT (-73.83382 40.75101)" }, "geometry": { "type": "Point", "coordinates": [ -73.83382, 40.751009999999852 ] } },
{ "type": "Feature", "properties": { "Facility Name": "Pomonok Playground", "Location Type": "Park", "Operator": "NYC Parks", "Status": "Operational", "Open": "Year Round", "Hours of Operation": "8am-4pm, Open later seasonally", "Accessibility": "Not Accessible", "Restroom Type": "Multi-Stall W\/M Restrooms", "Changing Stations": null, "Additional Notes": null, "Website": null, "Latitude": 40.73616, "Longitude": -73.814097, "Location": "POINT (-73.814097 40.73616)" }, "geometry": { "type": "Point", "coordinates": [ -73.814097, 40.736159999999842 ] } },
{ "type": "Feature", "properties": { "Facility Name": "Jackson Pond Playground", "Location Type": "Park", "Operator": "NYC Parks", "Status": "Operational", "Open": "Seasonal", "Hours of Operation": "8am-4pm, Open later seasonally", "Accessibility": "Not Accessible", "Restroom Type": "Multi-Stall W\/M Restrooms", "Changing Stations": null, "Additional Notes": null, "Website": null, "Latitude": 40.701114, "Longitude": -73.842982, "Location": "POINT (-73.842982 40.701114)" }, "geometry": { "type": "Point", "coordinates": [ -73.842982, 40.701113999999841 ] } },
{ "type": "Feature", "properties": { "Facility Name": "Battery Park City Library, NYPL", "Location Type": "Library", "Operator": "NYPL", "Status": "Operational", "Open": "Year Round", "Hours of Operation": "Sunday: Closed \nMonday: 10:00 am - 6:00 pm \nTuesday: 11:00 am - 7:00 pm  \nWednesday: 10:00 am - 6:00 pm   \nThursday: 11:00 am - 7:00 pm   \nFriday: 10:00 am - 5:00 pm \nSaturday: 10:00 am - 5:00 pm", "Accessibility": "Fully Accessible", "Restroom Type": "Single-Stall All Gender Restroom(s)", "Changing Stations": "Yes", "Additional Notes": null, "Website": "https:\/\/www.nypl.org\/locations\/battery-park-city", "Latitude": 40.715699, "Longitude": -74.01575, "Location": "POINT (-74.01575 40.715699)" }, "geometry": { "type": "Point", "coordinates": [ -74.01575, 40.715698999999844 ] } },
{ "type": "Feature", "properties": { "Facility Name": "Conservatory Garden", "Location Type": "Park", "Operator": "Central Park Conservancy", "Status": "Operational", "Open": "Year Round", "Hours of Operation": "8am - dusk", "Accessibility": "Fully Accessible", "Restroom Type": "Multi-Stall W\/M Restrooms", "Changing Stations": null, "Additional Notes": null, "Website": null, "Latitude": 40.794194, "Longitude": -73.952736, "Location": "POINT (-73.952736 40.794194)" }, "geometry": { "type": "Point", "coordinates": [ -73.952736, 40.794193999999841 ] } },
{ "type": "Feature", "properties": { "Facility Name": "Lindower Park Playground", "Location Type": "Park", "Operator": "NYC Parks", "Status": "Operational", "Open": "Year Round", "Hours of Operation": "8am-4pm, Open later seasonally", "Accessibility": "Fully Accessible", "Restroom Type": "Multi-Stall W\/M Restrooms", "Changing Stations": null, "Additional Notes": null, "Website": null, "Latitude": 40.612282, "Longitude": -73.911223, "Location": "POINT (-73.911223 40.612282)" }, "geometry": { "type": "Point", "coordinates": [ -73.911223, 40.612281999999844 ] } },
{ "type": "Feature", "properties": { "Facility Name": "Washington Hall Park", "Location Type": "Park", "Operator": "NYC Parks", "Status": "Operational", "Open": "Year Round", "Hours of Operation": "8am-4pm, Open later seasonally", "Accessibility": "Fully Accessible", "Restroom Type": "Multi-Stall W\/M Restrooms", "Changing Stations": null, "Additional Notes": null, "Website": null, "Latitude": 40.695418, "Longitude": -73.966614, "Location": "POINT (-73.966614 40.695418)" }, "geometry": { "type": "Point", "coordinates": [ -73.966614, 40.69541799999984 ] } },
{ "type": "Feature", "properties": { "Facility Name": "Rockaway Beach 05b", "Location Type": "Park", "Operator": "NYC Parks", "Status": "Operational", "Open": "Seasonal", "Hours of Operation": "8am-4pm, Open later seasonally", "Accessibility": "Not Accessible", "Restroom Type": "Multi-Stall W\/M Restrooms", "Changing Stations": null, "Additional Notes": null, "Website": null, "Latitude": 40.58465, "Longitude": -73.810847, "Location": "POINT (-73.810847 40.58465)" }, "geometry": { "type": "Point", "coordinates": [ -73.810847, 40.584649999999854 ] } },
{ "type": "Feature", "properties": { "Facility Name": "Marie Curie Playground", "Location Type": "Park", "Operator": "NYC Parks", "Status": "Operational", "Open": "Year Round", "Hours of Operation": "8am-4pm, Open later seasonally", "Accessibility": "Fully Accessible", "Restroom Type": "Multi-Stall W\/M Restrooms", "Changing Stations": null, "Additional Notes": null, "Website": null, "Latitude": 40.757089, "Longitude": -73.771511, "Location": "POINT (-73.771511 40.757089)" }, "geometry": { "type": "Point", "coordinates": [ -73.771511, 40.757088999999837 ] } },
{ "type": "Feature", "properties": { "Facility Name": "Judge Moses Weinstein Playground", "Location Type": "Park", "Operator": "NYC Parks", "Status": "Operational", "Open": null, "Hours of Operation": "8am-4pm, Open later seasonally", "Accessibility": "Fully Accessible", "Restroom Type": "Multi-Stall W\/M Restrooms", "Changing Stations": null, "Additional Notes": null, "Website": null, "Latitude": 40.718693, "Longitude": -73.820438, "Location": "POINT (-73.820438 40.718693)" }, "geometry": { "type": "Point", "coordinates": [ -73.820438, 40.718692999999845 ] } },
{ "type": "Feature", "properties": { "Facility Name": "Throg's Neck Library, NYPL", "Location Type": "Library", "Operator": "NYPL", "Status": "Operational", "Open": "Year Round", "Hours of Operation": "Sunday: Closed \nMonday: 10:00 am - 6:00 pm \nTuesday: 10:00 pm - 6:00 pm \nWednesday: 10:00 am - 6:00 pm \nThursday: 10:00 pm - 6:00 pm \nFriday: 10:00 am - 5:00 pm \nSaturday: 10:00 am - 5:00 pm", "Accessibility": "Fully Accessible", "Restroom Type": "Single-Stall All Gender Restroom(s)", "Changing Stations": "No", "Additional Notes": null, "Website": "https:\/\/www.nypl.org\/locations\/throgs-neck", "Latitude": 40.822881, "Longitude": -73.819096, "Location": "POINT (-73.819096 40.822881)" }, "geometry": { "type": "Point", "coordinates": [ -73.819096, 40.822880999999846 ] } },
{ "type": "Feature", "properties": { "Facility Name": "Pilgrim Hill & Conservatory Water", "Location Type": "Park", "Operator": "NYC Parks Concessionaire", "Status": "Operational", "Open": "Year Round", "Hours of Operation": "7:30am - dusk", "Accessibility": "Not Accessible", "Restroom Type": "Multi-Stall W\/M Restrooms", "Changing Stations": null, "Additional Notes": null, "Website": null, "Latitude": 40.773979, "Longitude": -73.966543, "Location": "POINT (-73.966543 40.773979)" }, "geometry": { "type": "Point", "coordinates": [ -73.966543, 40.773978999999848 ] } },
{ "type": "Feature", "properties": { "Facility Name": "Owl's Head Park", "Location Type": "Park", "Operator": "NYC Parks", "Status": "Operational", "Open": "Year Round", "Hours of Operation": "8am-4pm, Open later seasonally", "Accessibility": "Fully Accessible", "Restroom Type": "Multi-Stall W\/M Restrooms", "Changing Stations": null, "Additional Notes": null, "Website": null, "Latitude": 40.639297, "Longitude": -74.031998, "Location": "POINT (-74.031998 40.639297)" }, "geometry": { "type": "Point", "coordinates": [ -74.031998, 40.639296999999829 ] } },
{ "type": "Feature", "properties": { "Facility Name": "Little Island", "Location Type": "Park", "Operator": "Hudson River Park", "Status": "Operational", "Open": "Year Round", "Hours of Operation": "6am - 11pm", "Accessibility": "Fully Accessible", "Restroom Type": null, "Changing Stations": null, "Additional Notes": null, "Website": null, "Latitude": 40.741724, "Longitude": -74.010743, "Location": "POINT (-74.010743 40.741724)" }, "geometry": { "type": "Point", "coordinates": [ -74.010743, 40.741723999999834 ] } },
{ "type": "Feature", "properties": { "Facility Name": "Holcombe Rucker Park", "Location Type": "Park", "Operator": "NYC Parks", "Status": "Operational", "Open": "Year Round", "Hours of Operation": "8am-4pm, Open later seasonally", "Accessibility": "Fully Accessible", "Restroom Type": "Both Single-Stall All Gender and Multi-Stall W\/M", "Changing Stations": null, "Additional Notes": null, "Website": null, "Latitude": 40.829191, "Longitude": -73.936172, "Location": "POINT (-73.936172 40.829191)" }, "geometry": { "type": "Point", "coordinates": [ -73.936172, 40.829190999999845 ] } },
{ "type": "Feature", "properties": { "Facility Name": "Parque De Los Ninos Playground", "Location Type": "Park", "Operator": "NYC Parks", "Status": "Operational", "Open": "Year Round", "Hours of Operation": "8am-4pm, Open later seasonally", "Accessibility": "Fully Accessible", "Restroom Type": "Multi-Stall W\/M Restrooms", "Changing Stations": null, "Additional Notes": null, "Website": null, "Latitude": 40.827144, "Longitude": -73.873724, "Location": "POINT (-73.873724 40.827144)" }, "geometry": { "type": "Point", "coordinates": [ -73.873724, 40.827143999999826 ] } },
{ "type": "Feature", "properties": { "Facility Name": "Greenwood Playground", "Location Type": "Park", "Operator": "NYC Parks", "Status": "Operational", "Open": "Year Round", "Hours of Operation": "8am-4pm, Open later seasonally", "Accessibility": "Not Accessible", "Restroom Type": "Multi-Stall W\/M Restrooms", "Changing Stations": null, "Additional Notes": null, "Website": null, "Latitude": 40.650466, "Longitude": -73.97658, "Location": "POINT (-73.97658 40.650466)" }, "geometry": { "type": "Point", "coordinates": [ -73.97658, 40.650465999999824 ] } },
{ "type": "Feature", "properties": { "Facility Name": "Robert Moses Playground", "Location Type": "Park", "Operator": "NYC Parks", "Status": "Operational", "Open": "Year Round", "Hours of Operation": "8am-4pm, Open later seasonally", "Accessibility": "Fully Accessible", "Restroom Type": "Both Single-Stall All Gender and Multi-Stall W\/M", "Changing Stations": null, "Additional Notes": null, "Website": null, "Latitude": 40.748089, "Longitude": -73.968696, "Location": "POINT (-73.968696 40.748089)" }, "geometry": { "type": "Point", "coordinates": [ -73.968696, 40.748088999999837 ] } },
{ "type": "Feature", "properties": { "Facility Name": "Belmont Playground", "Location Type": "Park", "Operator": "NYC Parks", "Status": "Operational", "Open": "Year Round", "Hours of Operation": "8am-4pm, Open later seasonally", "Accessibility": "Fully Accessible", "Restroom Type": "Multi-Stall W\/M Restrooms", "Changing Stations": null, "Additional Notes": null, "Website": null, "Latitude": 40.850641, "Longitude": -73.887478, "Location": "POINT (-73.887478 40.850641)" }, "geometry": { "type": "Point", "coordinates": [ -73.887478, 40.85064099999984 ] } },
{ "type": "Feature", "properties": { "Facility Name": "Dinosaur Playground", "Location Type": "Park", "Operator": "NYC Parks", "Status": "Operational", "Open": "Year Round", "Hours of Operation": "8am-4pm, Open later seasonally", "Accessibility": "Not Accessible", "Restroom Type": "Multi-Stall W\/M Restrooms", "Changing Stations": null, "Additional Notes": null, "Website": null, "Latitude": 40.796672, "Longitude": -73.975168, "Location": "POINT (-73.975168 40.796672)" }, "geometry": { "type": "Point", "coordinates": [ -73.975168, 40.796671999999845 ] } },
{ "type": "Feature", "properties": { "Facility Name": "Shore Road Park Zone 4", "Location Type": "Park", "Operator": "NYC Parks", "Status": "Operational", "Open": "Year Round", "Hours of Operation": "8am-4pm, Open later seasonally", "Accessibility": "Not Accessible", "Restroom Type": "Multi-Stall W\/M Restrooms", "Changing Stations": null, "Additional Notes": null, "Website": null, "Latitude": 40.611998, "Longitude": -74.035716, "Location": "POINT (-74.035716 40.611998)" }, "geometry": { "type": "Point", "coordinates": [ -74.035716, 40.611997999999836 ] } },
{ "type": "Feature", "properties": { "Facility Name": "Springfield Park North", "Location Type": "Park", "Operator": "NYC Parks", "Status": "Operational", "Open": "Year Round", "Hours of Operation": "8am-4pm, Open later seasonally", "Accessibility": "Fully Accessible", "Restroom Type": "Both Single-Stall All Gender and Multi-Stall W\/M", "Changing Stations": null, "Additional Notes": null, "Website": null, "Latitude": 40.663821, "Longitude": -73.759545, "Location": "POINT (-73.759545 40.663821)" }, "geometry": { "type": "Point", "coordinates": [ -73.759545, 40.663820999999842 ] } },
{ "type": "Feature", "properties": { "Facility Name": "Gravesend Park", "Location Type": "Park", "Operator": "NYC Parks", "Status": "Operational", "Open": "Year Round", "Hours of Operation": "8am-4pm, Open later seasonally", "Accessibility": "Fully Accessible", "Restroom Type": "Multi-Stall W\/M Restrooms", "Changing Stations": null, "Additional Notes": null, "Website": null, "Latitude": 40.623984, "Longitude": -73.984921, "Location": "POINT (-73.984921 40.623984)" }, "geometry": { "type": "Point", "coordinates": [ -73.984921, 40.623983999999844 ] } },
{ "type": "Feature", "properties": { "Facility Name": "Morris Park Library, NYPL", "Location Type": "Library", "Operator": "NYPL", "Status": "Operational", "Open": "Year Round", "Hours of Operation": "Sunday: Closed \nMonday: 10:00 am - 7:00 pm \nTuesday: 10:00 pm - 7:00 pm \nWednesday: 10:00 am - 7:00 pm \nThursday: 10:00 pm - 7:00 pm \nFriday: 10:00 am - 5:00 pm \nSaturday: 10:00 am - 5:00 pm", "Accessibility": "Fully Accessible", "Restroom Type": "Single-Stall All Gender Restroom(s)", "Changing Stations": "Yes", "Additional Notes": null, "Website": "https:\/\/www.nypl.org\/locations\/morris-park", "Latitude": 40.848037, "Longitude": -73.856959, "Location": "POINT (-73.856959 40.848037)" }, "geometry": { "type": "Point", "coordinates": [ -73.856959, 40.848036999999835 ] } },
{ "type": "Feature", "properties": { "Facility Name": "Bleecker Playground", "Location Type": "Park", "Operator": "NYC Parks", "Status": "Operational", "Open": "Year Round", "Hours of Operation": "8am-4pm, Open later seasonally", "Accessibility": "Fully Accessible", "Restroom Type": "Multi-Stall W\/M Restrooms", "Changing Stations": null, "Additional Notes": null, "Website": null, "Latitude": 40.736361, "Longitude": -74.005567, "Location": "POINT (-74.005567 40.736361)" }, "geometry": { "type": "Point", "coordinates": [ -74.005567, 40.736360999999839 ] } },
{ "type": "Feature", "properties": { "Facility Name": "Raymond OConnor Park", "Location Type": "Park", "Operator": "NYC Parks", "Status": "Operational", "Open": "Year Round", "Hours of Operation": "8am-4pm, Open later seasonally", "Accessibility": "Fully Accessible", "Restroom Type": "Both Single-Stall All Gender and Multi-Stall W\/M", "Changing Stations": null, "Additional Notes": null, "Website": null, "Latitude": 40.771005, "Longitude": -73.779037, "Location": "POINT (-73.779037 40.771005)" }, "geometry": { "type": "Point", "coordinates": [ -73.779037, 40.771004999999832 ] } },
{ "type": "Feature", "properties": { "Facility Name": "High Bridge Library, NYPL", "Location Type": "Library", "Operator": "NYPL", "Status": "Operational", "Open": "Year Round", "Hours of Operation": "Sunday: Closed \nMonday: 10:00 am - 7:00 pm \nTuesday: 10:00 pm - 7:00 pm \nWednesday: 10:00 am - 7:00 pm \nThursday: 10:00 pm - 7:00 pm \nFriday: 10:00 am - 6:00 pm \nSaturday: 10:00 am - 5:00 pm", "Accessibility": "Fully Accessible", "Restroom Type": "Single-Stall All Gender Restroom(s)", "Changing Stations": "Yes", "Additional Notes": null, "Website": "https:\/\/www.nypl.org\/locations\/high-bridge", "Latitude": 40.837968, "Longitude": -73.923552, "Location": "POINT (-73.923552 40.837968)" }, "geometry": { "type": "Point", "coordinates": [ -73.923552, 40.837967999999833 ] } },
{ "type": "Feature", "properties": { "Facility Name": "Abigail Playground", "Location Type": "Park", "Operator": "NYC Parks", "Status": "Operational", "Open": "Year Round", "Hours of Operation": "8am-4pm, Open later seasonally", "Accessibility": "Fully Accessible", "Restroom Type": "Multi-Stall W\/M Restrooms", "Changing Stations": null, "Additional Notes": null, "Website": null, "Latitude": 40.817324, "Longitude": -73.904836, "Location": "POINT (-73.904836 40.817324)" }, "geometry": { "type": "Point", "coordinates": [ -73.904836, 40.817323999999836 ] } },
{ "type": "Feature", "properties": { "Facility Name": "Playground One Fifty Two CLII", "Location Type": "Park", "Operator": "NYC Parks", "Status": "Operational", "Open": "Year Round", "Hours of Operation": "8am-4pm, Open later seasonally", "Accessibility": "Fully Accessible", "Restroom Type": "Both Single-Stall All Gender and Multi-Stall W\/M", "Changing Stations": null, "Additional Notes": null, "Website": null, "Latitude": 40.827946, "Longitude": -73.939952, "Location": "POINT (-73.939952 40.827946)" }, "geometry": { "type": "Point", "coordinates": [ -73.939952, 40.827945999999834 ] } },
{ "type": "Feature", "properties": { "Facility Name": "Park Of The Americas", "Location Type": "Park", "Operator": "NYC Parks", "Status": "Operational", "Open": "Year Round", "Hours of Operation": "8am-4pm, Open later seasonally", "Accessibility": "Not Accessible", "Restroom Type": "Multi-Stall W\/M Restrooms", "Changing Stations": null, "Additional Notes": null, "Website": null, "Latitude": 40.748954, "Longitude": -73.861779, "Location": "POINT (-73.861779 40.748954)" }, "geometry": { "type": "Point", "coordinates": [ -73.861779, 40.748953999999834 ] } },
{ "type": "Feature", "properties": { "Facility Name": "Captain Mario Fajardo Park", "Location Type": "Park", "Operator": "NYC Parks", "Status": "Operational", "Open": "Year Round", "Hours of Operation": "8am-4pm, Open later seasonally", "Accessibility": "Not Accessible", "Restroom Type": "Multi-Stall W\/M Restrooms", "Changing Stations": null, "Additional Notes": null, "Website": null, "Latitude": 40.743495, "Longitude": -73.814815, "Location": "POINT (-73.814815 40.743495)" }, "geometry": { "type": "Point", "coordinates": [ -73.814815, 40.743494999999832 ] } },
{ "type": "Feature", "properties": { "Facility Name": "Spuyten Duyvil Library, NYPL", "Location Type": "Library", "Operator": "NYPL", "Status": "Operational", "Open": "Year Round", "Hours of Operation": "Sunday: Closed \nMonday: 10:00 am - 6:00 pm \nTuesday: 10:00 pm - 6:00 pm \nWednesday: 10:00 am - 6:00 pm \nThursday: 10:00 pm - 6:00 pm \nFriday: 10:00 am - 5:00 pm \nSaturday: 10:00 am - 5:00 pm", "Accessibility": "Partially Accessible", "Restroom Type": "Single-Stall All Gender Restroom(s)", "Changing Stations": "Yes", "Additional Notes": null, "Website": "https:\/\/www.nypl.org\/locations\/spuyten-duyvil", "Latitude": 40.886294, "Longitude": -73.914652, "Location": "POINT (-73.914652 40.886294)" }, "geometry": { "type": "Point", "coordinates": [ -73.914652, 40.88629399999985 ] } },
{ "type": "Feature", "properties": { "Facility Name": "805 Third Avenue POPS", "Location Type": "Privately Owned Public Space", "Operator": "Cohen Brothers Real Estate Development Corporation", "Status": "Operational", "Open": "Year Round", "Hours of Operation": "Monday to Friday: 8:00 am-7:00 pm", "Accessibility": "Fully Accessible", "Restroom Type": "Multi-Stall W\/M Restrooms", "Changing Stations": "No", "Additional Notes": null, "Website": null, "Latitude": 40.755396, "Longitude": -73.970541, "Location": "POINT (-73.970541 40.755396)" }, "geometry": { "type": "Point", "coordinates": [ -73.970541, 40.755395999999834 ] } },
{ "type": "Feature", "properties": { "Facility Name": "Triassic Playground", "Location Type": "Park", "Operator": "NYC Parks", "Status": "Operational", "Open": "Seasonal", "Hours of Operation": "8am-4pm, Open later seasonally", "Accessibility": "Not Accessible", "Restroom Type": "Multi-Stall W\/M Restrooms", "Changing Stations": null, "Additional Notes": null, "Website": null, "Latitude": 40.73001, "Longitude": -73.835105, "Location": "POINT (-73.835105 40.73001)" }, "geometry": { "type": "Point", "coordinates": [ -73.835105, 40.730009999999844 ] } },
{ "type": "Feature", "properties": { "Facility Name": "American Playground", "Location Type": "Park", "Operator": "NYC Parks", "Status": "Operational", "Open": "Year Round", "Hours of Operation": "8am-4pm, Open later seasonally", "Accessibility": "Fully Accessible", "Restroom Type": "Multi-Stall W\/M Restrooms", "Changing Stations": null, "Additional Notes": null, "Website": null, "Latitude": 40.72874, "Longitude": -73.957634, "Location": "POINT (-73.957634 40.72874)" }, "geometry": { "type": "Point", "coordinates": [ -73.957634, 40.728739999999846 ] } },
{ "type": "Feature", "properties": { "Facility Name": "Pierrepont Playground", "Location Type": "Park", "Operator": "NYC Parks", "Status": "Operational", "Open": "Year Round", "Hours of Operation": "8am-4pm, Open later seasonally", "Accessibility": "Not Accessible", "Restroom Type": "Multi-Stall W\/M Restrooms", "Changing Stations": null, "Additional Notes": null, "Website": null, "Latitude": 40.696354, "Longitude": -73.997607, "Location": "POINT (-73.997607 40.696354)" }, "geometry": { "type": "Point", "coordinates": [ -73.997607, 40.696353999999836 ] } },
{ "type": "Feature", "properties": { "Facility Name": "Fort Washington Park Zone 4", "Location Type": "Park", "Operator": "NYC Parks", "Status": "Operational", "Open": "Year Round", "Hours of Operation": "8am-4pm, Open later seasonally", "Accessibility": "Not Accessible", "Restroom Type": "Multi-Stall W\/M Restrooms", "Changing Stations": null, "Additional Notes": null, "Website": null, "Latitude": 40.868463, "Longitude": -73.93125, "Location": "POINT (-73.93125 40.868463)" }, "geometry": { "type": "Point", "coordinates": [ -73.93125, 40.868462999999856 ] } },
{ "type": "Feature", "properties": { "Facility Name": "Flatlands Library, BPL", "Location Type": "Library", "Operator": "BPL", "Status": "Operational", "Open": "Year Round", "Hours of Operation": "Monday\t10 am - 6 pm\nTuesday\t1 pm - 8 pm\nWednesday\t10 am - 6 pm\nThursday\t10 am - 8 pm\nFriday\t10 am - 6 pm\nSaturday\t10 am - 5 pm\nSunday\tCLOSED", "Accessibility": "Fully Accessible", "Restroom Type": "Single-Stall All Gender Restroom(s)", "Changing Stations": "Yes", "Additional Notes": null, "Website": "https:\/\/www.bklynlibrary.org\/locations\/flatlands", "Latitude": 40.619776, "Longitude": -73.933215, "Location": "POINT (-73.933215 40.619776)" }, "geometry": { "type": "Point", "coordinates": [ -73.933215, 40.619775999999838 ] } },
{ "type": "Feature", "properties": { "Facility Name": "Captain William Harry Thompson Playground", "Location Type": "Park", "Operator": "NYC Parks", "Status": "Operational", "Open": "Year Round", "Hours of Operation": "8am-4pm, Open later seasonally", "Accessibility": "Fully Accessible", "Restroom Type": "Multi-Stall W\/M Restrooms", "Changing Stations": null, "Additional Notes": null, "Website": null, "Latitude": 40.834327, "Longitude": -73.877894, "Location": "POINT (-73.877894 40.834327)" }, "geometry": { "type": "Point", "coordinates": [ -73.877894, 40.834326999999845 ] } },
{ "type": "Feature", "properties": { "Facility Name": "Russell Sage Playground", "Location Type": "Park", "Operator": "NYC Parks", "Status": "Operational", "Open": "Year Round", "Hours of Operation": "8am-4pm, Open later seasonally", "Accessibility": "Not Accessible", "Restroom Type": "Multi-Stall W\/M Restrooms", "Changing Stations": null, "Additional Notes": null, "Website": null, "Latitude": 40.72396, "Longitude": -73.851646, "Location": "POINT (-73.851646 40.72396)" }, "geometry": { "type": "Point", "coordinates": [ -73.851646, 40.723959999999842 ] } },
{ "type": "Feature", "properties": { "Facility Name": "City Line Park", "Location Type": "Park", "Operator": "NYC Parks", "Status": "Operational", "Open": "Seasonal", "Hours of Operation": "8am-4pm, Open later seasonally", "Accessibility": "Fully Accessible", "Restroom Type": "Multi-Stall W\/M Restrooms", "Changing Stations": null, "Additional Notes": null, "Website": null, "Latitude": 40.67953, "Longitude": -73.876243, "Location": "POINT (-73.876243 40.67953)" }, "geometry": { "type": "Point", "coordinates": [ -73.876243, 40.679529999999851 ] } },
{ "type": "Feature", "properties": { "Facility Name": "Evergreen Park", "Location Type": "Park", "Operator": "NYC Parks", "Status": "Operational", "Open": "Year Round", "Hours of Operation": "8am-4pm, Open later seasonally", "Accessibility": "Not Accessible", "Restroom Type": "Multi-Stall W\/M Restrooms", "Changing Stations": null, "Additional Notes": null, "Website": null, "Latitude": 40.697049, "Longitude": -73.896392, "Location": "POINT (-73.896392 40.697049)" }, "geometry": { "type": "Point", "coordinates": [ -73.896392, 40.697048999999836 ] } },
{ "type": "Feature", "properties": { "Facility Name": "East Flatbush Library, BPL", "Location Type": "Library", "Operator": "BPL", "Status": "Operational", "Open": "Year Round", "Hours of Operation": "Monday\t10 am - 6 pm\nTuesday\t1 pm - 8 pm\nWednesday\t10 am - 6 pm\nThursday\t10 am - 8 pm\nFriday\t10 am - 6 pm\nSaturday\t10 am - 5 pm\nSunday\tCLOSED", "Accessibility": "Fully Accessible", "Restroom Type": "Single-Stall All Gender Restroom(s)", "Changing Stations": "Yes", "Additional Notes": null, "Website": "https:\/\/www.bklynlibrary.org\/locations\/east-flatbush", "Latitude": 40.655719, "Longitude": -73.914942, "Location": "POINT (-73.914942 40.655719)" }, "geometry": { "type": "Point", "coordinates": [ -73.914942, 40.655718999999827 ] } },
{ "type": "Feature", "properties": { "Facility Name": "Josephine Caminiti Playground", "Location Type": "Park", "Operator": "NYC Parks", "Status": "Operational", "Open": "Year Round", "Hours of Operation": "8am-4pm, Open later seasonally", "Accessibility": "Not Accessible", "Restroom Type": "Multi-Stall W\/M Restrooms", "Changing Stations": null, "Additional Notes": null, "Website": null, "Latitude": 40.743795, "Longitude": -73.861554, "Location": "POINT (-73.861554 40.743795)" }, "geometry": { "type": "Point", "coordinates": [ -73.861554, 40.743794999999828 ] } },
{ "type": "Feature", "properties": { "Facility Name": "Dongan Playground", "Location Type": "Park", "Operator": "NYC Parks", "Status": "Operational", "Open": "Year Round", "Hours of Operation": "8am-4pm, Open later seasonally", "Accessibility": "Fully Accessible", "Restroom Type": "Multi-Stall W\/M Restrooms", "Changing Stations": null, "Additional Notes": null, "Website": null, "Latitude": 40.582812, "Longitude": -74.089834, "Location": "POINT (-74.089834 40.582812)" }, "geometry": { "type": "Point", "coordinates": [ -74.089834, 40.582811999999841 ] } },
{ "type": "Feature", "properties": { "Facility Name": "Dr. Charles R. Drew Park", "Location Type": "Park", "Operator": "NYC Parks", "Status": "Operational", "Open": "Seasonal", "Hours of Operation": "8am-4pm, Open later seasonally", "Accessibility": "Not Accessible", "Restroom Type": "Multi-Stall W\/M Restrooms", "Changing Stations": null, "Additional Notes": null, "Website": null, "Latitude": 40.680215, "Longitude": -73.802383, "Location": "POINT (-73.802383 40.680215)" }, "geometry": { "type": "Point", "coordinates": [ -73.802383, 40.680214999999841 ] } },
{ "type": "Feature", "properties": { "Facility Name": "Gen. Douglas MacArthur Park", "Location Type": "Park", "Operator": "NYC Parks", "Status": "Operational", "Open": "Year Round", "Hours of Operation": "8am-4pm, Open later seasonally", "Accessibility": "Fully Accessible", "Restroom Type": "Multi-Stall W\/M Restrooms", "Changing Stations": null, "Additional Notes": null, "Website": null, "Latitude": 40.58593, "Longitude": -74.100791, "Location": "POINT (-74.100791 40.58593)" }, "geometry": { "type": "Point", "coordinates": [ -74.100791, 40.58593 ] } },
{ "type": "Feature", "properties": { "Facility Name": "Nautilus Playground", "Location Type": "Park", "Operator": "NYC Parks", "Status": "Operational", "Open": null, "Hours of Operation": "8am-4pm, Open later seasonally", "Accessibility": "Not Accessible", "Restroom Type": "Multi-Stall W\/M Restrooms", "Changing Stations": null, "Additional Notes": null, "Website": null, "Latitude": 40.684648, "Longitude": -73.770251, "Location": "POINT (-73.770251 40.684648)" }, "geometry": { "type": "Point", "coordinates": [ -73.770251, 40.684647999999846 ] } },
{ "type": "Feature", "properties": { "Facility Name": "Bay Terrace Playground", "Location Type": "Park", "Operator": "NYC Parks", "Status": "Operational", "Open": "Year Round", "Hours of Operation": "8am-4pm, Open later seasonally", "Accessibility": "Not Accessible", "Restroom Type": "Multi-Stall W\/M Restrooms", "Changing Stations": null, "Additional Notes": null, "Website": null, "Latitude": 40.782441, "Longitude": -73.777276, "Location": "POINT (-73.777276 40.782441)" }, "geometry": { "type": "Point", "coordinates": [ -73.777276, 40.782440999999835 ] } },
{ "type": "Feature", "properties": { "Facility Name": "Scylla Playground", "Location Type": "Park", "Operator": "NYC Parks", "Status": "Operational", "Open": "Year Round", "Hours of Operation": "Fall, spring summer: 7am - 9pm. Winter: 7am - 5:30pm", "Accessibility": "Fully Accessible", "Restroom Type": null, "Changing Stations": null, "Additional Notes": null, "Website": null, "Latitude": 40.783722, "Longitude": -73.926221, "Location": "POINT (-73.926221 40.783722)" }, "geometry": { "type": "Point", "coordinates": [ -73.926221, 40.783721999999841 ] } },
{ "type": "Feature", "properties": { "Facility Name": "61 West 62nd Street POPS", "Location Type": "Privately Owned Public Space", "Operator": "Lincoln Center for the Performing Arts", "Status": "Operational", "Open": "Year Round", "Hours of Operation": "Monday to Friday: 8:00 am-10:00 pm; Saturday & Sunday: 9:00 am-10:00 pm", "Accessibility": "Fully Accessible", "Restroom Type": "Single-Stall All Gender Restroom(s)", "Changing Stations": "Yes", "Additional Notes": "Located within the David Rubenstein Atrium at Lincoln Center.", "Website": null, "Latitude": 40.771123, "Longitude": -73.982838, "Location": "POINT (-73.982838 40.771123)" }, "geometry": { "type": "Point", "coordinates": [ -73.982838, 40.771122999999854 ] } },
{ "type": "Feature", "properties": { "Facility Name": "Vleigh Playground", "Location Type": "Park", "Operator": "NYC Parks", "Status": "Operational", "Open": "Year Round", "Hours of Operation": "8am-4pm, Open later seasonally", "Accessibility": "Not Accessible", "Restroom Type": "Multi-Stall W\/M Restrooms", "Changing Stations": null, "Additional Notes": null, "Website": null, "Latitude": 40.729857, "Longitude": -73.816234, "Location": "POINT (-73.816234 40.729857)" }, "geometry": { "type": "Point", "coordinates": [ -73.816234, 40.729856999999832 ] } },
{ "type": "Feature", "properties": { "Facility Name": "Russell Pedersen Playground", "Location Type": "Park", "Operator": "NYC Parks", "Status": "Operational", "Open": "Seasonal", "Hours of Operation": "8am-4pm, Open later seasonally", "Accessibility": "Not Accessible", "Restroom Type": "Multi-Stall W\/M Restrooms", "Changing Stations": null, "Additional Notes": null, "Website": null, "Latitude": 40.62642, "Longitude": -74.03634, "Location": "POINT (-74.03634 40.62642)" }, "geometry": { "type": "Point", "coordinates": [ -74.03634, 40.62642 ] } },
{ "type": "Feature", "properties": { "Facility Name": "Angelo Campanaro Playground", "Location Type": "Park", "Operator": "NYC Parks", "Status": "Operational", "Open": "Year Round", "Hours of Operation": "8am-4pm, Open later seasonally", "Accessibility": "Fully Accessible", "Restroom Type": "Multi-Stall W\/M Restrooms", "Changing Stations": null, "Additional Notes": null, "Website": null, "Latitude": 40.867904, "Longitude": -73.842368, "Location": "POINT (-73.842368 40.867904)" }, "geometry": { "type": "Point", "coordinates": [ -73.842368, 40.867903999999839 ] } },
{ "type": "Feature", "properties": { "Facility Name": "Austin J. McDonald Playground", "Location Type": "Park", "Operator": "NYC Parks", "Status": "Operational", "Open": "Year Round", "Hours of Operation": "8am-4pm, Open later seasonally", "Accessibility": "Fully Accessible", "Restroom Type": "Multi-Stall W\/M Restrooms", "Changing Stations": null, "Additional Notes": null, "Website": null, "Latitude": 40.629525, "Longitude": -74.115108, "Location": "POINT (-74.115108 40.629525)" }, "geometry": { "type": "Point", "coordinates": [ -74.115108, 40.629524999999838 ] } },
{ "type": "Feature", "properties": { "Facility Name": "96th Street Library, NYPL", "Location Type": "Library", "Operator": "NYPL", "Status": "Operational", "Open": "Year Round", "Hours of Operation": "Sunday: Closed \nMonday: 10:00 am - 7:00 pm \nTuesday: 10:00 am - 7:00 pm \nWednesday: 10:00 am - 7:00 pm \nThursday: 10:00 am - 7:00 pm \nFriday: 10:00 am - 5:00 pm \nSaturday: 10:00 am - 5:00 pm", "Accessibility": "Partially Accessible", "Restroom Type": "Single-Stall All Gender Restroom(s)", "Changing Stations": "Yes", "Additional Notes": null, "Website": "https:\/\/www.nypl.org\/locations\/96th-street", "Latitude": 40.785968, "Longitude": -73.951807, "Location": "POINT (-73.951807 40.785968)" }, "geometry": { "type": "Point", "coordinates": [ -73.951807, 40.785967999999833 ] } },
{ "type": "Feature", "properties": { "Facility Name": "Stanley Isaacs Playground", "Location Type": "Park", "Operator": "NYC Parks", "Status": "Operational", "Open": "Seasonal", "Hours of Operation": "8am-4pm, Open later seasonally", "Accessibility": "Fully Accessible", "Restroom Type": "Both Single-Stall All Gender and Multi-Stall W\/M", "Changing Stations": null, "Additional Notes": null, "Website": null, "Latitude": 40.782933, "Longitude": -73.944561, "Location": "POINT (-73.944561 40.782933)" }, "geometry": { "type": "Point", "coordinates": [ -73.944561, 40.782932999999836 ] } },
{ "type": "Feature", "properties": { "Facility Name": "Fairview Park Zone 1", "Location Type": "Park", "Operator": "NYC Parks", "Status": "Operational", "Open": "Year Round", "Hours of Operation": "8am-4pm, Open later seasonally", "Accessibility": "Fully Accessible", "Restroom Type": "Multi-Stall W\/M Restrooms", "Changing Stations": null, "Additional Notes": null, "Website": null, "Latitude": 40.531652, "Longitude": -74.232599, "Location": "POINT (-74.232599 40.531652)" }, "geometry": { "type": "Point", "coordinates": [ -74.232599, 40.531651999999823 ] } },
{ "type": "Feature", "properties": { "Facility Name": "Beach 30th St. Playground", "Location Type": "Park", "Operator": "NYC Parks", "Status": "Operational", "Open": "Year Round", "Hours of Operation": "8am-4pm, Open later seasonally", "Accessibility": "Fully Accessible", "Restroom Type": "Multi-Stall W\/M Restrooms", "Changing Stations": null, "Additional Notes": null, "Website": null, "Latitude": 40.592435, "Longitude": -73.76265, "Location": "POINT (-73.76265 40.592435)" }, "geometry": { "type": "Point", "coordinates": [ -73.76265, 40.592434999999838 ] } },
{ "type": "Feature", "properties": { "Facility Name": "Dry Harbor Playground", "Location Type": "Park", "Operator": "NYC Parks", "Status": "Operational", "Open": "Year Round", "Hours of Operation": "8am-4pm, Open later seasonally", "Accessibility": "Not Accessible", "Restroom Type": "Multi-Stall W\/M Restrooms", "Changing Stations": null, "Additional Notes": null, "Website": null, "Latitude": 40.70232, "Longitude": -73.868145, "Location": "POINT (-73.868145 40.70232)" }, "geometry": { "type": "Point", "coordinates": [ -73.868145, 40.702319999999851 ] } },
{ "type": "Feature", "properties": { "Facility Name": "Sgt. William Dougherty Playground", "Location Type": "Park", "Operator": "NYC Parks", "Status": "Operational", "Open": "Year Round", "Hours of Operation": "8am-4pm, Open later seasonally", "Accessibility": "Fully Accessible", "Restroom Type": "Multi-Stall W\/M Restrooms", "Changing Stations": null, "Additional Notes": null, "Website": null, "Latitude": 40.723531, "Longitude": -73.936951, "Location": "POINT (-73.936951 40.723531)" }, "geometry": { "type": "Point", "coordinates": [ -73.936951, 40.723530999999824 ] } },
{ "type": "Feature", "properties": { "Facility Name": "Murray Playground", "Location Type": "Park", "Operator": "NYC Parks", "Status": "Operational", "Open": "Year Round", "Hours of Operation": "8am-4pm, Open later seasonally", "Accessibility": "Fully Accessible", "Restroom Type": "Both Single-Stall All Gender and Multi-Stall W\/M", "Changing Stations": null, "Additional Notes": null, "Website": null, "Latitude": 40.747259, "Longitude": -73.948932, "Location": "POINT (-73.948932 40.747259)" }, "geometry": { "type": "Point", "coordinates": [ -73.948932, 40.747258999999829 ] } },
{ "type": "Feature", "properties": { "Facility Name": "Pacific Library, BPL", "Location Type": "Library", "Operator": "BPL", "Status": "Operational", "Open": "Year Round", "Hours of Operation": "Monday\t10 am - 6 pm\nTuesday\t1 pm - 8 pm\nWednesday\t10 am - 6 pm\nThursday\t10 am - 8 pm\nFriday\t10 am - 6 pm\nSaturday\t10 am - 5 pm\nSunday\tCLOSED", "Accessibility": "Partially Accessible", "Restroom Type": "Both Single-Stall All Gender and Multi-Stall W\/M", "Changing Stations": "Yes", "Additional Notes": null, "Website": "https:\/\/www.bklynlibrary.org\/locations\/pacific", "Latitude": 40.683475, "Longitude": -73.978585, "Location": "POINT (-73.978585 40.683475)" }, "geometry": { "type": "Point", "coordinates": [ -73.978585, 40.683474999999838 ] } },
{ "type": "Feature", "properties": { "Facility Name": "Hudson River Park Pier 25", "Location Type": "Park", "Operator": "Hudson River Park", "Status": "Operational", "Open": "Year Round", "Hours of Operation": "7:30am - 11pm", "Accessibility": "Fully Accessible", "Restroom Type": null, "Changing Stations": null, "Additional Notes": null, "Website": null, "Latitude": 40.719928, "Longitude": -74.012697, "Location": "POINT (-74.012697 40.719928)" }, "geometry": { "type": "Point", "coordinates": [ -74.012697, 40.719927999999832 ] } },
{ "type": "Feature", "properties": { "Facility Name": "Playground Of The Stars", "Location Type": "Park", "Operator": "NYC Parks", "Status": "Operational", "Open": "Year Round", "Hours of Operation": "8am-4pm, Open later seasonally", "Accessibility": "Fully Accessible", "Restroom Type": "Multi-Stall W\/M Restrooms", "Changing Stations": null, "Additional Notes": null, "Website": null, "Latitude": 40.8356, "Longitude": -73.899721, "Location": "POINT (-73.899721 40.8356)" }, "geometry": { "type": "Point", "coordinates": [ -73.899721, 40.835599999999836 ] } },
{ "type": "Feature", "properties": { "Facility Name": "Maria Hernandez Park", "Location Type": "Park", "Operator": "NYC Parks", "Status": "Operational", "Open": "Seasonal", "Hours of Operation": "8am-4pm, Open later seasonally", "Accessibility": "Not Accessible", "Restroom Type": "Multi-Stall W\/M Restrooms", "Changing Stations": null, "Additional Notes": null, "Website": null, "Latitude": 40.702998, "Longitude": -73.92404, "Location": "POINT (-73.92404 40.702998)" }, "geometry": { "type": "Point", "coordinates": [ -73.92404, 40.702997999999859 ] } },
{ "type": "Feature", "properties": { "Facility Name": "Real Good Playground", "Location Type": "Park", "Operator": "NYC Parks", "Status": "Operational", "Open": "Seasonal", "Hours of Operation": "8am-4pm, Open later seasonally", "Accessibility": "Fully Accessible", "Restroom Type": "Multi-Stall W\/M Restrooms", "Changing Stations": null, "Additional Notes": null, "Website": null, "Latitude": 40.735517, "Longitude": -73.857237, "Location": "POINT (-73.857237 40.735517)" }, "geometry": { "type": "Point", "coordinates": [ -73.857237, 40.735516999999838 ] } },
{ "type": "Feature", "properties": { "Facility Name": "Bloomingdale Playground", "Location Type": "Park", "Operator": "NYC Parks", "Status": "Operational", "Open": "Year Round", "Hours of Operation": "8am-4pm, Open later seasonally", "Accessibility": "Fully Accessible", "Restroom Type": "Multi-Stall W\/M Restrooms", "Changing Stations": null, "Additional Notes": null, "Website": null, "Latitude": 40.535012, "Longitude": -74.208479, "Location": "POINT (-74.208479 40.535012)" }, "geometry": { "type": "Point", "coordinates": [ -74.208479, 40.535011999999853 ] } },
{ "type": "Feature", "properties": { "Facility Name": "Evelyn's Playground", "Location Type": "Park", "Operator": "NYC Parks", "Status": "Operational", "Open": "Year Round", "Hours of Operation": "8am-4pm, Open later seasonally", "Accessibility": "Fully Accessible", "Restroom Type": "Single-Stall All Gender Restroom(s)", "Changing Stations": null, "Additional Notes": null, "Website": null, "Latitude": 40.736309, "Longitude": -73.989588, "Location": "POINT (-73.989588 40.736309)" }, "geometry": { "type": "Point", "coordinates": [ -73.989588, 40.736308999999842 ] } },
{ "type": "Feature", "properties": { "Facility Name": "Springfield Park", "Location Type": "Park", "Operator": "NYC Parks", "Status": "Operational", "Open": "Year Round", "Hours of Operation": "8am-4pm, Open later seasonally", "Accessibility": "Fully Accessible", "Restroom Type": "Both Single-Stall All Gender and Multi-Stall W\/M", "Changing Stations": null, "Additional Notes": null, "Website": null, "Latitude": 40.660826, "Longitude": -73.762342, "Location": "POINT (-73.762342 40.660826)" }, "geometry": { "type": "Point", "coordinates": [ -73.762342, 40.660825999999837 ] } },
{ "type": "Feature", "properties": { "Facility Name": "136 St Playground", "Location Type": "Park", "Operator": "NYC Parks", "Status": "Operational", "Open": "Year Round", "Hours of Operation": "8am-4pm, Open later seasonally", "Accessibility": "Fully Accessible", "Restroom Type": "Multi-Stall W\/M Restrooms", "Changing Stations": null, "Additional Notes": null, "Website": null, "Latitude": 40.78496, "Longitude": -73.832844, "Location": "POINT (-73.832844 40.78496)" }, "geometry": { "type": "Point", "coordinates": [ -73.832844, 40.784959999999842 ] } },
{ "type": "Feature", "properties": { "Facility Name": "Commodore Barry Park", "Location Type": "Park", "Operator": "NYC Parks", "Status": "Operational", "Open": "Seasonal", "Hours of Operation": "8am-4pm, Open later seasonally", "Accessibility": "Fully Accessible", "Restroom Type": "Multi-Stall W\/M Restrooms", "Changing Stations": null, "Additional Notes": null, "Website": null, "Latitude": 40.697584, "Longitude": -73.979251, "Location": "POINT (-73.979251 40.697584)" }, "geometry": { "type": "Point", "coordinates": [ -73.979251, 40.697583999999829 ] } },
{ "type": "Feature", "properties": { "Facility Name": "P.O. Serrano Playground", "Location Type": "Park", "Operator": "NYC Parks", "Status": "Operational", "Open": "Year Round", "Hours of Operation": "8am-4pm, Open later seasonally", "Accessibility": "Fully Accessible", "Restroom Type": "Multi-Stall W\/M Restrooms", "Changing Stations": null, "Additional Notes": null, "Website": null, "Latitude": 40.823482, "Longitude": -73.850522, "Location": "POINT (-73.850522 40.823482)" }, "geometry": { "type": "Point", "coordinates": [ -73.850522, 40.823481999999849 ] } },
{ "type": "Feature", "properties": { "Facility Name": "Brower Park", "Location Type": "Park", "Operator": "NYC Parks", "Status": "Operational", "Open": "Year Round", "Hours of Operation": "8am-4pm, Open later seasonally", "Accessibility": "Fully Accessible", "Restroom Type": "Multi-Stall W\/M Restrooms", "Changing Stations": null, "Additional Notes": null, "Website": null, "Latitude": 40.673837, "Longitude": -73.943836, "Location": "POINT (-73.943836 40.673837)" }, "geometry": { "type": "Point", "coordinates": [ -73.943836, 40.673836999999821 ] } },
{ "type": "Feature", "properties": { "Facility Name": "Alexander Hamilton Playground", "Location Type": "Park", "Operator": "NYC Parks", "Status": "Operational", "Open": "Year Round", "Hours of Operation": "8am-4pm, Open later seasonally", "Accessibility": "Not Accessible", "Restroom Type": "Multi-Stall W\/M Restrooms", "Changing Stations": null, "Additional Notes": null, "Website": null, "Latitude": 40.82296, "Longitude": -73.951098, "Location": "POINT (-73.951098 40.82296)" }, "geometry": { "type": "Point", "coordinates": [ -73.951098, 40.822959999999846 ] } },
{ "type": "Feature", "properties": { "Facility Name": "Herman Dolgon Playground", "Location Type": "Park", "Operator": "NYC Parks", "Status": "Operational", "Open": "Year Round", "Hours of Operation": "8am-4pm, Open later seasonally", "Accessibility": "Not Accessible", "Restroom Type": "Multi-Stall W\/M Restrooms", "Changing Stations": null, "Additional Notes": null, "Website": null, "Latitude": 40.598167, "Longitude": -73.939561, "Location": "POINT (-73.939561 40.598167)" }, "geometry": { "type": "Point", "coordinates": [ -73.939561, 40.598166999999826 ] } },
{ "type": "Feature", "properties": { "Facility Name": "Marble Hill Playground", "Location Type": "Park", "Operator": "NYC Parks", "Status": "Operational", "Open": "Year Round", "Hours of Operation": "8am-4pm, Open later seasonally", "Accessibility": "Fully Accessible", "Restroom Type": "Multi-Stall W\/M Restrooms", "Changing Stations": null, "Additional Notes": null, "Website": null, "Latitude": 40.877693, "Longitude": -73.907905, "Location": "POINT (-73.907905 40.877693)" }, "geometry": { "type": "Point", "coordinates": [ -73.907905, 40.877692999999852 ] } },
{ "type": "Feature", "properties": { "Facility Name": "Nostrand Playground", "Location Type": "Park", "Operator": "NYC Parks", "Status": "Operational", "Open": "Year Round", "Hours of Operation": "8am-4pm, Open later seasonally", "Accessibility": "Fully Accessible", "Restroom Type": "Multi-Stall W\/M Restrooms", "Changing Stations": null, "Additional Notes": null, "Website": null, "Latitude": 40.638401, "Longitude": -73.947472, "Location": "POINT (-73.947472 40.638401)" }, "geometry": { "type": "Point", "coordinates": [ -73.947472, 40.638400999999838 ] } },
{ "type": "Feature", "properties": { "Facility Name": "Brady Playground", "Location Type": "Park", "Operator": "NYC Parks", "Status": "Operational", "Open": "Year Round", "Hours of Operation": "8am-4pm, Open later seasonally", "Accessibility": "Fully Accessible", "Restroom Type": "Multi-Stall W\/M Restrooms", "Changing Stations": null, "Additional Notes": null, "Website": null, "Latitude": 40.851432, "Longitude": -73.868622, "Location": "POINT (-73.868622 40.851432)" }, "geometry": { "type": "Point", "coordinates": [ -73.868622, 40.851431999999853 ] } },
{ "type": "Feature", "properties": { "Facility Name": "Canarsie Library, BPL", "Location Type": "Library", "Operator": "BPL", "Status": "Operational", "Open": "Year Round", "Hours of Operation": "Monday\t10 am - 6 pm\nTuesday\t1 pm - 8 pm\nWednesday\t10 am - 6 pm\nThursday\t10 am - 8 pm\nFriday\t10 am - 6 pm\nSaturday\t10 am - 5 pm\nSunday\tCLOSED", "Accessibility": "Partially Accessible", "Restroom Type": "Single-Stall All Gender Restroom(s)", "Changing Stations": "Yes", "Additional Notes": null, "Website": "https:\/\/www.bklynlibrary.org\/locations\/canarsie", "Latitude": 40.642217, "Longitude": -73.899526, "Location": "POINT (-73.899526 40.642217)" }, "geometry": { "type": "Point", "coordinates": [ -73.899526, 40.642216999999839 ] } },
{ "type": "Feature", "properties": { "Facility Name": "Jackie Robinson Park Playground", "Location Type": "Park", "Operator": "NYC Parks", "Status": "Operational", "Open": "Year Round", "Hours of Operation": "8am-4pm, Open later seasonally", "Accessibility": "Partially Accessible", "Restroom Type": "Multi-Stall W\/M Restrooms", "Changing Stations": null, "Additional Notes": null, "Website": null, "Latitude": 40.680231, "Longitude": -73.927297, "Location": "POINT (-73.927297 40.680231)" }, "geometry": { "type": "Point", "coordinates": [ -73.927297, 40.680230999999864 ] } },
{ "type": "Feature", "properties": { "Facility Name": "Arrochar Playground", "Location Type": "Park", "Operator": "NYC Parks", "Status": "Operational", "Open": "Year Round", "Hours of Operation": "8am-4pm, Open later seasonally", "Accessibility": "Fully Accessible", "Restroom Type": "Multi-Stall W\/M Restrooms", "Changing Stations": null, "Additional Notes": null, "Website": null, "Latitude": 40.597842, "Longitude": -74.071231, "Location": "POINT (-74.071231 40.597842)" }, "geometry": { "type": "Point", "coordinates": [ -74.071231, 40.597841999999837 ] } },
{ "type": "Feature", "properties": { "Facility Name": "Fordham Plaza APT", "Location Type": "Public Plaza", "Operator": "NYC DOT\/JCDecaux", "Status": "Operational", "Open": "Year Round", "Hours of Operation": "8am-8pm", "Accessibility": "Fully Accessible", "Restroom Type": "Single-Stall All Gender Restroom(s)", "Changing Stations": "No", "Additional Notes": "This unit costs $.25 to use.", "Website": "https:\/\/portal.311.nyc.gov\/article\/?kanumber=KA-02226", "Latitude": 40.860834, "Longitude": -73.891159, "Location": "POINT (-73.891159 40.860834)" }, "geometry": { "type": "Point", "coordinates": [ -73.891159, 40.860833999999848 ] } },
{ "type": "Feature", "properties": { "Facility Name": "Coney Island Beach Zone 2b", "Location Type": "Park", "Operator": "NYC Parks", "Status": "Operational", "Open": "Seasonal", "Hours of Operation": "8am-4pm, Open later seasonally", "Accessibility": "Fully Accessible", "Restroom Type": "Multi-Stall W\/M Restrooms", "Changing Stations": null, "Additional Notes": null, "Website": null, "Latitude": 40.574649, "Longitude": -73.964456, "Location": "POINT (-73.964456 40.574649)" }, "geometry": { "type": "Point", "coordinates": [ -73.964456, 40.574648999999859 ] } },
{ "type": "Feature", "properties": { "Facility Name": "Francis Lewis Park", "Location Type": "Park", "Operator": "NYC Parks", "Status": "Operational", "Open": "Year Round", "Hours of Operation": "8am-4pm, Open later seasonally", "Accessibility": "Not Accessible", "Restroom Type": "Multi-Stall W\/M Restrooms", "Changing Stations": null, "Additional Notes": null, "Website": null, "Latitude": 40.796267, "Longitude": -73.825668, "Location": "POINT (-73.825668 40.796267)" }, "geometry": { "type": "Point", "coordinates": [ -73.825668, 40.796266999999844 ] } },
{ "type": "Feature", "properties": { "Facility Name": "Classic Playground", "Location Type": "Park", "Operator": "NYC Parks", "Status": "Operational", "Open": "Year Round", "Hours of Operation": "8am-4pm, Open later seasonally", "Accessibility": "Fully Accessible", "Restroom Type": "Multi-Stall W\/M Restrooms", "Changing Stations": null, "Additional Notes": null, "Website": null, "Latitude": 40.783731, "Longitude": -73.986426, "Location": "POINT (-73.986426 40.783731)" }, "geometry": { "type": "Point", "coordinates": [ -73.986426, 40.783730999999833 ] } },
{ "type": "Feature", "properties": { "Facility Name": "Cortelyou Library, BPL", "Location Type": "Library", "Operator": "BPL", "Status": "Operational", "Open": "Year Round", "Hours of Operation": "Monday\t10 am - 6 pm\nTuesday\t1 pm - 8 pm\nWednesday\t10 am - 6 pm\nThursday\t10 am - 8 pm\nFriday\t10 am - 6 pm\nSaturday\t10 am - 5 pm\nSunday\tCLOSED", "Accessibility": "Fully Accessible", "Restroom Type": "Single-Stall All Gender Restroom(s)", "Changing Stations": null, "Additional Notes": null, "Website": "https:\/\/www.bklynlibrary.org\/locations\/cortelyou", "Latitude": 40.640812, "Longitude": -73.965966, "Location": "POINT (-73.965966 40.640812)" }, "geometry": { "type": "Point", "coordinates": [ -73.965966, 40.640811999999833 ] } },
{ "type": "Feature", "properties": { "Facility Name": "The Painter's Playground", "Location Type": "Park", "Operator": "NYC Parks", "Status": "Operational", "Open": "Year Round", "Hours of Operation": "8am-4pm, Open later seasonally", "Accessibility": "Not Accessible", "Restroom Type": "Multi-Stall W\/M Restrooms", "Changing Stations": null, "Additional Notes": null, "Website": null, "Latitude": 40.720419, "Longitude": -73.859666, "Location": "POINT (-73.859666 40.720419)" }, "geometry": { "type": "Point", "coordinates": [ -73.859666, 40.72041899999985 ] } },
{ "type": "Feature", "properties": { "Facility Name": "550 Madison Avenue POPS", "Location Type": "Privately Owned Public Space", "Operator": "550 Madison Property Management", "Status": "Operational", "Open": "Year Round", "Hours of Operation": "Everyday 7:00 am-11:00 pm", "Accessibility": "Fully Accessible", "Restroom Type": "Multi-Stall W\/M Restrooms", "Changing Stations": "Yes", "Additional Notes": "Restroom next to Black Box Coffee.", "Website": null, "Latitude": 40.76147, "Longitude": -73.973505, "Location": "POINT (-73.973505 40.76147)" }, "geometry": { "type": "Point", "coordinates": [ -73.973505, 40.761469999999861 ] } },
{ "type": "Feature", "properties": { "Facility Name": "Torsney Playground", "Location Type": "Park", "Operator": "NYC Parks", "Status": "Operational", "Open": "Year Round", "Hours of Operation": "8am-4pm, Open later seasonally", "Accessibility": "Not Accessible", "Restroom Type": "Multi-Stall W\/M Restrooms", "Changing Stations": null, "Additional Notes": null, "Website": null, "Latitude": 40.747265, "Longitude": -73.922042, "Location": "POINT (-73.922042 40.747265)" }, "geometry": { "type": "Point", "coordinates": [ -73.922042, 40.747264999999828 ] } },
{ "type": "Feature", "properties": { "Facility Name": "Westbourne Playground", "Location Type": "Park", "Operator": "NYC Parks", "Status": "Operational", "Open": "Year Round", "Hours of Operation": "8am-4pm, Open later seasonally", "Accessibility": "Not Accessible", "Restroom Type": "Multi-Stall W\/M Restrooms", "Changing Stations": null, "Additional Notes": null, "Website": null, "Latitude": 40.608307, "Longitude": -73.764591, "Location": "POINT (-73.764591 40.608307)" }, "geometry": { "type": "Point", "coordinates": [ -73.764591, 40.60830699999984 ] } },
{ "type": "Feature", "properties": { "Facility Name": "Joseph Austin Playground", "Location Type": "Park", "Operator": "NYC Parks", "Status": "Operational", "Open": "Year Round", "Hours of Operation": "8am-4pm, Open later seasonally", "Accessibility": "Partially Accessible", "Restroom Type": "Multi-Stall W\/M Restrooms", "Changing Stations": null, "Additional Notes": null, "Website": null, "Latitude": 40.715694, "Longitude": -73.801151, "Location": "POINT (-73.801151 40.715694)" }, "geometry": { "type": "Point", "coordinates": [ -73.801151, 40.715693999999836 ] } },
{ "type": "Feature", "properties": { "Facility Name": "Brooklyn Bridge Park Pier 1", "Location Type": "Park", "Operator": "Brooklyn Bridge Park", "Status": "Operational", "Open": "Year Round", "Hours of Operation": "6am-1am", "Accessibility": "Fully Accessible", "Restroom Type": null, "Changing Stations": null, "Additional Notes": null, "Website": null, "Latitude": 40.70267, "Longitude": -73.99522, "Location": "POINT (-73.99522 40.70267)" }, "geometry": { "type": "Point", "coordinates": [ -73.99522, 40.702669999999841 ] } },
{ "type": "Feature", "properties": { "Facility Name": "Baychester Library, NYPL", "Location Type": "Library", "Operator": "NYPL", "Status": "Operational", "Open": "Year Round", "Hours of Operation": "Sunday: Closed \nMonday: 10:00 am - 7:00 pm \nTuesday: 10:00 pm - 7:00 pm \nWednesday: 10:00 am - 7:00 pm \nThursday: 10:00 pm - 7:00 pm \nFriday: 10:00 am - 6:00 pm \nSaturday: 10:00 am - 5:00 pm", "Accessibility": "Fully Accessible", "Restroom Type": "Single-Stall All Gender Restroom(s)", "Changing Stations": "No", "Additional Notes": null, "Website": "https:\/\/www.nypl.org\/locations\/baychester", "Latitude": 40.870762, "Longitude": -73.829317, "Location": "POINT (-73.829317 40.870762)" }, "geometry": { "type": "Point", "coordinates": [ -73.829317, 40.87076199999985 ] } },
{ "type": "Feature", "properties": { "Facility Name": "Homecrest Library, BPL", "Location Type": "Library", "Operator": "BPL", "Status": "Operational", "Open": "Year Round", "Hours of Operation": "Monday\t10 am - 6 pm\nTuesday\t1 pm - 8 pm\nWednesday\t10 am - 6 pm\nThursday\t10 am - 8 pm\nFriday\t10 am - 6 pm\nSaturday\t10 am - 5 pm\nSunday\tCLOSED", "Accessibility": "Fully Accessible", "Restroom Type": "Both Single-Stall All Gender and Multi-Stall W\/M", "Changing Stations": "Yes", "Additional Notes": null, "Website": "https:\/\/www.bklynlibrary.org\/homecrest", "Latitude": 40.595245, "Longitude": -73.960601, "Location": "POINT (-73.960601 40.595245)" }, "geometry": { "type": "Point", "coordinates": [ -73.960601, 40.595244999999842 ] } },
{ "type": "Feature", "properties": { "Facility Name": "New Utrecht Library, BPL", "Location Type": "Library", "Operator": "BPL", "Status": "Operational", "Open": "Year Round", "Hours of Operation": "Monday\t10 am - 6 pm\nTuesday\t1 pm - 8 pm\nWednesday\t10 am - 6 pm\nThursday\t10 am - 8 pm\nFriday\t10 am - 6 pm\nSaturday\t10 am - 5 pm\nSunday\tCLOSED", "Accessibility": "Fully Accessible", "Restroom Type": "Both Single-Stall All Gender and Multi-Stall W\/M", "Changing Stations": "Yes", "Additional Notes": null, "Website": "https:\/\/www.bklynlibrary.org\/locations\/new-utrecht", "Latitude": 40.608018, "Longitude": -74.003378, "Location": "POINT (-74.003378 40.608018)" }, "geometry": { "type": "Point", "coordinates": [ -74.003378, 40.608017999999831 ] } },
{ "type": "Feature", "properties": { "Facility Name": "Spring Creek Park Zone 1", "Location Type": "Park", "Operator": "NYC Parks", "Status": "Operational", "Open": "Seasonal", "Hours of Operation": "Open by permit", "Accessibility": "Fully Accessible", "Restroom Type": "Multi-Stall W\/M Restrooms", "Changing Stations": null, "Additional Notes": null, "Website": null, "Latitude": 40.649166, "Longitude": -73.873824, "Location": "POINT (-73.873824 40.649166)" }, "geometry": { "type": "Point", "coordinates": [ -73.873824, 40.649165999999845 ] } },
{ "type": "Feature", "properties": { "Facility Name": "Wright Brothers Playground", "Location Type": "Park", "Operator": "NYC Parks", "Status": "Operational", "Open": "Year Round", "Hours of Operation": "8am-4pm, Open later seasonally", "Accessibility": "Fully Accessible", "Restroom Type": "Multi-Stall W\/M Restrooms", "Changing Stations": null, "Additional Notes": null, "Website": null, "Latitude": 40.831692, "Longitude": -73.9416, "Location": "POINT (-73.9416 40.831692)" }, "geometry": { "type": "Point", "coordinates": [ -73.9416, 40.831691999999826 ] } },
{ "type": "Feature", "properties": { "Facility Name": "Gerard P. Dugan Playground", "Location Type": "Park", "Operator": "NYC Parks", "Status": "Operational", "Open": "Year Round", "Hours of Operation": "8am-4pm, Open later seasonally", "Accessibility": "Fully Accessible", "Restroom Type": "Multi-Stall W\/M Restrooms", "Changing Stations": null, "Additional Notes": null, "Website": null, "Latitude": 40.561561, "Longitude": -74.111472, "Location": "POINT (-74.111472 40.561561)" }, "geometry": { "type": "Point", "coordinates": [ -74.111472, 40.561560999999848 ] } },
{ "type": "Feature", "properties": { "Facility Name": "Sherman Creek", "Location Type": "Park", "Operator": "NYC Parks", "Status": "Operational", "Open": "Year Round", "Hours of Operation": "8am-4pm, Open later seasonally", "Accessibility": "Fully Accessible", "Restroom Type": "Both Single-Stall All Gender and Multi-Stall W\/M", "Changing Stations": null, "Additional Notes": null, "Website": null, "Latitude": 40.857796, "Longitude": -73.922035, "Location": "POINT (-73.922035 40.857796)" }, "geometry": { "type": "Point", "coordinates": [ -73.922035, 40.857795999999851 ] } },
{ "type": "Feature", "properties": { "Facility Name": "Library for the Performing Arts, Dorothy and Lewis B. Cullman Center Library, NYPL", "Location Type": "Library", "Operator": "NYPL", "Status": "Operational", "Open": "Year Round", "Hours of Operation": "Sunday: Closed \nMonday: 10:30 am - 8:00 pm \nTuesday: 10:30 pm - 6:00 pm \nWednesday: 10:30 pm - 6:00 pm \nThursday: 10:30 am - 8:00 pm\nFriday: 10:30 am - 6:00 pm \nSaturday: 10:30 am - 6:00 pm", "Accessibility": "Fully Accessible", "Restroom Type": "Both Single-Stall All Gender and Multi-Stall W\/M", "Changing Stations": "\"Yes, in women's restroom only\"", "Additional Notes": null, "Website": "https:\/\/www.nypl.org\/locations\/lpa", "Latitude": 40.773515, "Longitude": -73.984548, "Location": "POINT (-73.984548 40.773515)" }, "geometry": { "type": "Point", "coordinates": [ -73.984548, 40.773514999999847 ] } },
{ "type": "Feature", "properties": { "Facility Name": "Saratoga Park", "Location Type": "Park", "Operator": "NYC Parks", "Status": "Operational", "Open": "Year Round", "Hours of Operation": "8am-4pm, Open later seasonally", "Accessibility": "Partially Accessible", "Restroom Type": "Multi-Stall W\/M Restrooms", "Changing Stations": null, "Additional Notes": null, "Website": null, "Latitude": 40.68506, "Longitude": -73.919017, "Location": "POINT (-73.919017 40.68506)" }, "geometry": { "type": "Point", "coordinates": [ -73.919017, 40.685059999999844 ] } },
{ "type": "Feature", "properties": { "Facility Name": "Bloomingdale Playground", "Location Type": "Park", "Operator": "NYC Parks", "Status": "Operational", "Open": "Year Round", "Hours of Operation": "8am-4pm, Open later seasonally", "Accessibility": "Fully Accessible", "Restroom Type": "Multi-Stall W\/M Restrooms", "Changing Stations": null, "Additional Notes": null, "Website": null, "Latitude": 40.799368, "Longitude": -73.966214, "Location": "POINT (-73.966214 40.799368)" }, "geometry": { "type": "Point", "coordinates": [ -73.966214, 40.799367999999845 ] } },
{ "type": "Feature", "properties": { "Facility Name": "Rose Hill Park", "Location Type": "Park", "Operator": "NYC Parks", "Status": "Operational", "Open": "Seasonal", "Hours of Operation": "8am-4pm, Open later seasonally", "Accessibility": "Fully Accessible", "Restroom Type": "Multi-Stall W\/M Restrooms", "Changing Stations": null, "Additional Notes": null, "Website": null, "Latitude": 40.861725, "Longitude": -73.890761, "Location": "POINT (-73.890761 40.861725)" }, "geometry": { "type": "Point", "coordinates": [ -73.890761, 40.861724999999836 ] } },
{ "type": "Feature", "properties": { "Facility Name": "Martin Luther King Jr. Playground", "Location Type": "Park", "Operator": "NYC Parks", "Status": "Operational", "Open": "Year Round", "Hours of Operation": "8am-4pm, Open later seasonally", "Accessibility": "Fully Accessible", "Restroom Type": "Multi-Stall W\/M Restrooms", "Changing Stations": null, "Additional Notes": null, "Website": null, "Latitude": 40.667421, "Longitude": -73.890205, "Location": "POINT (-73.890205 40.667421)" }, "geometry": { "type": "Point", "coordinates": [ -73.890205, 40.667420999999827 ] } },
{ "type": "Feature", "properties": { "Facility Name": "Slope Park Playground", "Location Type": "Park", "Operator": "NYC Parks", "Status": "Operational", "Open": "Year Round", "Hours of Operation": "8am-4pm, Open later seasonally", "Accessibility": "Not Accessible", "Restroom Type": "Multi-Stall W\/M Restrooms", "Changing Stations": null, "Additional Notes": null, "Website": null, "Latitude": 40.661302, "Longitude": -73.989333, "Location": "POINT (-73.989333 40.661302)" }, "geometry": { "type": "Point", "coordinates": [ -73.989333, 40.661301999999836 ] } },
{ "type": "Feature", "properties": { "Facility Name": "Woodstock Library, NYPL", "Location Type": "Library", "Operator": "NYPL", "Status": "Operational", "Open": "Year Round", "Hours of Operation": "Sunday: Closed \nMonday: 10:00 am - 6:00 pm \nTuesday: 10:00 pm - 6:00 pm \nWednesday: 10:00 am - 6:00 pm \nThursday: 10:00 pm - 6:00 pm \nFriday: 10:00 am - 6:00 pm \nSaturday: 10:00 am - 5:00 pm", "Accessibility": "Fully Accessible", "Restroom Type": "Both Single-Stall All Gender and Multi-Stall W\/M", "Changing Stations": "\"Yes, in single-stall all gender restroom only\"", "Additional Notes": null, "Website": "https:\/\/www.nypl.org\/locations\/woodstock", "Latitude": 40.820627, "Longitude": -73.904649, "Location": "POINT (-73.904649 40.820627)" }, "geometry": { "type": "Point", "coordinates": [ -73.904649, 40.820626999999845 ] } },
{ "type": "Feature", "properties": { "Facility Name": "Lookout Hill", "Location Type": "Park", "Operator": "NYC Parks", "Status": "Operational", "Open": "Year Round", "Hours of Operation": "8am-4pm, Open later seasonally", "Accessibility": "Not Accessible", "Restroom Type": "Multi-Stall W\/M Restrooms", "Changing Stations": null, "Additional Notes": null, "Website": null, "Latitude": 40.656907, "Longitude": -73.970375, "Location": "POINT (-73.970375 40.656907)" }, "geometry": { "type": "Point", "coordinates": [ -73.970375, 40.656906999999848 ] } },
{ "type": "Feature", "properties": { "Facility Name": "El Shabazz Playground", "Location Type": "Park", "Operator": "NYC Parks", "Status": "Operational", "Open": "Year Round", "Hours of Operation": "8am-4pm, Open later seasonally", "Accessibility": "Partially Accessible", "Restroom Type": "Multi-Stall W\/M Restrooms", "Changing Stations": null, "Additional Notes": null, "Website": null, "Latitude": 40.682689, "Longitude": -73.930705, "Location": "POINT (-73.930705 40.682689)" }, "geometry": { "type": "Point", "coordinates": [ -73.930705, 40.682688999999833 ] } },
{ "type": "Feature", "properties": { "Facility Name": "Watson Gleason Playground", "Location Type": "Park", "Operator": "NYC Parks", "Status": "Operational", "Open": "Year Round", "Hours of Operation": "8am-4pm, Open later seasonally", "Accessibility": "Fully Accessible", "Restroom Type": "Multi-Stall W\/M Restrooms", "Changing Stations": null, "Additional Notes": null, "Website": null, "Latitude": 40.829028, "Longitude": -73.869112, "Location": "POINT (-73.869112 40.829028)" }, "geometry": { "type": "Point", "coordinates": [ -73.869112, 40.829027999999838 ] } },
{ "type": "Feature", "properties": { "Facility Name": "Frontera Park", "Location Type": "Park", "Operator": "NYC Parks", "Status": "Operational", "Open": "Seasonal", "Hours of Operation": "8am-4pm, Open later seasonally", "Accessibility": "Fully Accessible", "Restroom Type": "Multi-Stall W\/M Restrooms", "Changing Stations": null, "Additional Notes": null, "Website": null, "Latitude": 40.724875, "Longitude": -73.895406, "Location": "POINT (-73.895406 40.724875)" }, "geometry": { "type": "Point", "coordinates": [ -73.895406, 40.724874999999827 ] } },
{ "type": "Feature", "properties": { "Facility Name": "Cadman Plaza Park", "Location Type": "Park", "Operator": "NYC Parks", "Status": "Operational", "Open": "Year Round", "Hours of Operation": "8am-4pm, Open later seasonally", "Accessibility": "Fully Accessible", "Restroom Type": "Multi-Stall W\/M Restrooms", "Changing Stations": null, "Additional Notes": null, "Website": null, "Latitude": 40.698452, "Longitude": -73.990628, "Location": "POINT (-73.990628 40.698452)" }, "geometry": { "type": "Point", "coordinates": [ -73.990628, 40.698451999999826 ] } },
{ "type": "Feature", "properties": { "Facility Name": "Eleanor Roosevelt Playground", "Location Type": "Park", "Operator": "NYC Parks", "Status": "Operational", "Open": "Year Round", "Hours of Operation": "8am-4pm, Open later seasonally", "Accessibility": "Fully Accessible", "Restroom Type": "Multi-Stall W\/M Restrooms", "Changing Stations": null, "Additional Notes": null, "Website": null, "Latitude": 40.692747, "Longitude": -73.935804, "Location": "POINT (-73.935804 40.692747)" }, "geometry": { "type": "Point", "coordinates": [ -73.935804, 40.692746999999834 ] } },
{ "type": "Feature", "properties": { "Facility Name": "Baisley Pond Park Zone 3", "Location Type": "Park", "Operator": "NYC Parks", "Status": "Operational", "Open": "Year Round", "Hours of Operation": "8am-4pm, Open later seasonally", "Accessibility": "Fully Accessible", "Restroom Type": "Multi-Stall W\/M Restrooms", "Changing Stations": null, "Additional Notes": null, "Website": null, "Latitude": 40.67779, "Longitude": -73.784129, "Location": "POINT (-73.784129 40.67779)" }, "geometry": { "type": "Point", "coordinates": [ -73.784129, 40.677789999999845 ] } },
{ "type": "Feature", "properties": { "Facility Name": "Seba Playground", "Location Type": "Park", "Operator": "NYC Parks", "Status": "Operational", "Open": "Year Round", "Hours of Operation": "8am-4pm, Open later seasonally", "Accessibility": "Fully Accessible", "Restroom Type": "Multi-Stall W\/M Restrooms", "Changing Stations": null, "Additional Notes": null, "Website": null, "Latitude": 40.589633, "Longitude": -73.920992, "Location": "POINT (-73.920992 40.589633)" }, "geometry": { "type": "Point", "coordinates": [ -73.920992, 40.589632999999829 ] } },
{ "type": "Feature", "properties": { "Facility Name": "Herald Square", "Location Type": "Park", "Operator": "34th Street Partnership", "Status": "Operational", "Open": "Year Round", "Hours of Operation": "8am-9pm", "Accessibility": "Fully Accessible", "Restroom Type": "Multi-Stall All Gender Restrooms", "Changing Stations": null, "Additional Notes": null, "Website": null, "Latitude": 40.750455, "Longitude": -73.987505, "Location": "POINT (-73.987505 40.750455)" }, "geometry": { "type": "Point", "coordinates": [ -73.987505, 40.750454999999846 ] } },
{ "type": "Feature", "properties": { "Facility Name": "North Rochdale Playground", "Location Type": "Park", "Operator": "NYC Parks", "Status": "Operational", "Open": "Year Round", "Hours of Operation": "8am-4pm, Open later seasonally", "Accessibility": "Not Accessible", "Restroom Type": "Multi-Stall W\/M Restrooms", "Changing Stations": null, "Additional Notes": null, "Website": null, "Latitude": 40.680069, "Longitude": -73.775129, "Location": "POINT (-73.775129 40.680069)" }, "geometry": { "type": "Point", "coordinates": [ -73.775129, 40.68006899999984 ] } },
{ "type": "Feature", "properties": { "Facility Name": "Bayside Fields", "Location Type": "Park", "Operator": "NYC Parks", "Status": "Operational", "Open": "Seasonal", "Hours of Operation": "8am-4pm, Open later seasonally", "Accessibility": "Fully Accessible", "Restroom Type": "Both Single-Stall All Gender and Multi-Stall W\/M", "Changing Stations": null, "Additional Notes": null, "Website": null, "Latitude": 40.773053, "Longitude": -73.78496, "Location": "POINT (-73.78496 40.773053)" }, "geometry": { "type": "Point", "coordinates": [ -73.78496, 40.773052999999834 ] } },
{ "type": "Feature", "properties": { "Facility Name": "Starvos Niarchos Foundation Library, NYPL", "Location Type": "Library", "Operator": "NYPL", "Status": "Operational", "Open": "Year Round", "Hours of Operation": "Sunday: Closed \nMonday: 8:00 am - 9:00 pm \nTuesday: 8:00 am - 9:00 pm \nWednesday: 8:00 am - 9:00 pm \nThursday: 8:00 am - 9:00 pm  \nFriday: 8:00 am - 9:00 pm \nSaturday: 10:00 am - 5:00 pm", "Accessibility": "Fully Accessible", "Restroom Type": "Both Single-Stall All Gender and Multi-Stall W\/M", "Changing Stations": "\"Yes, in single-stall all gender restroom only\"", "Additional Notes": null, "Website": "https:\/\/www.nypl.org\/locations\/snfl", "Latitude": 40.7519, "Longitude": -73.9817, "Location": "POINT (-73.9817 40.7519)" }, "geometry": { "type": "Point", "coordinates": [ -73.9817, 40.751899999999836 ] } },
{ "type": "Feature", "properties": { "Facility Name": "Redfern Playground", "Location Type": "Park", "Operator": "NYC Parks", "Status": "Operational", "Open": "Year Round", "Hours of Operation": "8am-4pm, Open later seasonally", "Accessibility": "Fully Accessible", "Restroom Type": "Multi-Stall W\/M Restrooms", "Changing Stations": null, "Additional Notes": null, "Website": null, "Latitude": 40.611049, "Longitude": -73.749098, "Location": "POINT (-73.749098 40.611049)" }, "geometry": { "type": "Point", "coordinates": [ -73.749098, 40.611048999999838 ] } },
{ "type": "Feature", "properties": { "Facility Name": "Kensington Library, BPL", "Location Type": "Library", "Operator": "BPL", "Status": "Operational", "Open": "Year Round", "Hours of Operation": "Monday\t10 am - 6 pm\nTuesday\t1 pm - 8 pm\nWednesday\t10 am - 6 pm\nThursday\t10 am - 8 pm\nFriday\t10 am - 6 pm\nSaturday\t10 am - 5 pm\nSunday\tCLOSED", "Accessibility": "Fully Accessible", "Restroom Type": "Single-Stall All Gender Restroom(s)", "Changing Stations": "Yes", "Additional Notes": "The restrooms have a free feminine hygiene product dispenser.", "Website": "https:\/\/www.bklynlibrary.org\/locations\/kensington", "Latitude": 40.6313, "Longitude": -73.975437, "Location": "POINT (-73.975437 40.6313)" }, "geometry": { "type": "Point", "coordinates": [ -73.975437, 40.631299999999833 ] } },
{ "type": "Feature", "properties": { "Facility Name": "Cypress Hills Playground", "Location Type": "Park", "Operator": "NYC Parks", "Status": "Operational", "Open": "Year Round", "Hours of Operation": "8am-4pm, Open later seasonally", "Accessibility": "Fully Accessible", "Restroom Type": "Multi-Stall W\/M Restrooms", "Changing Stations": null, "Additional Notes": null, "Website": null, "Latitude": 40.670751, "Longitude": -73.871083, "Location": "POINT (-73.871083 40.670751)" }, "geometry": { "type": "Point", "coordinates": [ -73.871083, 40.670750999999818 ] } },
{ "type": "Feature", "properties": { "Facility Name": "McKinley Playground", "Location Type": "Park", "Operator": "NYC Parks", "Status": "Operational", "Open": "Year Round", "Hours of Operation": "8am-4pm, Open later seasonally", "Accessibility": "Fully Accessible", "Restroom Type": "Multi-Stall W\/M Restrooms", "Changing Stations": null, "Additional Notes": null, "Website": null, "Latitude": 40.724269, "Longitude": -73.985628, "Location": "POINT (-73.985628 40.724269)" }, "geometry": { "type": "Point", "coordinates": [ -73.985628, 40.724268999999857 ] } },
{ "type": "Feature", "properties": { "Facility Name": "Bushwick Playground", "Location Type": "Park", "Operator": "NYC Parks", "Status": "Operational", "Open": "Year Round", "Hours of Operation": "8am-4pm, Open later seasonally", "Accessibility": "Fully Accessible", "Restroom Type": "Multi-Stall W\/M Restrooms", "Changing Stations": null, "Additional Notes": null, "Website": null, "Latitude": 40.701712, "Longitude": -73.939483, "Location": "POINT (-73.939483 40.701712)" }, "geometry": { "type": "Point", "coordinates": [ -73.939483, 40.701711999999844 ] } },
{ "type": "Feature", "properties": { "Facility Name": "Cherry Tree Park", "Location Type": "Park", "Operator": "NYC Parks", "Status": "Operational", "Open": "Year Round", "Hours of Operation": "8am-4pm, Open later seasonally", "Accessibility": "Fully Accessible", "Restroom Type": "Both Single-Stall All Gender and Multi-Stall W\/M", "Changing Stations": null, "Additional Notes": null, "Website": null, "Latitude": 40.787168, "Longitude": -73.947233, "Location": "POINT (-73.947233 40.787168)" }, "geometry": { "type": "Point", "coordinates": [ -73.947233, 40.787167999999852 ] } },
{ "type": "Feature", "properties": { "Facility Name": "Drew Playground", "Location Type": "Park", "Operator": "NYC Parks", "Status": "Operational", "Open": "Year Round", "Hours of Operation": "8am-4pm, Open later seasonally", "Accessibility": "Fully Accessible", "Restroom Type": "Multi-Stall W\/M Restrooms", "Changing Stations": null, "Additional Notes": null, "Website": null, "Latitude": 40.832982, "Longitude": -73.903326, "Location": "POINT (-73.903326 40.832982)" }, "geometry": { "type": "Point", "coordinates": [ -73.903326, 40.832981999999845 ] } },
{ "type": "Feature", "properties": { "Facility Name": "St. George Library Center, NYPL", "Location Type": "Library", "Operator": "NYPL", "Status": "Operational", "Open": "Year Round", "Hours of Operation": "Sunday: Closed \nMonday: 10:00 am - 7:00 pm \nTuesday: 10:00 am - 7:00 pm \nWednesday: 10:00 am - 7:00 pm  \nThursday: 10:00 am - 7:00 pm \nFriday: 10:00 am - 5:00 pm \nSaturday: 10:00 am - 5:00 pm", "Accessibility": "Fully Accessible", "Restroom Type": "Both Single-Stall All Gender and Multi-Stall W\/M", "Changing Stations": "\"Yes, in single-stall all gender restroom only\"", "Additional Notes": null, "Website": "https:\/\/www.nypl.org\/locations\/st-george-library-center", "Latitude": 40.641808, "Longitude": -74.07668, "Location": "POINT (-74.07668 40.641808)" }, "geometry": { "type": "Point", "coordinates": [ -74.07668, 40.64180799999982 ] } },
{ "type": "Feature", "properties": { "Facility Name": "Fermi Playground", "Location Type": "Park", "Operator": "NYC Parks", "Status": "Operational", "Open": "Year Round", "Hours of Operation": "8am-4pm, Open later seasonally", "Accessibility": "Not Accessible", "Restroom Type": "Multi-Stall W\/M Restrooms", "Changing Stations": null, "Additional Notes": null, "Website": null, "Latitude": 40.700313, "Longitude": -73.928534, "Location": "POINT (-73.928534 40.700313)" }, "geometry": { "type": "Point", "coordinates": [ -73.928534, 40.700312999999838 ] } },
{ "type": "Feature", "properties": { "Facility Name": "Edenwald Library, NYPL", "Location Type": "Library", "Operator": "NYPL", "Status": "Operational", "Open": "Year Round", "Hours of Operation": "Sunday: Closed \nMonday: 10:00 am - 7:00 pm \nTuesday: 10:00 am - 7:00 pm\nWednesday: 10:00 am - 7:00 pm\nThursday: 10:00 am - 7:00 pm\nFriday: 10:00 am - 6:00 pm \nSaturday: 10:00 am - 5:00 pm", "Accessibility": "Fully Accessible", "Restroom Type": "Single-Stall All Gender Restroom(s)", "Changing Stations": "No", "Additional Notes": null, "Website": "https:\/\/www.nypl.org\/locations\/edenwald", "Latitude": 40.888903, "Longitude": -73.840839, "Location": "POINT (-73.840839 40.888903)" }, "geometry": { "type": "Point", "coordinates": [ -73.840839, 40.888902999999857 ] } },
{ "type": "Feature", "properties": { "Facility Name": "St. Agnes Library, NYPL", "Location Type": "Library", "Operator": "NYPL", "Status": "Operational", "Open": "Year Round", "Hours of Operation": "Sunday: Closed \nMonday: 10:00 am - 6:00 pm \nTuesday: 10:00 pm - 7:00 pm \nWednesday: 10:00 am - 7:00 pm \nThursday: 10:00 pm - 7:00 pm \nFriday: 10:00 am - 6:00 pm \nSaturday: 10:00 am - 6:00 pm", "Accessibility": "Fully Accessible", "Restroom Type": "Single-Stall All Gender Restroom(s)", "Changing Stations": "Yes", "Additional Notes": null, "Website": "https:\/\/www.nypl.org\/locations\/st-agnes", "Latitude": 40.784843, "Longitude": -73.977454, "Location": "POINT (-73.977454 40.784843)" }, "geometry": { "type": "Point", "coordinates": [ -73.977454, 40.784842999999846 ] } },
{ "type": "Feature", "properties": { "Facility Name": "Northern Playground", "Location Type": "Park", "Operator": "NYC Parks", "Status": "Operational", "Open": "Year Round", "Hours of Operation": "8am-4pm, Open later seasonally", "Accessibility": "Not Accessible", "Restroom Type": "Multi-Stall W\/M Restrooms", "Changing Stations": null, "Additional Notes": null, "Website": null, "Latitude": 40.756285, "Longitude": -73.874495, "Location": "POINT (-73.874495 40.756285)" }, "geometry": { "type": "Point", "coordinates": [ -73.874495, 40.756284999999828 ] } },
{ "type": "Feature", "properties": { "Facility Name": "Louis Pasteur Park", "Location Type": "Park", "Operator": "NYC Parks", "Status": "Operational", "Open": "Year Round", "Hours of Operation": "8am-4pm, Open later seasonally", "Accessibility": "Fully Accessible", "Restroom Type": "Both Single-Stall All Gender and Multi-Stall W\/M", "Changing Stations": null, "Additional Notes": null, "Website": null, "Latitude": 40.761764, "Longitude": -73.735398, "Location": "POINT (-73.735398 40.761764)" }, "geometry": { "type": "Point", "coordinates": [ -73.735398, 40.76176399999985 ] } },
{ "type": "Feature", "properties": { "Facility Name": "Carver Playground", "Location Type": "Park", "Operator": "NYC Parks", "Status": "Operational", "Open": "Seasonal", "Hours of Operation": "8am-4pm, Open later seasonally", "Accessibility": "Partially Accessible", "Restroom Type": "Multi-Stall W\/M Restrooms", "Changing Stations": null, "Additional Notes": null, "Website": null, "Latitude": 40.680447, "Longitude": -73.920513, "Location": "POINT (-73.920513 40.680447)" }, "geometry": { "type": "Point", "coordinates": [ -73.920513, 40.680446999999837 ] } },
{ "type": "Feature", "properties": { "Facility Name": "Soundview Park", "Location Type": "Park", "Operator": "NYC Parks", "Status": "Operational", "Open": "Year Round", "Hours of Operation": "8am-4pm, Open later seasonally", "Accessibility": "Fully Accessible", "Restroom Type": "Multi-Stall W\/M Restrooms", "Changing Stations": null, "Additional Notes": null, "Website": null, "Latitude": 40.818019, "Longitude": -73.870393, "Location": "POINT (-73.870393 40.818019)" }, "geometry": { "type": "Point", "coordinates": [ -73.870393, 40.81801899999985 ] } },
{ "type": "Feature", "properties": { "Facility Name": "Bill Rainey Park", "Location Type": "Park", "Operator": "NYC Parks", "Status": "Operational", "Open": "Year Round", "Hours of Operation": "8am-4pm, Open later seasonally", "Accessibility": "Fully Accessible", "Restroom Type": "Multi-Stall W\/M Restrooms", "Changing Stations": null, "Additional Notes": null, "Website": null, "Latitude": 40.818759, "Longitude": -73.898325, "Location": "POINT (-73.898325 40.818759)" }, "geometry": { "type": "Point", "coordinates": [ -73.898325, 40.818758999999837 ] } },
{ "type": "Feature", "properties": { "Facility Name": "DiGilio Playground", "Location Type": "Park", "Operator": "NYC Parks", "Status": "Operational", "Open": "Year Round", "Hours of Operation": "8am-4pm, Open later seasonally", "Accessibility": "Not Accessible", "Restroom Type": "Multi-Stall W\/M Restrooms", "Changing Stations": null, "Additional Notes": null, "Website": null, "Latitude": 40.632764, "Longitude": -73.97727, "Location": "POINT (-73.97727 40.632764)" }, "geometry": { "type": "Point", "coordinates": [ -73.97727, 40.632763999999845 ] } },
{ "type": "Feature", "properties": { "Facility Name": "Coney Island Beach Zone 2a", "Location Type": "Park", "Operator": "NYC Parks", "Status": "Operational", "Open": "Year Round", "Hours of Operation": "8am-4pm, Open later seasonally", "Accessibility": "Fully Accessible", "Restroom Type": "Multi-Stall W\/M Restrooms", "Changing Stations": null, "Additional Notes": null, "Website": null, "Latitude": 40.574934, "Longitude": -73.959762, "Location": "POINT (-73.959762 40.574934)" }, "geometry": { "type": "Point", "coordinates": [ -73.959762, 40.574933999999836 ] } },
{ "type": "Feature", "properties": { "Facility Name": "Playground Eighty LXXX", "Location Type": "Park", "Operator": "NYC Parks", "Status": "Operational", "Open": "Seasonal", "Hours of Operation": "8am-4pm, Open later seasonally", "Accessibility": "Fully Accessible", "Restroom Type": "Both Single-Stall All Gender and Multi-Stall W\/M", "Changing Stations": null, "Additional Notes": null, "Website": null, "Latitude": 40.744859, "Longitude": -73.709589, "Location": "POINT (-73.709589 40.744859)" }, "geometry": { "type": "Point", "coordinates": [ -73.709589, 40.744858999999842 ] } },
{ "type": "Feature", "properties": { "Facility Name": "Bayview Playground", "Location Type": "Park", "Operator": "NYC Parks", "Status": "Operational", "Open": "Year Round", "Hours of Operation": "8am-4pm, Open later seasonally", "Accessibility": "Fully Accessible", "Restroom Type": "Multi-Stall W\/M Restrooms", "Changing Stations": null, "Additional Notes": null, "Website": null, "Latitude": 40.634948, "Longitude": -73.887219, "Location": "POINT (-73.887219 40.634948)" }, "geometry": { "type": "Point", "coordinates": [ -73.887219, 40.634947999999838 ] } },
{ "type": "Feature", "properties": { "Facility Name": "Ancient Playground", "Location Type": "Park", "Operator": "Central Park Conservancy", "Status": "Operational", "Open": "Year Round", "Hours of Operation": "7am - dusk", "Accessibility": "Fully Accessible", "Restroom Type": "Multi-Stall W\/M Restrooms", "Changing Stations": null, "Additional Notes": null, "Website": null, "Latitude": 40.780996, "Longitude": -73.961592, "Location": "POINT (-73.961592 40.780996)" }, "geometry": { "type": "Point", "coordinates": [ -73.961592, 40.780995999999845 ] } },
{ "type": "Feature", "properties": { "Facility Name": "Sol Lain Playground", "Location Type": "Park", "Operator": "NYC Parks", "Status": "Operational", "Open": "Seasonal", "Hours of Operation": "8am-4pm, Open later seasonally", "Accessibility": "Fully Accessible", "Restroom Type": "Multi-Stall W\/M Restrooms", "Changing Stations": null, "Additional Notes": null, "Website": null, "Latitude": 40.71441, "Longitude": -73.983979, "Location": "POINT (-73.983979 40.71441)" }, "geometry": { "type": "Point", "coordinates": [ -73.983979, 40.714409999999852 ] } },
{ "type": "Feature", "properties": { "Facility Name": "E.M.T. Christopher J. Prescott Playground", "Location Type": "Park", "Operator": "NYC Parks", "Status": "Operational", "Open": "Year Round", "Hours of Operation": "8am-4pm, Open later seasonally", "Accessibility": "Fully Accessible", "Restroom Type": "Multi-Stall W\/M Restrooms", "Changing Stations": null, "Additional Notes": null, "Website": null, "Latitude": 40.522489, "Longitude": -74.185827, "Location": "POINT (-74.185827 40.522489)" }, "geometry": { "type": "Point", "coordinates": [ -74.185827, 40.522488999999823 ] } },
{ "type": "Feature", "properties": { "Facility Name": "Virginia Playground", "Location Type": "Park", "Operator": "NYC Parks", "Status": "Operational", "Open": "Year Round", "Hours of Operation": "8am-4pm, Open later seasonally", "Accessibility": "Fully Accessible", "Restroom Type": "Multi-Stall W\/M Restrooms", "Changing Stations": null, "Additional Notes": null, "Website": null, "Latitude": 40.834325, "Longitude": -73.862182, "Location": "POINT (-73.862182 40.834325)" }, "geometry": { "type": "Point", "coordinates": [ -73.862182, 40.834324999999836 ] } },
{ "type": "Feature", "properties": { "Facility Name": "Baruch Playground", "Location Type": "Park", "Operator": "NYC Parks", "Status": "Operational", "Open": "Year Round", "Hours of Operation": "8am-4pm, Open later seasonally", "Accessibility": "Fully Accessible", "Restroom Type": "Multi-Stall W\/M Restrooms", "Changing Stations": null, "Additional Notes": null, "Website": null, "Latitude": 40.717221, "Longitude": -73.976921, "Location": "POINT (-73.976921 40.717221)" }, "geometry": { "type": "Point", "coordinates": [ -73.976921, 40.717220999999853 ] } },
{ "type": "Feature", "properties": { "Facility Name": "Martin Van Buren Playground", "Location Type": "Park", "Operator": "NYC Parks", "Status": "Operational", "Open": "Year Round", "Hours of Operation": "8am-4pm, Open later seasonally", "Accessibility": "Fully Accessible", "Restroom Type": "Multi-Stall W\/M Restrooms", "Changing Stations": null, "Additional Notes": null, "Website": null, "Latitude": 40.835128, "Longitude": -73.896207, "Location": "POINT (-73.896207 40.835128)" }, "geometry": { "type": "Point", "coordinates": [ -73.896207, 40.835127999999834 ] } },
{ "type": "Feature", "properties": { "Facility Name": "Baisley Pond Park Zone 4", "Location Type": "Park", "Operator": "NYC Parks", "Status": "Operational", "Open": "Year Round", "Hours of Operation": "8am-4pm, Open later seasonally", "Accessibility": "Not Accessible", "Restroom Type": "Multi-Stall W\/M Restrooms", "Changing Stations": null, "Additional Notes": null, "Website": null, "Latitude": 40.674641, "Longitude": -73.787828, "Location": "POINT (-73.787828 40.674641)" }, "geometry": { "type": "Point", "coordinates": [ -73.787828, 40.674640999999845 ] } },
{ "type": "Feature", "properties": { "Facility Name": "Brighton Beach Library, BPL", "Location Type": "Library", "Operator": "BPL", "Status": "Operational", "Open": "Year Round", "Hours of Operation": "Monday\t10 am - 6 pm\nTuesday\t1 pm - 8 pm\nWednesday\t10 am - 6 pm\nThursday\t10 am - 8 pm\nFriday\t10 am - 6 pm\nSaturday\t10 am - 5 pm\nSunday\tCLOSED", "Accessibility": "Fully Accessible", "Restroom Type": "Both Single-Stall All Gender and Multi-Stall W\/M", "Changing Stations": "Yes", "Additional Notes": null, "Website": "https:\/\/www.bklynlibrary.org\/locations\/brighton-beach", "Latitude": 40.576116, "Longitude": -73.966776, "Location": "POINT (-73.966776 40.576116)" }, "geometry": { "type": "Point", "coordinates": [ -73.966776, 40.576115999999843 ] } },
{ "type": "Feature", "properties": { "Facility Name": "Little Flower Playground", "Location Type": "Park", "Operator": "NYC Parks", "Status": "Operational", "Open": "Seasonal", "Hours of Operation": "8am-4pm, Open later seasonally", "Accessibility": "Fully Accessible", "Restroom Type": "Multi-Stall W\/M Restrooms", "Changing Stations": null, "Additional Notes": null, "Website": null, "Latitude": 40.71258, "Longitude": -73.988577, "Location": "POINT (-73.988577 40.71258)" }, "geometry": { "type": "Point", "coordinates": [ -73.988577, 40.712579999999853 ] } },
{ "type": "Feature", "properties": { "Facility Name": "Cedar Playground", "Location Type": "Park", "Operator": "NYC Parks", "Status": "Operational", "Open": "Year Round", "Hours of Operation": "8am-4pm, Open later seasonally", "Accessibility": "Fully Accessible", "Restroom Type": "Multi-Stall W\/M Restrooms", "Changing Stations": null, "Additional Notes": null, "Website": null, "Latitude": 40.855276, "Longitude": -73.917529, "Location": "POINT (-73.917529 40.855276)" }, "geometry": { "type": "Point", "coordinates": [ -73.917529, 40.85527599999984 ] } },
{ "type": "Feature", "properties": { "Facility Name": "Crowley Playground", "Location Type": "Park", "Operator": "NYC Parks", "Status": "Operational", "Open": "Year Round", "Hours of Operation": "8am-4pm, Open later seasonally", "Accessibility": "Not Accessible", "Restroom Type": "Multi-Stall W\/M Restrooms", "Changing Stations": null, "Additional Notes": null, "Website": null, "Latitude": 40.729314, "Longitude": -73.87985, "Location": "POINT (-73.87985 40.729314)" }, "geometry": { "type": "Point", "coordinates": [ -73.87985, 40.729313999999846 ] } },
{ "type": "Feature", "properties": { "Facility Name": "Millennium Playground", "Location Type": "Park", "Operator": "NYC Parks", "Status": "Operational", "Open": "Seasonal", "Hours of Operation": "8am-4pm, Open later seasonally", "Accessibility": "Not Accessible", "Restroom Type": "Multi-Stall W\/M Restrooms", "Changing Stations": null, "Additional Notes": null, "Website": null, "Latitude": 40.635483, "Longitude": -74.019348, "Location": "POINT (-74.019348 40.635483)" }, "geometry": { "type": "Point", "coordinates": [ -74.019348, 40.63548299999983 ] } },
{ "type": "Feature", "properties": { "Facility Name": "Juniper Valley Park Zone 1", "Location Type": "Park", "Operator": "NYC Parks", "Status": "Operational", "Open": "Year Round", "Hours of Operation": "8am-4pm, Open later seasonally", "Accessibility": "Not Accessible", "Restroom Type": "Multi-Stall W\/M Restrooms", "Changing Stations": null, "Additional Notes": null, "Website": null, "Latitude": 40.718758, "Longitude": -73.884557, "Location": "POINT (-73.884557 40.718758)" }, "geometry": { "type": "Point", "coordinates": [ -73.884557, 40.718757999999838 ] } },
{ "type": "Feature", "properties": { "Facility Name": "Ciccarone Park", "Location Type": "Park", "Operator": "NYC Parks", "Status": "Operational", "Open": "Year Round", "Hours of Operation": "8am-4pm, Open later seasonally", "Accessibility": "Fully Accessible", "Restroom Type": "Multi-Stall W\/M Restrooms", "Changing Stations": null, "Additional Notes": null, "Website": null, "Latitude": 40.855901, "Longitude": -73.886586, "Location": "POINT (-73.886586 40.855901)" }, "geometry": { "type": "Point", "coordinates": [ -73.886586, 40.855900999999847 ] } },
{ "type": "Feature", "properties": { "Facility Name": "Cunningham Park Zone 2", "Location Type": "Park", "Operator": "NYC Parks", "Status": "Operational", "Open": "Year Round", "Hours of Operation": "8am-4pm, Open later seasonally", "Accessibility": "Not Accessible", "Restroom Type": "Multi-Stall W\/M Restrooms", "Changing Stations": null, "Additional Notes": null, "Website": null, "Latitude": 40.729649, "Longitude": -73.773627, "Location": "POINT (-73.773627 40.729649)" }, "geometry": { "type": "Point", "coordinates": [ -73.773627, 40.729648999999846 ] } },
{ "type": "Feature", "properties": { "Facility Name": "De Witt Clinton Park", "Location Type": "Park", "Operator": "NYC Parks", "Status": "Operational", "Open": "Year Round", "Hours of Operation": "8am-4pm, Open later seasonally", "Accessibility": "Fully Accessible", "Restroom Type": "Multi-Stall W\/M Restrooms", "Changing Stations": null, "Additional Notes": null, "Website": null, "Latitude": 40.768206, "Longitude": -73.994637, "Location": "POINT (-73.994637 40.768206)" }, "geometry": { "type": "Point", "coordinates": [ -73.994637, 40.768205999999843 ] } },
{ "type": "Feature", "properties": { "Facility Name": "Tilden Playground", "Location Type": "Park", "Operator": "NYC Parks", "Status": "Operational", "Open": "Year Round", "Hours of Operation": "8am-4pm, Open later seasonally", "Accessibility": "Fully Accessible", "Restroom Type": "Multi-Stall W\/M Restrooms", "Changing Stations": null, "Additional Notes": null, "Website": null, "Latitude": 40.647904, "Longitude": -73.931386, "Location": "POINT (-73.931386 40.647904)" }, "geometry": { "type": "Point", "coordinates": [ -73.931386, 40.647903999999841 ] } },
{ "type": "Feature", "properties": { "Facility Name": "Coney Island Library, BPL", "Location Type": "Library", "Operator": "BPL", "Status": "Operational", "Open": "Year Round", "Hours of Operation": "Monday\t10 am - 6 pm\nTuesday\t1 pm - 8 pm\nWednesday\t10 am - 6 pm\nThursday\t10 am - 8 pm\nFriday\t10 am - 6 pm\nSaturday\t10 am - 5 pm\nSunday\tCLOSED", "Accessibility": "Fully Accessible", "Restroom Type": "Single-Stall All Gender Restroom(s)", "Changing Stations": "Yes", "Additional Notes": null, "Website": "https:\/\/www.bklynlibrary.org\/locations\/coney-island-library", "Latitude": 40.576646, "Longitude": -73.986063, "Location": "POINT (-73.986063 40.576646)" }, "geometry": { "type": "Point", "coordinates": [ -73.986063, 40.576645999999826 ] } },
{ "type": "Feature", "properties": { "Facility Name": "Plaza de Las Americas APT", "Location Type": "Public Plaza", "Operator": "NYC DOT\/JCDecaux", "Status": "Operational", "Open": "Year Round", "Hours of Operation": "8am-8pm", "Accessibility": "Fully Accessible", "Restroom Type": "Single-Stall All Gender Restroom(s)", "Changing Stations": "No", "Additional Notes": "This unit costs $.25 to use.", "Website": "https:\/\/portal.311.nyc.gov\/article\/?kanumber=KA-02226", "Latitude": 40.84593, "Longitude": -73.937997, "Location": "POINT (-73.937997 40.84593)" }, "geometry": { "type": "Point", "coordinates": [ -73.937997, 40.845929999999839 ] } },
{ "type": "Feature", "properties": { "Facility Name": "Monsignor Mcgolrick Playground", "Location Type": "Park", "Operator": "NYC Parks", "Status": "Operational", "Open": "Year Round", "Hours of Operation": "8am-4pm, Open later seasonally", "Accessibility": "Fully Accessible", "Restroom Type": "Multi-Stall W\/M Restrooms", "Changing Stations": null, "Additional Notes": null, "Website": null, "Latitude": 40.724828, "Longitude": -73.943479, "Location": "POINT (-73.943479 40.724828)" }, "geometry": { "type": "Point", "coordinates": [ -73.943479, 40.724827999999832 ] } },
{ "type": "Feature", "properties": { "Facility Name": "Luther Gulick Park", "Location Type": "Park", "Operator": "NYC Parks", "Status": "Operational", "Open": "Year Round", "Hours of Operation": "8am-4pm, Open later seasonally", "Accessibility": "Fully Accessible", "Restroom Type": "Multi-Stall W\/M Restrooms", "Changing Stations": null, "Additional Notes": null, "Website": null, "Latitude": 40.71594, "Longitude": -73.981596, "Location": "POINT (-73.981596 40.71594)" }, "geometry": { "type": "Point", "coordinates": [ -73.981596, 40.715939999999833 ] } },
{ "type": "Feature", "properties": { "Facility Name": "Mafera Park", "Location Type": "Park", "Operator": "NYC Parks", "Status": "Operational", "Open": "Year Round", "Hours of Operation": "8am-4pm, Open later seasonally", "Accessibility": "Not Accessible", "Restroom Type": "Multi-Stall W\/M Restrooms", "Changing Stations": null, "Additional Notes": null, "Website": null, "Latitude": 40.706043, "Longitude": -73.891339, "Location": "POINT (-73.891339 40.706043)" }, "geometry": { "type": "Point", "coordinates": [ -73.891339, 40.706042999999845 ] } },
{ "type": "Feature", "properties": { "Facility Name": "The Pearly Gates Playground", "Location Type": "Park", "Operator": "NYC Parks", "Status": "Operational", "Open": "Year Round", "Hours of Operation": "8am-4pm, Open later seasonally", "Accessibility": "Fully Accessible", "Restroom Type": "Multi-Stall W\/M Restrooms", "Changing Stations": null, "Additional Notes": null, "Website": null, "Latitude": 40.838776, "Longitude": -73.845741, "Location": "POINT (-73.845741 40.838776)" }, "geometry": { "type": "Point", "coordinates": [ -73.845741, 40.838775999999847 ] } },
{ "type": "Feature", "properties": { "Facility Name": "Willink Hill", "Location Type": "Park", "Operator": "NYC Parks", "Status": "Operational", "Open": "Seasonal", "Hours of Operation": "8am-4pm, Open later seasonally", "Accessibility": "Not Accessible", "Restroom Type": "Multi-Stall W\/M Restrooms", "Changing Stations": null, "Additional Notes": null, "Website": null, "Latitude": 40.662905, "Longitude": -73.963469, "Location": "POINT (-73.963469 40.662905)" }, "geometry": { "type": "Point", "coordinates": [ -73.963469, 40.662904999999832 ] } },
{ "type": "Feature", "properties": { "Facility Name": "Athens Square", "Location Type": "Park", "Operator": "NYC Parks", "Status": "Operational", "Open": "Year Round", "Hours of Operation": "8am-4pm, Open later seasonally", "Accessibility": "Fully Accessible", "Restroom Type": "Both Single-Stall All Gender and Multi-Stall W\/M", "Changing Stations": null, "Additional Notes": null, "Website": null, "Latitude": 40.768009, "Longitude": -73.921874, "Location": "POINT (-73.921874 40.768009)" }, "geometry": { "type": "Point", "coordinates": [ -73.921874, 40.768008999999836 ] } },
{ "type": "Feature", "properties": { "Facility Name": "Kaiser Park Zone 1", "Location Type": "Park", "Operator": "NYC Parks", "Status": "Operational", "Open": "Year Round", "Hours of Operation": "8am-4pm, Open later seasonally", "Accessibility": "Fully Accessible", "Restroom Type": "Multi-Stall W\/M Restrooms", "Changing Stations": null, "Additional Notes": null, "Website": null, "Latitude": 40.578523, "Longitude": -73.995414, "Location": "POINT (-73.995414 40.578523)" }, "geometry": { "type": "Point", "coordinates": [ -73.995414, 40.578522999999841 ] } },
{ "type": "Feature", "properties": { "Facility Name": "Brownsville Library, BPL", "Location Type": "Library", "Operator": "BPL", "Status": "Operational", "Open": "Year Round", "Hours of Operation": "Monday\t10 am - 6 pm\nTuesday\t1 pm - 8 pm\nWednesday\t10 am - 6 pm\nThursday\t10 am - 8 pm\nFriday\t10 am - 6 pm\nSaturday\t10 am - 5 pm\nSunday\tCLOSED", "Accessibility": "Fully Accessible", "Restroom Type": "Single-Stall All Gender Restroom(s)", "Changing Stations": "Yes", "Additional Notes": null, "Website": "https:\/\/www.bklynlibrary.org\/locations\/brownsville", "Latitude": 40.671535, "Longitude": -73.908605, "Location": "POINT (-73.908605 40.671535)" }, "geometry": { "type": "Point", "coordinates": [ -73.908605, 40.671534999999828 ] } },
{ "type": "Feature", "properties": { "Facility Name": "Frederick Douglass Playground", "Location Type": "Park", "Operator": "NYC Parks", "Status": "Operational", "Open": "Year Round", "Hours of Operation": "8am-4pm, Open later seasonally", "Accessibility": "Not Accessible", "Restroom Type": "Multi-Stall W\/M Restrooms", "Changing Stations": null, "Additional Notes": null, "Website": null, "Latitude": 40.797007, "Longitude": -73.967677, "Location": "POINT (-73.967677 40.797007)" }, "geometry": { "type": "Point", "coordinates": [ -73.967677, 40.797006999999837 ] } },
{ "type": "Feature", "properties": { "Facility Name": "Herbert Von King Park", "Location Type": "Park", "Operator": "NYC Parks", "Status": "Operational", "Open": "Year Round", "Hours of Operation": "8am-4pm, Open later seasonally", "Accessibility": "Fully Accessible", "Restroom Type": "Multi-Stall W\/M Restrooms", "Changing Stations": null, "Additional Notes": null, "Website": null, "Latitude": 40.689845, "Longitude": -73.946509, "Location": "POINT (-73.946509 40.689845)" }, "geometry": { "type": "Point", "coordinates": [ -73.946509, 40.689844999999821 ] } },
{ "type": "Feature", "properties": { "Facility Name": "Hamilton Grange Library, NYPL", "Location Type": "Library", "Operator": "NYPL", "Status": "Operational", "Open": "Year Round", "Hours of Operation": "Sunday: Closed \nMonday: 10:00 am - 7:00 pm \nTuesday: 10:00 am - 7:00 pm\nWednesday: 10:00 am - 7:00 pm\nThursday: 10:00 am - 7:00 pm\nFriday: 11:00 am - 6:00 pm \nSaturday: 11:00 am - 5:00 pm", "Accessibility": "Fully Accessible", "Restroom Type": "Single-Stall All Gender Restroom(s)", "Changing Stations": "Yes", "Additional Notes": null, "Website": "https:\/\/www.nypl.org\/locations\/hamilton-grange", "Latitude": 40.825681, "Longitude": -73.948034, "Location": "POINT (-73.948034 40.825681)" }, "geometry": { "type": "Point", "coordinates": [ -73.948034, 40.82568099999984 ] } },
{ "type": "Feature", "properties": { "Facility Name": "Gouverneur Playground", "Location Type": "Park", "Operator": "NYC Parks", "Status": "Operational", "Open": "Year Round", "Hours of Operation": "8am-4pm, Open later seasonally", "Accessibility": "Fully Accessible", "Restroom Type": "Multi-Stall W\/M Restrooms", "Changing Stations": null, "Additional Notes": null, "Website": null, "Latitude": 40.83577, "Longitude": -73.903351, "Location": "POINT (-73.903351 40.83577)" }, "geometry": { "type": "Point", "coordinates": [ -73.903351, 40.835769999999833 ] } },
{ "type": "Feature", "properties": { "Facility Name": "Frederick Johnson Playground", "Location Type": "Park", "Operator": "NYC Parks", "Status": "Operational", "Open": null, "Hours of Operation": "8am-4pm, Open later seasonally", "Accessibility": "Fully Accessible", "Restroom Type": "Multi-Stall W\/M Restrooms", "Changing Stations": null, "Additional Notes": null, "Website": null, "Latitude": 40.824672, "Longitude": -73.934799, "Location": "POINT (-73.934799 40.824672)" }, "geometry": { "type": "Point", "coordinates": [ -73.934799, 40.824671999999836 ] } },
{ "type": "Feature", "properties": { "Facility Name": "Pena Herrera Playground", "Location Type": "Park", "Operator": "NYC Parks", "Status": "Operational", "Open": "Year Round", "Hours of Operation": "8am-4pm, Open later seasonally", "Accessibility": "Not Accessible", "Restroom Type": "Multi-Stall W\/M Restrooms", "Changing Stations": null, "Additional Notes": null, "Website": null, "Latitude": 40.649389, "Longitude": -74.012122, "Location": "POINT (-74.012122 40.649389)" }, "geometry": { "type": "Point", "coordinates": [ -74.012122, 40.649388999999836 ] } },
{ "type": "Feature", "properties": { "Facility Name": "Tiger Playground", "Location Type": "Park", "Operator": "NYC Parks", "Status": "Operational", "Open": "Seasonal", "Hours of Operation": "8am-4pm, Open later seasonally", "Accessibility": "Fully Accessible", "Restroom Type": "Multi-Stall W\/M Restrooms", "Changing Stations": null, "Additional Notes": null, "Website": null, "Latitude": 40.688027, "Longitude": -73.911172, "Location": "POINT (-73.911172 40.688027)" }, "geometry": { "type": "Point", "coordinates": [ -73.911172, 40.688026999999821 ] } },
{ "type": "Feature", "properties": { "Facility Name": "Renaissance Playground", "Location Type": "Park", "Operator": "NYC Parks", "Status": "Operational", "Open": "Year Round", "Hours of Operation": "8am-4pm, Open later seasonally", "Accessibility": "Fully Accessible", "Restroom Type": "Both Single-Stall All Gender and Multi-Stall W\/M", "Changing Stations": null, "Additional Notes": null, "Website": null, "Latitude": 40.821684, "Longitude": -73.941657, "Location": "POINT (-73.941657 40.821684)" }, "geometry": { "type": "Point", "coordinates": [ -73.941657, 40.821683999999841 ] } },
{ "type": "Feature", "properties": { "Facility Name": "Sara D. Roosevelt Park", "Location Type": "Park", "Operator": "NYC Parks", "Status": "Operational", "Open": "Year Round", "Hours of Operation": "8am-4pm, Open later seasonally", "Accessibility": "Fully Accessible", "Restroom Type": "Multi-Stall W\/M Restrooms", "Changing Stations": null, "Additional Notes": null, "Website": null, "Latitude": 40.718813, "Longitude": -73.993045, "Location": "POINT (-73.993045 40.718813)" }, "geometry": { "type": "Point", "coordinates": [ -73.993045, 40.718812999999827 ] } },
{ "type": "Feature", "properties": { "Facility Name": "Jaime Campiz Playground", "Location Type": "Park", "Operator": "NYC Parks", "Status": "Operational", "Open": "Year Round", "Hours of Operation": "8am-4pm, Open later seasonally", "Accessibility": "Fully Accessible", "Restroom Type": "Multi-Stall W\/M Restrooms", "Changing Stations": null, "Additional Notes": null, "Website": null, "Latitude": 40.713438, "Longitude": -73.954456, "Location": "POINT (-73.954456 40.713438)" }, "geometry": { "type": "Point", "coordinates": [ -73.954456, 40.71343799999984 ] } },
{ "type": "Feature", "properties": { "Facility Name": "East Parade Grounds", "Location Type": "Park", "Operator": "NYC Parks", "Status": "Operational", "Open": "Seasonal", "Hours of Operation": "Open by permit", "Accessibility": "Not Accessible", "Restroom Type": "Multi-Stall W\/M Restrooms", "Changing Stations": null, "Additional Notes": null, "Website": null, "Latitude": 40.650803, "Longitude": -73.968193, "Location": "POINT (-73.968193 40.650803)" }, "geometry": { "type": "Point", "coordinates": [ -73.968193, 40.65080299999984 ] } },
{ "type": "Feature", "properties": { "Facility Name": "Poppenhusen Playground", "Location Type": "Park", "Operator": "NYC Parks", "Status": "Operational", "Open": "Year Round", "Hours of Operation": "8am-4pm, Open later seasonally", "Accessibility": "Not Accessible", "Restroom Type": "Multi-Stall W\/M Restrooms", "Changing Stations": null, "Additional Notes": null, "Website": null, "Latitude": 40.781418, "Longitude": -73.844513, "Location": "POINT (-73.844513 40.781418)" }, "geometry": { "type": "Point", "coordinates": [ -73.844513, 40.781417999999846 ] } },
{ "type": "Feature", "properties": { "Facility Name": "Mazzei Playground", "Location Type": "Park", "Operator": "NYC Parks", "Status": "Operational", "Open": "Year Round", "Hours of Operation": "8am-4pm, Open later seasonally", "Accessibility": "Fully Accessible", "Restroom Type": "Multi-Stall W\/M Restrooms", "Changing Stations": null, "Additional Notes": null, "Website": null, "Latitude": 40.862511, "Longitude": -73.858204, "Location": "POINT (-73.858204 40.862511)" }, "geometry": { "type": "Point", "coordinates": [ -73.858204, 40.862510999999849 ] } },
{ "type": "Feature", "properties": { "Facility Name": "Playground Seventy Five", "Location Type": "Park", "Operator": "NYC Parks", "Status": "Operational", "Open": "Year Round", "Hours of Operation": "8am-4pm, Open later seasonally", "Accessibility": "Not Accessible", "Restroom Type": "Multi-Stall W\/M Restrooms", "Changing Stations": null, "Additional Notes": null, "Website": null, "Latitude": 40.726381, "Longitude": -73.808427, "Location": "POINT (-73.808427 40.726381)" }, "geometry": { "type": "Point", "coordinates": [ -73.808427, 40.726380999999833 ] } },
{ "type": "Feature", "properties": { "Facility Name": "227th Street Playground", "Location Type": "Park", "Operator": "NYC Parks", "Status": "Operational", "Open": "Year Round", "Hours of Operation": "8am-4pm, Open later seasonally", "Accessibility": "Fully Accessible", "Restroom Type": "Multi-Stall W\/M Restrooms", "Changing Stations": null, "Additional Notes": null, "Website": null, "Latitude": 40.890828, "Longitude": -73.864062, "Location": "POINT (-73.864062 40.890828)" }, "geometry": { "type": "Point", "coordinates": [ -73.864062, 40.890827999999843 ] } },
{ "type": "Feature", "properties": { "Facility Name": "Pat Parlato Playground", "Location Type": "Park", "Operator": "NYC Parks", "Status": "Operational", "Open": "Year Round", "Hours of Operation": "8am-4pm, Open later seasonally", "Accessibility": "Partially Accessible", "Restroom Type": "Multi-Stall W\/M Restrooms", "Changing Stations": null, "Additional Notes": null, "Website": null, "Latitude": 40.577023, "Longitude": -73.946194, "Location": "POINT (-73.946194 40.577023)" }, "geometry": { "type": "Point", "coordinates": [ -73.946194, 40.577022999999812 ] } },
{ "type": "Feature", "properties": { "Facility Name": "Columbus Park", "Location Type": "Park", "Operator": "NYC Parks", "Status": "Operational", "Open": "Year Round", "Hours of Operation": "8am-4pm, Open later seasonally", "Accessibility": "Fully Accessible", "Restroom Type": "Multi-Stall W\/M Restrooms", "Changing Stations": null, "Additional Notes": null, "Website": null, "Latitude": 40.714862, "Longitude": -74.000058, "Location": "POINT (-74.000058 40.714862)" }, "geometry": { "type": "Point", "coordinates": [ -74.000058, 40.714861999999847 ] } },
{ "type": "Feature", "properties": { "Facility Name": "London Planetree Playground", "Location Type": "Park", "Operator": "NYC Parks", "Status": "Operational", "Open": "Year Round", "Hours of Operation": "8am-4pm, Open later seasonally", "Accessibility": "Partially Accessible", "Restroom Type": "Multi-Stall W\/M Restrooms", "Changing Stations": null, "Additional Notes": null, "Website": null, "Latitude": 40.685916, "Longitude": -73.853136, "Location": "POINT (-73.853136 40.685916)" }, "geometry": { "type": "Point", "coordinates": [ -73.853136, 40.685915999999828 ] } },
{ "type": "Feature", "properties": { "Facility Name": "Eastchester Library, NYPL", "Location Type": "Library", "Operator": "NYPL", "Status": "Operational", "Open": "Year Round", "Hours of Operation": "Sunday: Closed \nMonday: 10:00 am - 7:00 pm \nTuesday: 10:00 am - 7:00 pm\nWednesday: 10:00 am - 7:00 pm\nThursday: 10:00 am - 7:00 pm\nFriday: 10:00 am - 5:00 pm \nSaturday: 10:00 am - 5:00 pm", "Accessibility": "Fully Accessible", "Restroom Type": "Single-Stall All Gender Restroom(s)", "Changing Stations": "No", "Additional Notes": null, "Website": "https:\/\/www.nypl.org\/locations\/eastchester", "Latitude": 40.870148, "Longitude": -73.845066, "Location": "POINT (-73.845066 40.870148)" }, "geometry": { "type": "Point", "coordinates": [ -73.845066, 40.870147999999851 ] } },
{ "type": "Feature", "properties": { "Facility Name": "Henry Hudson Park", "Location Type": "Park", "Operator": "NYC Parks", "Status": "Operational", "Open": "Year Round", "Hours of Operation": "8am-4pm, Open later seasonally", "Accessibility": "Fully Accessible", "Restroom Type": "Multi-Stall W\/M Restrooms", "Changing Stations": null, "Additional Notes": null, "Website": null, "Latitude": 40.881056, "Longitude": -73.920604, "Location": "POINT (-73.920604 40.881056)" }, "geometry": { "type": "Point", "coordinates": [ -73.920604, 40.881055999999845 ] } },
{ "type": "Feature", "properties": { "Facility Name": "Horatio Playground", "Location Type": "Park", "Operator": "NYC Parks", "Status": "Operational", "Open": "Year Round", "Hours of Operation": "8am-4pm, Open later seasonally", "Accessibility": "Not Accessible", "Restroom Type": "Multi-Stall W\/M Restrooms", "Changing Stations": null, "Additional Notes": null, "Website": null, "Latitude": 40.758782, "Longitude": -73.753965, "Location": "POINT (-73.753965 40.758782)" }, "geometry": { "type": "Point", "coordinates": [ -73.753965, 40.75878199999984 ] } },
{ "type": "Feature", "properties": { "Facility Name": "Tiffany Playground", "Location Type": "Park", "Operator": "NYC Parks", "Status": "Operational", "Open": "Year Round", "Hours of Operation": "8am-4pm, Open later seasonally", "Accessibility": "Fully Accessible", "Restroom Type": "Multi-Stall W\/M Restrooms", "Changing Stations": null, "Additional Notes": null, "Website": null, "Latitude": 40.824764, "Longitude": -73.894346, "Location": "POINT (-73.894346 40.824764)" }, "geometry": { "type": "Point", "coordinates": [ -73.894346, 40.824763999999838 ] } },
{ "type": "Feature", "properties": { "Facility Name": "Silver Lake Park Playground", "Location Type": "Park", "Operator": "NYC Parks", "Status": "Operational", "Open": "Year Round", "Hours of Operation": "8am-4pm, Open later seasonally", "Accessibility": "Not Accessible", "Restroom Type": "Multi-Stall W\/M Restrooms", "Changing Stations": null, "Additional Notes": null, "Website": null, "Latitude": 40.628284, "Longitude": -74.099015, "Location": "POINT (-74.099015 40.628284)" }, "geometry": { "type": "Point", "coordinates": [ -74.099015, 40.628283999999844 ] } },
{ "type": "Feature", "properties": { "Facility Name": "Kennedy King Playground", "Location Type": "Park", "Operator": "NYC Parks", "Status": "Operational", "Open": "Year Round", "Hours of Operation": "8am-4pm, Open later seasonally", "Accessibility": "Fully Accessible", "Restroom Type": "Multi-Stall W\/M Restrooms", "Changing Stations": null, "Additional Notes": null, "Website": null, "Latitude": 40.658699, "Longitude": -73.921767, "Location": "POINT (-73.921767 40.658699)" }, "geometry": { "type": "Point", "coordinates": [ -73.921767, 40.658698999999828 ] } },
{ "type": "Feature", "properties": { "Facility Name": "Coney Island Beach Zone 5b", "Location Type": "Park", "Operator": "NYC Parks", "Status": "Operational", "Open": "Seasonal", "Hours of Operation": "8am-4pm, Open later seasonally", "Accessibility": "Fully Accessible", "Restroom Type": "Multi-Stall W\/M Restrooms", "Changing Stations": null, "Additional Notes": null, "Website": null, "Latitude": 40.572596, "Longitude": -73.983135, "Location": "POINT (-73.983135 40.572596)" }, "geometry": { "type": "Point", "coordinates": [ -73.983135, 40.572595999999841 ] } },
{ "type": "Feature", "properties": { "Facility Name": "Reiff Playground", "Location Type": "Park", "Operator": "NYC Parks", "Status": "Operational", "Open": "Year Round", "Hours of Operation": "8am-4pm, Open later seasonally", "Accessibility": "Fully Accessible", "Restroom Type": "Multi-Stall W\/M Restrooms", "Changing Stations": null, "Additional Notes": null, "Website": null, "Latitude": 40.718855, "Longitude": -73.901937, "Location": "POINT (-73.901937 40.718855)" }, "geometry": { "type": "Point", "coordinates": [ -73.901937, 40.718854999999841 ] } },
{ "type": "Feature", "properties": { "Facility Name": "Belmont Library and Enrico Fermi Cultural Center, NYPL", "Location Type": "Library", "Operator": "NYPL", "Status": "Operational", "Open": "Year Round", "Hours of Operation": "Sunday: Closed \nMonday: 10:00 am - 6:00 pm \nTuesday: 10:00 am - 6:00 pm\nWednesday: 10:00 am - 6:00 pm\nThursday: 10:00 am - 6:00 pm\nFriday: 10:00 am - 5:00 pm \nSaturday: 10:00 am - 5:00 pm", "Accessibility": "Fully Accessible", "Restroom Type": "Single-Stall All Gender Restroom(s)", "Changing Stations": "No", "Additional Notes": null, "Website": "https:\/\/www.nypl.org\/locations\/belmont", "Latitude": 40.854353, "Longitude": -73.887884, "Location": "POINT (-73.887884 40.854353)" }, "geometry": { "type": "Point", "coordinates": [ -73.887884, 40.854352999999861 ] } },
{ "type": "Feature", "properties": { "Facility Name": "Rugby Library, BPL", "Location Type": "Library", "Operator": "BPL", "Status": "Operational", "Open": "Year Round", "Hours of Operation": "Monday\t10 am - 6 pm\nTuesday\t1 pm - 8 pm\nWednesday\t10 am - 6 pm\nThursday\t10 am - 8 pm\nFriday\t10 am - 6 pm\nSaturday\t10 am - 5 pm\nSunday\tCLOSED", "Accessibility": "Fully Accessible", "Restroom Type": "Single-Stall All Gender Restroom(s)", "Changing Stations": "No", "Additional Notes": null, "Website": "https:\/\/www.bklynlibrary.org\/locations\/rugby", "Latitude": 40.648628, "Longitude": -73.930358, "Location": "POINT (-73.930358 40.648628)" }, "geometry": { "type": "Point", "coordinates": [ -73.930358, 40.648627999999846 ] } },
{ "type": "Feature", "properties": { "Facility Name": "Rockaway Beach 08a", "Location Type": "Park", "Operator": "NYC Parks", "Status": "Operational", "Open": "Seasonal", "Hours of Operation": "8am-4pm, Open later seasonally", "Accessibility": "Partially Accessible", "Restroom Type": "Multi-Stall W\/M Restrooms", "Changing Stations": null, "Additional Notes": null, "Website": null, "Latitude": 40.577933, "Longitude": -73.83522, "Location": "POINT (-73.83522 40.577933)" }, "geometry": { "type": "Point", "coordinates": [ -73.83522, 40.577932999999845 ] } },
{ "type": "Feature", "properties": { "Facility Name": "New Amsterdam Library, NYPL", "Location Type": "Library", "Operator": "NYPL", "Status": "Operational", "Open": "Year Round", "Hours of Operation": "Sunday: Closed \nMonday: 10:00 am - 7:00 pm \nTuesday: 10:00 am - 7:00 pm  \nWednesday: 10:00 am - 7:00 pm   \nThursday: 10:00 am - 7:00 pm   \nFriday: 10:00 am - 5:00 pm \nSaturday: 10:00 am - 5:00 pm", "Accessibility": "Fully Accessible", "Restroom Type": "Single-Stall All Gender Restroom(s)", "Changing Stations": "Yes", "Additional Notes": null, "Website": "https:\/\/www.nypl.org\/locations\/new-amsterdam", "Latitude": 40.713585, "Longitude": -74.007871, "Location": "POINT (-74.007871 40.713585)" }, "geometry": { "type": "Point", "coordinates": [ -74.007871, 40.713584999999824 ] } },
{ "type": "Feature", "properties": { "Facility Name": "Mathews-Palmer Playground", "Location Type": "Park", "Operator": "NYC Parks", "Status": "Operational", "Open": "Year Round", "Hours of Operation": "8am-4pm, Open later seasonally", "Accessibility": "Not Accessible", "Restroom Type": "Multi-Stall W\/M Restrooms", "Changing Stations": null, "Additional Notes": null, "Website": null, "Latitude": 40.761216, "Longitude": -73.992945, "Location": "POINT (-73.992945 40.761216)" }, "geometry": { "type": "Point", "coordinates": [ -73.992945, 40.76121599999982 ] } },
{ "type": "Feature", "properties": { "Facility Name": "College Point Blvd Ballfields", "Location Type": "Park", "Operator": "NYC Parks", "Status": "Operational", "Open": "Year Round", "Hours of Operation": "8am-4pm, Open later seasonally", "Accessibility": "Not Accessible", "Restroom Type": "Multi-Stall W\/M Restrooms", "Changing Stations": null, "Additional Notes": null, "Website": null, "Latitude": 40.741924, "Longitude": -73.847963, "Location": "POINT (-73.847963 40.741924)" }, "geometry": { "type": "Point", "coordinates": [ -73.847963, 40.74192399999982 ] } },
{ "type": "Feature", "properties": { "Facility Name": "Francis Martin Library, NYPL", "Location Type": "Library", "Operator": "NYPL", "Status": "Operational", "Open": "Year Round", "Hours of Operation": "Sunday: Closed \nMonday: 11:00 am - 7:00 pm \nTuesday: 11:00 am - 7:00 pm \nWednesday: 11:00 am - 7:00 pm \nThursday: 11:00 am - 7:00 pm \nFriday: 10:00 am - 6:00 pm \nSaturday: 10:00 am - 5:00 pm", "Accessibility": "Fully Accessible", "Restroom Type": "Both Single-Stall All Gender and Multi-Stall W\/M", "Changing Stations": "\"Yes, in single-stall all gender restroom only\"", "Additional Notes": null, "Website": "https:\/\/www.nypl.org\/locations\/francis-martin", "Latitude": 40.85743, "Longitude": -73.909318, "Location": "POINT (-73.909318 40.85743)" }, "geometry": { "type": "Point", "coordinates": [ -73.909318, 40.857429999999852 ] } },
{ "type": "Feature", "properties": { "Facility Name": "Carl Schurz Park Main Lawn", "Location Type": "Park", "Operator": "NYC Parks", "Status": "Operational", "Open": "Year Round", "Hours of Operation": "8am-4pm, Open later seasonally", "Accessibility": "Partially Accessible", "Restroom Type": "Multi-Stall W\/M Restrooms", "Changing Stations": null, "Additional Notes": null, "Website": null, "Latitude": 40.773579, "Longitude": -73.945039, "Location": "POINT (-73.945039 40.773579)" }, "geometry": { "type": "Point", "coordinates": [ -73.945039, 40.773578999999835 ] } },
{ "type": "Feature", "properties": { "Facility Name": "Locust Manor Playground", "Location Type": "Park", "Operator": "NYC Parks", "Status": "Operational", "Open": "Year Round", "Hours of Operation": "8am-4pm, Open later seasonally", "Accessibility": "Not Accessible", "Restroom Type": "Multi-Stall W\/M Restrooms", "Changing Stations": null, "Additional Notes": null, "Website": null, "Latitude": 40.685926, "Longitude": -73.756171, "Location": "POINT (-73.756171 40.685926)" }, "geometry": { "type": "Point", "coordinates": [ -73.756171, 40.685925999999846 ] } },
{ "type": "Feature", "properties": { "Facility Name": "Holy Cow Playground", "Location Type": "Park", "Operator": "NYC Parks", "Status": "Operational", "Open": "Seasonal", "Hours of Operation": "8am-4pm, Open later seasonally", "Accessibility": "Not Accessible", "Restroom Type": "Multi-Stall W\/M Restrooms", "Changing Stations": null, "Additional Notes": null, "Website": null, "Latitude": 40.741371, "Longitude": -73.776439, "Location": "POINT (-73.776439 40.741371)" }, "geometry": { "type": "Point", "coordinates": [ -73.776439, 40.741370999999837 ] } },
{ "type": "Feature", "properties": { "Facility Name": "Clark Playground", "Location Type": "Park", "Operator": "NYC Parks", "Status": "Operational", "Open": "Year Round", "Hours of Operation": "8am-4pm, Open later seasonally", "Accessibility": "Fully Accessible", "Restroom Type": "Multi-Stall W\/M Restrooms", "Changing Stations": null, "Additional Notes": null, "Website": null, "Latitude": 40.813973, "Longitude": -73.921217, "Location": "POINT (-73.921217 40.813973)" }, "geometry": { "type": "Point", "coordinates": [ -73.921217, 40.813972999999841 ] } },
{ "type": "Feature", "properties": { "Facility Name": "Elmhurst Park", "Location Type": "Park", "Operator": "NYC Parks", "Status": "Operational", "Open": "Year Round", "Hours of Operation": "8am-4pm, Open later seasonally", "Accessibility": "Fully Accessible", "Restroom Type": "Both Single-Stall All Gender and Multi-Stall W\/M", "Changing Stations": null, "Additional Notes": null, "Website": null, "Latitude": 40.730523, "Longitude": -73.885101, "Location": "POINT (-73.885101 40.730523)" }, "geometry": { "type": "Point", "coordinates": [ -73.885101, 40.730522999999828 ] } },
{ "type": "Feature", "properties": { "Facility Name": "Lanett Playground", "Location Type": "Park", "Operator": "NYC Parks", "Status": "Operational", "Open": "Year Round", "Hours of Operation": "8am-4pm, Open later seasonally", "Accessibility": "Fully Accessible", "Restroom Type": "Multi-Stall W\/M Restrooms", "Changing Stations": null, "Additional Notes": null, "Website": null, "Latitude": 40.599303, "Longitude": -73.744247, "Location": "POINT (-73.744247 40.599303)" }, "geometry": { "type": "Point", "coordinates": [ -73.744247, 40.599302999999843 ] } },
{ "type": "Feature", "properties": { "Facility Name": "Fulton Park", "Location Type": "Park", "Operator": "NYC Parks", "Status": "Operational", "Open": "Year Round", "Hours of Operation": "8am-4pm, Open later seasonally", "Accessibility": "Partially Accessible", "Restroom Type": "Multi-Stall W\/M Restrooms", "Changing Stations": null, "Additional Notes": null, "Website": null, "Latitude": 40.679792, "Longitude": -73.931616, "Location": "POINT (-73.931616 40.679792)" }, "geometry": { "type": "Point", "coordinates": [ -73.931616, 40.679791999999843 ] } },
{ "type": "Feature", "properties": { "Facility Name": "Hamilton Metz Field", "Location Type": "Park", "Operator": "NYC Parks", "Status": "Operational", "Open": "Year Round", "Hours of Operation": "8am-4pm, Open later seasonally", "Accessibility": "Not Accessible", "Restroom Type": "Multi-Stall W\/M Restrooms", "Changing Stations": null, "Additional Notes": null, "Website": null, "Latitude": 40.662623, "Longitude": -73.94066, "Location": "POINT (-73.94066 40.662623)" }, "geometry": { "type": "Point", "coordinates": [ -73.94066, 40.66262299999984 ] } },
{ "type": "Feature", "properties": { "Facility Name": "Pier 57 - Ground Floor, Rooftop", "Location Type": "Park", "Operator": "Hudson River Park", "Status": "Operational", "Open": "Year Round", "Hours of Operation": "6am - 1am, 7am - 10pm", "Accessibility": "Fully Accessible", "Restroom Type": null, "Changing Stations": null, "Additional Notes": null, "Website": null, "Latitude": 40.74354, "Longitude": -74.010294, "Location": "POINT (-74.010294 40.74354)" }, "geometry": { "type": "Point", "coordinates": [ -74.010294, 40.743539999999854 ] } },
{ "type": "Feature", "properties": { "Facility Name": "Levy Playground", "Location Type": "Park", "Operator": "NYC Parks", "Status": "Operational", "Open": "Year Round", "Hours of Operation": "8am-4pm, Open later seasonally", "Accessibility": "Fully Accessible", "Restroom Type": "Multi-Stall W\/M Restrooms", "Changing Stations": null, "Additional Notes": null, "Website": null, "Latitude": 40.633805, "Longitude": -74.129123, "Location": "POINT (-74.129123 40.633805)" }, "geometry": { "type": "Point", "coordinates": [ -74.129123, 40.633804999999846 ] } },
{ "type": "Feature", "properties": { "Facility Name": "Taylor Playground", "Location Type": "Park", "Operator": "NYC Parks", "Status": "Operational", "Open": "Year Round", "Hours of Operation": "8am-4pm, Open later seasonally", "Accessibility": "Fully Accessible", "Restroom Type": "Multi-Stall W\/M Restrooms", "Changing Stations": null, "Additional Notes": null, "Website": null, "Latitude": 40.839018, "Longitude": -73.866165, "Location": "POINT (-73.866165 40.839018)" }, "geometry": { "type": "Point", "coordinates": [ -73.866165, 40.839017999999825 ] } },
{ "type": "Feature", "properties": { "Facility Name": "Gorman Playground", "Location Type": "Park", "Operator": "NYC Parks", "Status": "Operational", "Open": "Year Round", "Hours of Operation": "8am-4pm, Open later seasonally", "Accessibility": "Not Accessible", "Restroom Type": "Multi-Stall W\/M Restrooms", "Changing Stations": null, "Additional Notes": null, "Website": null, "Latitude": 40.761939, "Longitude": -73.884157, "Location": "POINT (-73.884157 40.761939)" }, "geometry": { "type": "Point", "coordinates": [ -73.884157, 40.761938999999842 ] } },
{ "type": "Feature", "properties": { "Facility Name": "New Dorp Library, NYPL", "Location Type": "Library", "Operator": "NYPL", "Status": "Operational", "Open": "Year Round", "Hours of Operation": "Sunday: Closed \nMonday: 10:00 am - 7:00 pm \nTuesday: 10:00 am - 7:00 pm  \nWednesday: 10:00 am - 7:00 pm  \nThursday: 10:00 am - 7:00 pm   \nFriday: 10:00 am - 5:00 pm \nSaturday: 10:00 am - 5:00 pm", "Accessibility": "Fully Accessible", "Restroom Type": "Single-Stall All Gender Restroom(s)", "Changing Stations": "Yes", "Additional Notes": null, "Website": "https:\/\/www.nypl.org\/locations\/new-dorp", "Latitude": 40.57194, "Longitude": -74.11196, "Location": "POINT (-74.11196 40.57194)" }, "geometry": { "type": "Point", "coordinates": [ -74.11196, 40.571939999999856 ] } },
{ "type": "Feature", "properties": { "Facility Name": "Ferry Point Park Zone 4", "Location Type": "Park", "Operator": "NYC Parks", "Status": "Operational", "Open": "Year Round", "Hours of Operation": "8am-4pm, Open later seasonally", "Accessibility": "Fully Accessible", "Restroom Type": "Multi-Stall W\/M Restrooms", "Changing Stations": null, "Additional Notes": null, "Website": null, "Latitude": 40.820172, "Longitude": -73.826276, "Location": "POINT (-73.826276 40.820172)" }, "geometry": { "type": "Point", "coordinates": [ -73.826276, 40.820171999999836 ] } },
{ "type": "Feature", "properties": { "Facility Name": "McDonald Playground", "Location Type": "Park", "Operator": "NYC Parks", "Status": "Operational", "Open": "Year Round", "Hours of Operation": "8am-4pm, Open later seasonally", "Accessibility": "Not Accessible", "Restroom Type": "Multi-Stall W\/M Restrooms", "Changing Stations": null, "Additional Notes": null, "Website": null, "Latitude": 40.601157, "Longitude": -73.97217, "Location": "POINT (-73.97217 40.601157)" }, "geometry": { "type": "Point", "coordinates": [ -73.97217, 40.601156999999851 ] } },
{ "type": "Feature", "properties": { "Facility Name": "Potomac Playground", "Location Type": "Park", "Operator": "NYC Parks", "Status": "Operational", "Open": "Year Round", "Hours of Operation": "8am-4pm, Open later seasonally", "Accessibility": "Not Accessible", "Restroom Type": "Multi-Stall W\/M Restrooms", "Changing Stations": null, "Additional Notes": null, "Website": null, "Latitude": 40.682054, "Longitude": -73.944239, "Location": "POINT (-73.944239 40.682054)" }, "geometry": { "type": "Point", "coordinates": [ -73.944239, 40.682053999999837 ] } },
{ "type": "Feature", "properties": { "Facility Name": "575 Fifth Avenue POPS", "Location Type": "Privately Owned Public Space", "Operator": "575 Fifth Associates", "Status": "Operational", "Open": "Year Round", "Hours of Operation": "Everyday 7:00 am-12:00 am", "Accessibility": "Fully Accessible", "Restroom Type": "Multi-Stall W\/M Restrooms", "Changing Stations": "Yes", "Additional Notes": null, "Website": null, "Latitude": 40.756276, "Longitude": -73.978243, "Location": "POINT (-73.978243 40.756276)" }, "geometry": { "type": "Point", "coordinates": [ -73.978243, 40.756275999999829 ] } },
{ "type": "Feature", "properties": { "Facility Name": "Spring Creek Library, BPL", "Location Type": "Library", "Operator": "BPL", "Status": "Operational", "Open": "Year Round", "Hours of Operation": "Monday\t10 am - 6 pm\nTuesday\t1 pm - 8 pm\nWednesday\t10 am - 6 pm\nThursday\t10 am - 8 pm\nFriday\t10 am - 6 pm\nSaturday\t10 am - 5 pm\nSunday\tCLOSED", "Accessibility": "Fully Accessible", "Restroom Type": "Single-Stall All Gender Restroom(s)", "Changing Stations": "Yes", "Additional Notes": null, "Website": "https:\/\/www.bklynlibrary.org\/locations\/spring-creek", "Latitude": 40.653218, "Longitude": -73.885868, "Location": "POINT (-73.885868 40.653218)" }, "geometry": { "type": "Point", "coordinates": [ -73.885868, 40.653217999999832 ] } },
{ "type": "Feature", "properties": { "Facility Name": "Schmul Park", "Location Type": "Park", "Operator": "NYC Parks", "Status": "Operational", "Open": "Year Round", "Hours of Operation": "8am-4pm, Open later seasonally", "Accessibility": "Fully Accessible", "Restroom Type": "Multi-Stall W\/M Restrooms", "Changing Stations": null, "Additional Notes": null, "Website": null, "Latitude": 40.590111, "Longitude": -74.187877, "Location": "POINT (-74.187877 40.590111)" }, "geometry": { "type": "Point", "coordinates": [ -74.187877, 40.590110999999844 ] } },
{ "type": "Feature", "properties": { "Facility Name": "DeKalb Library, BPL", "Location Type": "Library", "Operator": "BPL", "Status": "Operational", "Open": "Year Round", "Hours of Operation": "Monday\t10 am - 6 pm\nTuesday\t1 pm - 8 pm\nWednesday\t10 am - 6 pm\nThursday\t10 am - 8 pm\nFriday\t10 am - 6 pm\nSaturday\t10 am - 5 pm\nSunday\tCLOSED", "Accessibility": "Partially Accessible", "Restroom Type": "Both Single-Stall All Gender and Multi-Stall W\/M", "Changing Stations": "Yes", "Additional Notes": null, "Website": "https:\/\/www.bklynlibrary.org\/locations\/dekalb", "Latitude": 40.694825, "Longitude": -73.9284, "Location": "POINT (-73.9284 40.694825)" }, "geometry": { "type": "Point", "coordinates": [ -73.9284, 40.694824999999831 ] } },
{ "type": "Feature", "properties": { "Facility Name": "McLaughlin Park", "Location Type": "Park", "Operator": "NYC Parks", "Status": "Operational", "Open": "Year Round", "Hours of Operation": "8am-4pm, Open later seasonally", "Accessibility": "Not Accessible", "Restroom Type": "Multi-Stall W\/M Restrooms", "Changing Stations": null, "Additional Notes": null, "Website": null, "Latitude": 40.696674, "Longitude": -73.986049, "Location": "POINT (-73.986049 40.696674)" }, "geometry": { "type": "Point", "coordinates": [ -73.986049, 40.696673999999831 ] } },
{ "type": "Feature", "properties": { "Facility Name": "Mt Prospect Park Playground", "Location Type": "Park", "Operator": "NYC Parks", "Status": "Operational", "Open": "Seasonal", "Hours of Operation": "8am-4pm, Open later seasonally", "Accessibility": "Not Accessible", "Restroom Type": "Multi-Stall W\/M Restrooms", "Changing Stations": null, "Additional Notes": null, "Website": null, "Latitude": 40.672159, "Longitude": -73.965872, "Location": "POINT (-73.965872 40.672159)" }, "geometry": { "type": "Point", "coordinates": [ -73.965872, 40.67215899999983 ] } },
{ "type": "Feature", "properties": { "Facility Name": "Magenta Playground", "Location Type": "Park", "Operator": "NYC Parks", "Status": "Operational", "Open": "Year Round", "Hours of Operation": "8am-4pm, Open later seasonally", "Accessibility": "Fully Accessible", "Restroom Type": "Multi-Stall W\/M Restrooms", "Changing Stations": null, "Additional Notes": null, "Website": null, "Latitude": 40.87355, "Longitude": -73.867834, "Location": "POINT (-73.867834 40.87355)" }, "geometry": { "type": "Point", "coordinates": [ -73.867834, 40.873549999999845 ] } },
{ "type": "Feature", "properties": { "Facility Name": "Cunningham Park Zone 1", "Location Type": "Park", "Operator": "NYC Parks", "Status": "Operational", "Open": "Year Round", "Hours of Operation": "8am-4pm, Open later seasonally", "Accessibility": "Fully Accessible", "Restroom Type": "Multi-Stall W\/M Restrooms", "Changing Stations": null, "Additional Notes": null, "Website": null, "Latitude": 40.726692, "Longitude": -73.775443, "Location": "POINT (-73.775443 40.726692)" }, "geometry": { "type": "Point", "coordinates": [ -73.775443, 40.726691999999844 ] } },
{ "type": "Feature", "properties": { "Facility Name": "Lower Highland Playground", "Location Type": "Park", "Operator": "NYC Parks", "Status": "Operational", "Open": "Year Round", "Hours of Operation": "8am-4pm, Open later seasonally", "Accessibility": "Fully Accessible", "Restroom Type": "Both Single-Stall All Gender and Multi-Stall W\/M", "Changing Stations": null, "Additional Notes": null, "Website": null, "Latitude": 40.684039, "Longitude": -73.885802, "Location": "POINT (-73.885802 40.684039)" }, "geometry": { "type": "Point", "coordinates": [ -73.885802, 40.684038999999828 ] } },
{ "type": "Feature", "properties": { "Facility Name": "Saratoga Library, BPL", "Location Type": "Library", "Operator": "BPL", "Status": "Operational", "Open": "Year Round", "Hours of Operation": "Monday\t10 am - 6 pm\nTuesday\t1 pm - 8 pm\nWednesday\t10 am - 6 pm\nThursday\t10 am - 8 pm\nFriday\t10 am - 6 pm\nSaturday\t10 am - 5 pm\nSunday\tCLOSED", "Accessibility": "Fully Accessible", "Restroom Type": "Both Single-Stall All Gender and Multi-Stall W\/M", "Changing Stations": "Yes", "Additional Notes": null, "Website": "https:\/\/www.bklynlibrary.org\/locations\/saratoga", "Latitude": 40.684818, "Longitude": -73.915134, "Location": "POINT (-73.915134 40.684818)" }, "geometry": { "type": "Point", "coordinates": [ -73.915134, 40.684817999999837 ] } },
{ "type": "Feature", "properties": { "Facility Name": "Borough Park Library, BPL", "Location Type": "Library", "Operator": "BPL", "Status": "Operational", "Open": "Year Round", "Hours of Operation": "Monday\t10 am - 6 pm\nTuesday\t1 pm - 8 pm\nWednesday\t10 am - 6 pm\nThursday\t10 am - 8 pm\nFriday\t10 am - 6 pm\nSaturday\tCLOSED\nSunday\t12 pm to 5 pm", "Accessibility": "Partially Accessible", "Restroom Type": "Both Single-Stall All Gender and Multi-Stall W\/M", "Changing Stations": "Yes", "Additional Notes": null, "Website": "https:\/\/www.bklynlibrary.org\/locations\/borough-park", "Latitude": 40.638897, "Longitude": -73.989005, "Location": "POINT (-73.989005 40.638897)" }, "geometry": { "type": "Point", "coordinates": [ -73.989005, 40.638896999999844 ] } },
{ "type": "Feature", "properties": { "Facility Name": "Rockaway Beach 07b", "Location Type": "Park", "Operator": "NYC Parks", "Status": "Operational", "Open": "Seasonal", "Hours of Operation": "8am-4pm, Open later seasonally", "Accessibility": "Not Accessible", "Restroom Type": "Multi-Stall W\/M Restrooms", "Changing Stations": null, "Additional Notes": null, "Website": null, "Latitude": 40.580565, "Longitude": -73.826117, "Location": "POINT (-73.826117 40.580565)" }, "geometry": { "type": "Point", "coordinates": [ -73.826117, 40.580564999999858 ] } },
{ "type": "Feature", "properties": { "Facility Name": "Bowne Playground", "Location Type": "Park", "Operator": "NYC Parks", "Status": "Operational", "Open": "Seasonal", "Hours of Operation": "8am-4pm, Open later seasonally", "Accessibility": "Fully Accessible", "Restroom Type": "Multi-Stall W\/M Restrooms", "Changing Stations": null, "Additional Notes": null, "Website": null, "Latitude": 40.770424, "Longitude": -73.806335, "Location": "POINT (-73.806335 40.770424)" }, "geometry": { "type": "Point", "coordinates": [ -73.806335, 40.770423999999849 ] } },
{ "type": "Feature", "properties": { "Facility Name": "Alice Kornegay Triangle", "Location Type": "Park", "Operator": "NYC Parks", "Status": "Operational", "Open": "Year Round", "Hours of Operation": "8am-4pm, Open later seasonally", "Accessibility": "Fully Accessible", "Restroom Type": "Both Single-Stall All Gender and Multi-Stall W\/M", "Changing Stations": null, "Additional Notes": null, "Website": null, "Latitude": 40.806548, "Longitude": -73.935583, "Location": "POINT (-73.935583 40.806548)" }, "geometry": { "type": "Point", "coordinates": [ -73.935583, 40.806547999999829 ] } },
{ "type": "Feature", "properties": { "Facility Name": "Bloomingdale Library, NYPL", "Location Type": "Library", "Operator": "NYPL", "Status": "Operational", "Open": "Year Round", "Hours of Operation": "Sunday: Closed \nMonday: 10:00 am - 7:00 pm \nTuesday: 10:00 am - 7:00 pm  \nWednesday: 11:00 am - 7:00 pm   \nThursday: 11:00 am - 7:00 pm   \nFriday: 10:00 am - 5:00 pm \nSaturday: 10:00 am - 5:00 pm", "Accessibility": "Fully Accessible", "Restroom Type": "Multi-Stall All Gender Restrooms", "Changing Stations": "\"Yes, in women's restroom only\"", "Additional Notes": null, "Website": "https:\/\/www.nypl.org\/locations\/bloomingdale", "Latitude": 40.795882, "Longitude": -73.967608, "Location": "POINT (-73.967608 40.795882)" }, "geometry": { "type": "Point", "coordinates": [ -73.967608, 40.795881999999843 ] } },
{ "type": "Feature", "properties": { "Facility Name": "Willowbrook Park Recreational Area", "Location Type": "Park", "Operator": "NYC Parks", "Status": "Operational", "Open": "Year Round", "Hours of Operation": "8am-4pm, Open later seasonally", "Accessibility": "Fully Accessible", "Restroom Type": "Multi-Stall W\/M Restrooms", "Changing Stations": null, "Additional Notes": null, "Website": null, "Latitude": 40.604166, "Longitude": -74.158609, "Location": "POINT (-74.158609 40.604166)" }, "geometry": { "type": "Point", "coordinates": [ -74.158609, 40.604165999999829 ] } },
{ "type": "Feature", "properties": { "Facility Name": "Raymond OConnor Park", "Location Type": "Park", "Operator": "NYC Parks", "Status": "Operational", "Open": "Year Round", "Hours of Operation": "8am-4pm, Open later seasonally", "Accessibility": "Fully Accessible", "Restroom Type": "Both Single-Stall All Gender and Multi-Stall W\/M", "Changing Stations": null, "Additional Notes": null, "Website": null, "Latitude": 40.771005, "Longitude": -73.779037, "Location": "POINT (-73.779037 40.771005)" }, "geometry": { "type": "Point", "coordinates": [ -73.779037, 40.771004999999832 ] } },
{ "type": "Feature", "properties": { "Facility Name": "Ten Eyck Playground", "Location Type": "Park", "Operator": "NYC Parks", "Status": "Operational", "Open": "Year Round", "Hours of Operation": "8am-4pm, Open later seasonally", "Accessibility": "Not Accessible", "Restroom Type": "Multi-Stall W\/M Restrooms", "Changing Stations": null, "Additional Notes": null, "Website": null, "Latitude": 40.709027, "Longitude": -73.938911, "Location": "POINT (-73.938911 40.709027)" }, "geometry": { "type": "Point", "coordinates": [ -73.938911, 40.709026999999821 ] } },
{ "type": "Feature", "properties": { "Facility Name": "Sobelsohn Park", "Location Type": "Park", "Operator": "NYC Parks", "Status": "Operational", "Open": "Year Round", "Hours of Operation": "8am-4pm, Open later seasonally", "Accessibility": "Fully Accessible", "Restroom Type": "Multi-Stall W\/M Restrooms", "Changing Stations": null, "Additional Notes": null, "Website": null, "Latitude": 40.709864, "Longitude": -73.835451, "Location": "POINT (-73.835451 40.709864)" }, "geometry": { "type": "Point", "coordinates": [ -73.835451, 40.709863999999847 ] } },
{ "type": "Feature", "properties": { "Facility Name": "Riverdale Library, NYPL", "Location Type": "Library", "Operator": "NYPL", "Status": "Operational", "Open": "Year Round", "Hours of Operation": "Sunday: Closed \nMonday: 10:00 am - 6:00 pm \nTuesday: 10:00 pm - 6:00 pm \nWednesday: 10:00 am - 6:00 pm \nThursday: 10:00 pm - 6:00 pm \nFriday: 10:00 am - 5:00 pm \nSaturday: 10:00 am - 5:00 pm", "Accessibility": "Fully Accessible", "Restroom Type": "Single-Stall All Gender Restroom(s)", "Changing Stations": "No", "Additional Notes": null, "Website": "https:\/\/www.nypl.org\/locations\/riverdale", "Latitude": 40.903731, "Longitude": -73.902774, "Location": "POINT (-73.902774 40.903731)" }, "geometry": { "type": "Point", "coordinates": [ -73.902774, 40.903730999999851 ] } },
{ "type": "Feature", "properties": { "Facility Name": "Paerdegat Park", "Location Type": "Park", "Operator": "NYC Parks", "Status": "Operational", "Open": "Year Round", "Hours of Operation": "8am-4pm, Open later seasonally", "Accessibility": "Fully Accessible", "Restroom Type": "Multi-Stall W\/M Restrooms", "Changing Stations": null, "Additional Notes": null, "Website": null, "Latitude": 40.638066, "Longitude": -73.938139, "Location": "POINT (-73.938139 40.638066)" }, "geometry": { "type": "Point", "coordinates": [ -73.938139, 40.638065999999839 ] } },
{ "type": "Feature", "properties": { "Facility Name": "Abraham Lincoln Playground", "Location Type": "Park", "Operator": "NYC Parks", "Status": "Operational", "Open": "Year Round", "Hours of Operation": "8am-4pm, Open later seasonally", "Accessibility": "Fully Accessible", "Restroom Type": "Both Single-Stall All Gender and Multi-Stall W\/M", "Changing Stations": null, "Additional Notes": null, "Website": null, "Latitude": 40.812282, "Longitude": -73.937099, "Location": "POINT (-73.937099 40.812282)" }, "geometry": { "type": "Point", "coordinates": [ -73.937099, 40.812281999999847 ] } },
{ "type": "Feature", "properties": { "Facility Name": "Carnegie Playground", "Location Type": "Park", "Operator": "NYC Parks", "Status": "Operational", "Open": "Year Round", "Hours of Operation": "8am-4pm, Open later seasonally", "Accessibility": "Fully Accessible", "Restroom Type": "Multi-Stall W\/M Restrooms", "Changing Stations": null, "Additional Notes": null, "Website": null, "Latitude": 40.71599, "Longitude": -73.93732, "Location": "POINT (-73.93732 40.71599)" }, "geometry": { "type": "Point", "coordinates": [ -73.93732, 40.715989999999842 ] } },
{ "type": "Feature", "properties": { "Facility Name": "Colden Playground", "Location Type": "Park", "Operator": "NYC Parks", "Status": "Operational", "Open": "Seasonal", "Hours of Operation": "8am-4pm, Open later seasonally", "Accessibility": "Not Accessible", "Restroom Type": "Multi-Stall W\/M Restrooms", "Changing Stations": null, "Additional Notes": null, "Website": null, "Latitude": 40.770148, "Longitude": -73.827043, "Location": "POINT (-73.827043 40.770148)" }, "geometry": { "type": "Point", "coordinates": [ -73.827043, 40.770147999999843 ] } },
{ "type": "Feature", "properties": { "Facility Name": "Friends Field", "Location Type": "Park", "Operator": "NYC Parks", "Status": "Operational", "Open": "Year Round", "Hours of Operation": "8am-4pm, Open later seasonally", "Accessibility": "Fully Accessible", "Restroom Type": "Multi-Stall W\/M Restrooms", "Changing Stations": null, "Additional Notes": null, "Website": null, "Latitude": 40.618665, "Longitude": -73.97202, "Location": "POINT (-73.97202 40.618665)" }, "geometry": { "type": "Point", "coordinates": [ -73.97202, 40.618664999999837 ] } },
{ "type": "Feature", "properties": { "Facility Name": "Dimattina Playground", "Location Type": "Park", "Operator": "NYC Parks", "Status": "Operational", "Open": "Year Round", "Hours of Operation": "8am-4pm, Open later seasonally", "Accessibility": "Not Accessible", "Restroom Type": "Multi-Stall W\/M Restrooms", "Changing Stations": null, "Additional Notes": null, "Website": null, "Latitude": 40.680473, "Longitude": -74.00194, "Location": "POINT (-74.00194 40.680473)" }, "geometry": { "type": "Point", "coordinates": [ -74.00194, 40.68047299999985 ] } },
{ "type": "Feature", "properties": { "Facility Name": "Waring Playground", "Location Type": "Park", "Operator": "NYC Parks", "Status": "Operational", "Open": "Year Round", "Hours of Operation": "8am-4pm, Open later seasonally", "Accessibility": "Fully Accessible", "Restroom Type": "Multi-Stall W\/M Restrooms", "Changing Stations": null, "Additional Notes": null, "Website": null, "Latitude": 40.860617, "Longitude": -73.871241, "Location": "POINT (-73.871241 40.860617)" }, "geometry": { "type": "Point", "coordinates": [ -73.871241, 40.860616999999841 ] } },
{ "type": "Feature", "properties": { "Facility Name": "Albemarle Playground", "Location Type": "Park", "Operator": "NYC Parks", "Status": "Operational", "Open": "Year Round", "Hours of Operation": "8am-4pm, Open later seasonally", "Accessibility": "Fully Accessible", "Restroom Type": "Multi-Stall W\/M Restrooms", "Changing Stations": null, "Additional Notes": null, "Website": null, "Latitude": 40.646035, "Longitude": -73.980514, "Location": "POINT (-73.980514 40.646035)" }, "geometry": { "type": "Point", "coordinates": [ -73.980514, 40.646034999999841 ] } },
{ "type": "Feature", "properties": { "Facility Name": "Great Kills Library, NYPL", "Location Type": "Library", "Operator": "NYPL", "Status": "Operational", "Open": "Year Round", "Hours of Operation": "Sunday: Closed \nMonday: 11:00 am - 6:00 pm \nTuesday: 11:00 am - 6:00 pm  \nWednesday: 11:00 am - 6:00 pm  \nThursday: 11:00 am - 6:00 pm  \nFriday: 10:00 am - 5:00 pm \nSaturday: 10:00 am - 4:00 pm", "Accessibility": "Fully Accessible", "Restroom Type": "Single-Stall All Gender Restroom(s)", "Changing Stations": "Yes", "Additional Notes": null, "Website": "https:\/\/www.nypl.org\/locations\/great-kills", "Latitude": 40.552432, "Longitude": -74.151113, "Location": "POINT (-74.151113 40.552432)" }, "geometry": { "type": "Point", "coordinates": [ -74.151113, 40.552431999999833 ] } },
{ "type": "Feature", "properties": { "Facility Name": "Frederick B. Judge Playground", "Location Type": "Park", "Operator": "NYC Parks", "Status": "Operational", "Open": "Year Round", "Hours of Operation": "8am-4pm, Open later seasonally", "Accessibility": "Fully Accessible", "Restroom Type": "Both Single-Stall All Gender and Multi-Stall W\/M", "Changing Stations": null, "Additional Notes": null, "Website": null, "Latitude": 40.683122, "Longitude": -73.807929, "Location": "POINT (-73.807929 40.683122)" }, "geometry": { "type": "Point", "coordinates": [ -73.807929, 40.683121999999848 ] } },
{ "type": "Feature", "properties": { "Facility Name": "Grover Cleveland Playground", "Location Type": "Park", "Operator": "NYC Parks", "Status": "Operational", "Open": "Year Round", "Hours of Operation": "8am-4pm, Open later seasonally", "Accessibility": "Not Accessible", "Restroom Type": "Multi-Stall W\/M Restrooms", "Changing Stations": null, "Additional Notes": null, "Website": null, "Latitude": 40.710895, "Longitude": -73.910949, "Location": "POINT (-73.910949 40.710895)" }, "geometry": { "type": "Point", "coordinates": [ -73.910949, 40.710894999999837 ] } },
{ "type": "Feature", "properties": { "Facility Name": "Imagination Playground", "Location Type": "Park", "Operator": "NYC Parks", "Status": "Operational", "Open": "Year Round", "Hours of Operation": "8am-4pm, Open later seasonally", "Accessibility": "Fully Accessible", "Restroom Type": "Single-Stall All Gender Restroom(s)", "Changing Stations": null, "Additional Notes": null, "Website": null, "Latitude": 40.706227, "Longitude": -74.00402, "Location": "POINT (-74.00402 40.706227)" }, "geometry": { "type": "Point", "coordinates": [ -74.00402, 40.706226999999842 ] } },
{ "type": "Feature", "properties": { "Facility Name": "St. John's Park", "Location Type": "Park", "Operator": "NYC Parks", "Status": "Operational", "Open": "Year Round", "Hours of Operation": "8am-4pm, Open later seasonally", "Accessibility": "Not Accessible", "Restroom Type": "Multi-Stall W\/M Restrooms", "Changing Stations": null, "Additional Notes": null, "Website": null, "Latitude": 40.673789, "Longitude": -73.935309, "Location": "POINT (-73.935309 40.673789)" }, "geometry": { "type": "Point", "coordinates": [ -73.935309, 40.673788999999829 ] } },
{ "type": "Feature", "properties": { "Facility Name": "Parkside Playground", "Location Type": "Park", "Operator": "NYC Parks", "Status": "Operational", "Open": "Year Round", "Hours of Operation": "8am-4pm, Open later seasonally", "Accessibility": "Fully Accessible", "Restroom Type": "Multi-Stall W\/M Restrooms", "Changing Stations": null, "Additional Notes": null, "Website": null, "Latitude": 40.868442, "Longitude": -73.867988, "Location": "POINT (-73.867988 40.868442)" }, "geometry": { "type": "Point", "coordinates": [ -73.867988, 40.868441999999838 ] } },
{ "type": "Feature", "properties": { "Facility Name": "Flatbush Library, BPL", "Location Type": "Library", "Operator": "BPL", "Status": "Operational", "Open": "Year Round", "Hours of Operation": "Monday\t10 am - 6 pm\nTuesday\t1 pm - 8 pm\nWednesday\t10 am - 6 pm\nThursday\t10 am - 8 pm\nFriday\t10 am - 6 pm\nSaturday\t10 am - 5 pm\nSunday\tCLOSED", "Accessibility": "Partially Accessible", "Restroom Type": "Multi-Stall W\/M Restrooms", "Changing Stations": "Yes", "Additional Notes": null, "Website": "https:\/\/www.bklynlibrary.org\/locations\/flatbush", "Latitude": 40.651933, "Longitude": -73.958244, "Location": "POINT (-73.958244 40.651933)" }, "geometry": { "type": "Point", "coordinates": [ -73.958244, 40.651932999999822 ] } },
{ "type": "Feature", "properties": { "Facility Name": "Asser Levy Park", "Location Type": "Park", "Operator": "NYC Parks", "Status": "Operational", "Open": "Seasonal", "Hours of Operation": "8am-4pm, Open later seasonally", "Accessibility": "Not Accessible", "Restroom Type": "Multi-Stall W\/M Restrooms", "Changing Stations": null, "Additional Notes": null, "Website": null, "Latitude": 40.575424, "Longitude": -73.972906, "Location": "POINT (-73.972906 40.575424)" }, "geometry": { "type": "Point", "coordinates": [ -73.972906, 40.575423999999835 ] } },
{ "type": "Feature", "properties": { "Facility Name": "St. James Park", "Location Type": "Park", "Operator": "NYC Parks", "Status": "Operational", "Open": "Year Round", "Hours of Operation": "8am-4pm, Open later seasonally", "Accessibility": "Fully Accessible", "Restroom Type": "Multi-Stall W\/M Restrooms", "Changing Stations": null, "Additional Notes": null, "Website": null, "Latitude": 40.865439, "Longitude": -73.898524, "Location": "POINT (-73.898524 40.865439)" }, "geometry": { "type": "Point", "coordinates": [ -73.898524, 40.865438999999846 ] } },
{ "type": "Feature", "properties": { "Facility Name": "Lawrence Virgilio Playground", "Location Type": "Park", "Operator": "NYC Parks", "Status": "Operational", "Open": "Seasonal", "Hours of Operation": "8am-4pm, Open later seasonally", "Accessibility": "Fully Accessible", "Restroom Type": "Both Single-Stall All Gender and Multi-Stall W\/M", "Changing Stations": null, "Additional Notes": null, "Website": null, "Latitude": 40.747494, "Longitude": -73.9106, "Location": "POINT (-73.9106 40.747494)" }, "geometry": { "type": "Point", "coordinates": [ -73.9106, 40.747493999999833 ] } },
{ "type": "Feature", "properties": { "Facility Name": "Hudson River Park Pier 40 - Courtyard Tunnel, Second Floor", "Location Type": "Park", "Operator": "Hudson River Park", "Status": "Operational", "Open": "Year Round", "Hours of Operation": "6am - 12am, 8am - 11pm", "Accessibility": "Fully Accessible", "Restroom Type": null, "Changing Stations": null, "Additional Notes": null, "Website": null, "Latitude": 40.728807, "Longitude": -74.011616, "Location": "POINT (-74.011616 40.728807)" }, "geometry": { "type": "Point", "coordinates": [ -74.011616, 40.728806999999833 ] } },
{ "type": "Feature", "properties": { "Facility Name": "645 Fifth Avenue POPS", "Location Type": "Privately Owned Public Space", "Operator": "Oxford Properties", "Status": "Operational", "Open": "Year Round", "Hours of Operation": "Everyday 8:00 am-10:00 pm", "Accessibility": "Fully Accessible", "Restroom Type": "Multi-Stall W\/M Restrooms", "Changing Stations": "No", "Additional Notes": null, "Website": null, "Latitude": 40.759207, "Longitude": -73.976087, "Location": "POINT (-73.976087 40.759207)" }, "geometry": { "type": "Point", "coordinates": [ -73.976087, 40.759206999999847 ] } },
{ "type": "Feature", "properties": { "Facility Name": "Albert H. Mauro Playground", "Location Type": "Park", "Operator": "NYC Parks", "Status": "Operational", "Open": "Year Round", "Hours of Operation": "8am-4pm, Open later seasonally", "Accessibility": "Fully Accessible", "Restroom Type": "Multi-Stall W\/M Restrooms", "Changing Stations": null, "Additional Notes": null, "Website": null, "Latitude": 40.722939, "Longitude": -73.827111, "Location": "POINT (-73.827111 40.722939)" }, "geometry": { "type": "Point", "coordinates": [ -73.827111, 40.722938999999847 ] } },
{ "type": "Feature", "properties": { "Facility Name": "St. Vartan Park", "Location Type": "Park", "Operator": "NYC Parks", "Status": "Operational", "Open": null, "Hours of Operation": "8am-4pm, Open later seasonally", "Accessibility": "Partially Accessible", "Restroom Type": "Multi-Stall W\/M Restrooms", "Changing Stations": null, "Additional Notes": null, "Website": null, "Latitude": 40.744955, "Longitude": -73.973259, "Location": "POINT (-73.973259 40.744955)" }, "geometry": { "type": "Point", "coordinates": [ -73.973259, 40.744954999999841 ] } },
{ "type": "Feature", "properties": { "Facility Name": "Washington Market Park", "Location Type": "Park", "Operator": "NYC Parks", "Status": "Operational", "Open": "Year Round", "Hours of Operation": "8am-4pm, Open later seasonally", "Accessibility": "Fully Accessible", "Restroom Type": "Multi-Stall W\/M Restrooms", "Changing Stations": null, "Additional Notes": null, "Website": null, "Latitude": 40.717488, "Longitude": -74.011506, "Location": "POINT (-74.011506 40.717488)" }, "geometry": { "type": "Point", "coordinates": [ -74.011506, 40.71748799999984 ] } },
{ "type": "Feature", "properties": { "Facility Name": "Rosemary's Playground", "Location Type": "Park", "Operator": "NYC Parks", "Status": "Operational", "Open": "Year Round", "Hours of Operation": "8am-4pm, Open later seasonally", "Accessibility": "Not Accessible", "Restroom Type": "Multi-Stall W\/M Restrooms", "Changing Stations": null, "Additional Notes": null, "Website": null, "Latitude": 40.704624, "Longitude": -73.904435, "Location": "POINT (-73.904435 40.704624)" }, "geometry": { "type": "Point", "coordinates": [ -73.904435, 40.704623999999839 ] } },
{ "type": "Feature", "properties": { "Facility Name": "Saul Weprin Playground", "Location Type": "Park", "Operator": "NYC Parks", "Status": "Operational", "Open": "Seasonal", "Hours of Operation": "8am-4pm, Open later seasonally", "Accessibility": "Fully Accessible", "Restroom Type": "Multi-Stall W\/M Restrooms", "Changing Stations": null, "Additional Notes": null, "Website": null, "Latitude": 40.747875, "Longitude": -73.776245, "Location": "POINT (-73.776245 40.747875)" }, "geometry": { "type": "Point", "coordinates": [ -73.776245, 40.747874999999837 ] } },
{ "type": "Feature", "properties": { "Facility Name": "Bellaire Playground", "Location Type": "Park", "Operator": "NYC Parks", "Status": "Operational", "Open": "Year Round", "Hours of Operation": "8am-4pm, Open later seasonally", "Accessibility": "Fully Accessible", "Restroom Type": "Both Single-Stall All Gender and Multi-Stall W\/M", "Changing Stations": null, "Additional Notes": null, "Website": null, "Latitude": 40.721715, "Longitude": -73.758047, "Location": "POINT (-73.758047 40.721715)" }, "geometry": { "type": "Point", "coordinates": [ -73.758047, 40.721714999999833 ] } },
{ "type": "Feature", "properties": { "Facility Name": "Kings Bay Library, BPL", "Location Type": "Library", "Operator": "BPL", "Status": "Operational", "Open": "Year Round", "Hours of Operation": "Monday\t10 am - 6 pm\nTuesday\t1 pm - 8 pm\nWednesday\t10 am - 6 pm\nThursday\t10 am - 8 pm\nFriday\t10 am - 6 pm\nSaturday\t10 am - 5 pm\nSunday\tCLOSED", "Accessibility": "Fully Accessible", "Restroom Type": "Multi-Stall W\/M Restrooms", "Changing Stations": "Yes", "Additional Notes": null, "Website": "https:\/\/www.bklynlibrary.org\/locations\/kings-bay", "Latitude": 40.59487, "Longitude": -73.941126, "Location": "POINT (-73.941126 40.59487)" }, "geometry": { "type": "Point", "coordinates": [ -73.941126, 40.594869999999844 ] } },
{ "type": "Feature", "properties": { "Facility Name": "Bronx Shore", "Location Type": "Park", "Operator": "NYC Parks", "Status": "Operational", "Open": "Year Round", "Hours of Operation": "Fall, spring summer: 7am - 9pm. Winter: 7am - 5:30pm", "Accessibility": "Fully Accessible", "Restroom Type": null, "Changing Stations": null, "Additional Notes": null, "Website": null, "Latitude": 40.800545, "Longitude": -73.923905, "Location": "POINT (-73.923905 40.800545)" }, "geometry": { "type": "Point", "coordinates": [ -73.923905, 40.800544999999836 ] } },
{ "type": "Feature", "properties": { "Facility Name": "Winthrop Playground", "Location Type": "Park", "Operator": "NYC Parks", "Status": "Operational", "Open": "Year Round", "Hours of Operation": "8am-4pm, Open later seasonally", "Accessibility": "Not Accessible", "Restroom Type": "Multi-Stall W\/M Restrooms", "Changing Stations": null, "Additional Notes": null, "Website": null, "Latitude": 40.656527, "Longitude": -73.954805, "Location": "POINT (-73.954805 40.656527)" }, "geometry": { "type": "Point", "coordinates": [ -73.954805, 40.656526999999826 ] } },
{ "type": "Feature", "properties": { "Facility Name": "Coney Island Beach Zone 6b", "Location Type": "Park", "Operator": "NYC Parks", "Status": "Operational", "Open": "Seasonal", "Hours of Operation": "8am-4pm, Open later seasonally", "Accessibility": "Fully Accessible", "Restroom Type": "Multi-Stall W\/M Restrooms", "Changing Stations": null, "Additional Notes": null, "Website": null, "Latitude": 40.57237, "Longitude": -73.98852, "Location": "POINT (-73.98852 40.57237)" }, "geometry": { "type": "Point", "coordinates": [ -73.98852, 40.572369999999829 ] } },
{ "type": "Feature", "properties": { "Facility Name": "Frank D. O'Connor Playground", "Location Type": "Park", "Operator": "NYC Parks", "Status": "Operational", "Open": "Year Round", "Hours of Operation": "8am-4pm, Open later seasonally", "Accessibility": "Not Accessible", "Restroom Type": "Multi-Stall W\/M Restrooms", "Changing Stations": null, "Additional Notes": null, "Website": null, "Latitude": 40.744392, "Longitude": -73.886861, "Location": "POINT (-73.886861 40.744392)" }, "geometry": { "type": "Point", "coordinates": [ -73.886861, 40.744391999999827 ] } },
{ "type": "Feature", "properties": { "Facility Name": "Space Time Playground", "Location Type": "Park", "Operator": "NYC Parks", "Status": "Operational", "Open": "Year Round", "Hours of Operation": "8am-4pm, Open later seasonally", "Accessibility": "Fully Accessible", "Restroom Type": "Multi-Stall W\/M Restrooms", "Changing Stations": null, "Additional Notes": null, "Website": null, "Latitude": 40.822099, "Longitude": -73.859936, "Location": "POINT (-73.859936 40.822099)" }, "geometry": { "type": "Point", "coordinates": [ -73.859936, 40.822098999999845 ] } },
{ "type": "Feature", "properties": { "Facility Name": "Tompkins Square Library, NYPL", "Location Type": "Library", "Operator": "NYPL", "Status": "Operational", "Open": "Year Round", "Hours of Operation": "Sunday: Closed \nMonday: 11:00 am - 7:00 pm \nTuesday: 11:00 am - 7:00 pm\nWednesday: 11:00 am - 7:00 pm\nThursday: 11:00 am - 7:00 pm\nFriday: 10:00 am - 6:00 pm \nSaturday: 10:00 am - 5:00 pm", "Accessibility": "Fully Accessible", "Restroom Type": "Both Single-Stall All Gender and Multi-Stall W\/M", "Changing Stations": "\"Yes, in single-stall all gender restroom only\"", "Additional Notes": null, "Website": "https:\/\/www.nypl.org\/locations\/tompkins-square", "Latitude": 40.727296, "Longitude": -73.980422, "Location": "POINT (-73.980422 40.727296)" }, "geometry": { "type": "Point", "coordinates": [ -73.980422, 40.727295999999846 ] } },
{ "type": "Feature", "properties": { "Facility Name": "Mahoney Playground", "Location Type": "Park", "Operator": "NYC Parks", "Status": "Operational", "Open": "Year Round", "Hours of Operation": "8am-4pm, Open later seasonally", "Accessibility": "Fully Accessible", "Restroom Type": "Multi-Stall W\/M Restrooms", "Changing Stations": null, "Additional Notes": null, "Website": null, "Latitude": 40.643482, "Longitude": -74.086177, "Location": "POINT (-74.086177 40.643482)" }, "geometry": { "type": "Point", "coordinates": [ -74.086177, 40.643481999999835 ] } },
{ "type": "Feature", "properties": { "Facility Name": "Beach 17th St. Playground", "Location Type": "Park", "Operator": "NYC Parks", "Status": "Operational", "Open": "Year Round", "Hours of Operation": "8am-4pm, Open later seasonally", "Accessibility": "Fully Accessible", "Restroom Type": "Multi-Stall W\/M Restrooms", "Changing Stations": null, "Additional Notes": null, "Website": null, "Latitude": 40.594189, "Longitude": -73.750564, "Location": "POINT (-73.750564 40.594189)" }, "geometry": { "type": "Point", "coordinates": [ -73.750564, 40.594188999999844 ] } },
{ "type": "Feature", "properties": { "Facility Name": "Jamaica Bay Library, BPL", "Location Type": "Library", "Operator": "BPL", "Status": "Operational", "Open": "Year Round", "Hours of Operation": "Monday\t10 am - 6 pm\nTuesday\t1 pm - 8 pm\nWednesday\t10 am - 6 pm\nThursday\t10 am - 8 pm\nFriday\t10 am - 6 pm\nSaturday\t10 am - 5 pm\nSunday\tCLOSED", "Accessibility": "Fully Accessible", "Restroom Type": "Single-Stall All Gender Restroom(s)", "Changing Stations": "Yes", "Additional Notes": null, "Website": "https:\/\/www.bklynlibrary.org\/locations\/jamaica-bay", "Latitude": 40.634468, "Longitude": -73.889245, "Location": "POINT (-73.889245 40.634468)" }, "geometry": { "type": "Point", "coordinates": [ -73.889245, 40.634467999999835 ] } },
{ "type": "Feature", "properties": { "Facility Name": "Wallenberg Playground", "Location Type": "Park", "Operator": "NYC Parks", "Status": "Operational", "Open": "Year Round", "Hours of Operation": "8am-4pm, Open later seasonally", "Accessibility": "Not Accessible", "Restroom Type": "Multi-Stall W\/M Restrooms", "Changing Stations": null, "Additional Notes": null, "Website": null, "Latitude": 40.852823, "Longitude": -73.927163, "Location": "POINT (-73.927163 40.852823)" }, "geometry": { "type": "Point", "coordinates": [ -73.927163, 40.852822999999837 ] } },
{ "type": "Feature", "properties": { "Facility Name": "Yolanda García Park", "Location Type": "Park", "Operator": "NYC Parks", "Status": "Operational", "Open": "Year Round", "Hours of Operation": "8am-4pm, Open later seasonally", "Accessibility": "Fully Accessible", "Restroom Type": "Multi-Stall W\/M Restrooms", "Changing Stations": null, "Additional Notes": null, "Website": null, "Latitude": 40.822886, "Longitude": -73.913911, "Location": "POINT (-73.913911 40.822886)" }, "geometry": { "type": "Point", "coordinates": [ -73.913911, 40.822885999999841 ] } },
{ "type": "Feature", "properties": { "Facility Name": "Hippo Playground", "Location Type": "Park", "Operator": "NYC Parks", "Status": "Operational", "Open": "Year Round", "Hours of Operation": "8am-4pm, Open later seasonally", "Accessibility": "Not Accessible", "Restroom Type": "Multi-Stall W\/M Restrooms", "Changing Stations": null, "Additional Notes": null, "Website": null, "Latitude": 40.793376, "Longitude": -73.977999, "Location": "POINT (-73.977999 40.793376)" }, "geometry": { "type": "Point", "coordinates": [ -73.977999, 40.793375999999853 ] } },
{ "type": "Feature", "properties": { "Facility Name": "Woodtree Playground", "Location Type": "Park", "Operator": "NYC Parks", "Status": "Operational", "Open": "Year Round", "Hours of Operation": "8am-4pm, Open later seasonally", "Accessibility": "Not Accessible", "Restroom Type": "Multi-Stall W\/M Restrooms", "Changing Stations": null, "Additional Notes": null, "Website": null, "Latitude": 40.777518, "Longitude": -73.902558, "Location": "POINT (-73.902558 40.777518)" }, "geometry": { "type": "Point", "coordinates": [ -73.902558, 40.777517999999837 ] } },
{ "type": "Feature", "properties": { "Facility Name": "Victory Field", "Location Type": "Park", "Operator": "NYC Parks", "Status": "Operational", "Open": "Year Round", "Hours of Operation": "8am-4pm, Open later seasonally", "Accessibility": "Not Accessible", "Restroom Type": "Multi-Stall W\/M Restrooms", "Changing Stations": null, "Additional Notes": null, "Website": null, "Latitude": 40.701305, "Longitude": -73.854524, "Location": "POINT (-73.854524 40.701305)" }, "geometry": { "type": "Point", "coordinates": [ -73.854524, 40.701304999999842 ] } },
{ "type": "Feature", "properties": { "Facility Name": "58th Street Library, NYPL", "Location Type": "Library", "Operator": "NYPL", "Status": "Operational", "Open": "Year Round", "Hours of Operation": "Sunday: Closed \nMonday: 10:00 am - 6:00 pm \nTuesday: 10:00 am - 6:00 pm\nWednesday: 10:00 am - 6:00 pm\nThursday: 10:00 am - 6:00 pm\nFriday: 10:00 am - 5:00 pm \nSaturday: 10:00 am - 5:00 pm", "Accessibility": "Partially Accessible", "Restroom Type": "Single-Stall All Gender Restroom(s)", "Changing Stations": "No", "Additional Notes": null, "Website": "https:\/\/www.nypl.org\/locations\/58th-street", "Latitude": 40.762194, "Longitude": -73.969383, "Location": "POINT (-73.969383 40.762194)" }, "geometry": { "type": "Point", "coordinates": [ -73.969383, 40.762193999999845 ] } },
{ "type": "Feature", "properties": { "Facility Name": "Macomb's Bridge Library, NYPL", "Location Type": "Library", "Operator": "NYPL", "Status": "Operational", "Open": "Year Round", "Hours of Operation": "Sunday: Closed \nMonday: 10:00 am - 6:00 pm \nTuesday: 10:00 pm - 6:00 pm \nWednesday: 11:00 am - 7:00 pm \nThursday: 11:00 am - 7:00 pm \nFriday: 10:00 am - 5:00 pm \nSaturday: 10:00 am - 5:00 pm", "Accessibility": "Fully Accessible", "Restroom Type": "Single-Stall All Gender Restroom(s)", "Changing Stations": "Yes", "Additional Notes": null, "Website": "https:\/\/www.nypl.org\/locations\/macombs-bridge", "Latitude": 40.825536, "Longitude": -73.935349, "Location": "POINT (-73.935349 40.825536)" }, "geometry": { "type": "Point", "coordinates": [ -73.935349, 40.825535999999829 ] } },
{ "type": "Feature", "properties": { "Facility Name": "Bedford Playground", "Location Type": "Park", "Operator": "NYC Parks", "Status": "Operational", "Open": "Year Round", "Hours of Operation": "8am-4pm, Open later seasonally", "Accessibility": "Fully Accessible", "Restroom Type": "Multi-Stall W\/M Restrooms", "Changing Stations": null, "Additional Notes": null, "Website": null, "Latitude": 40.708102, "Longitude": -73.96411, "Location": "POINT (-73.96411 40.708102)" }, "geometry": { "type": "Point", "coordinates": [ -73.96411, 40.708101999999833 ] } },
{ "type": "Feature", "properties": { "Facility Name": "Leif Ericson Park Playground", "Location Type": "Park", "Operator": "NYC Parks", "Status": "Operational", "Open": "Year Round", "Hours of Operation": "8am-4pm, Open later seasonally", "Accessibility": "Fully Accessible", "Restroom Type": "Multi-Stall W\/M Restrooms", "Changing Stations": null, "Additional Notes": null, "Website": null, "Latitude": 40.631424, "Longitude": -74.012899, "Location": "POINT (-74.012899 40.631424)" }, "geometry": { "type": "Point", "coordinates": [ -74.012899, 40.631423999999839 ] } },
{ "type": "Feature", "properties": { "Facility Name": "Allen Shandler Recreation Area", "Location Type": "Park", "Operator": "NYC Parks", "Status": "Operational", "Open": "Year Round", "Hours of Operation": "8am-4pm, Open later seasonally", "Accessibility": "Fully Accessible", "Restroom Type": "Multi-Stall W\/M Restrooms", "Changing Stations": null, "Additional Notes": null, "Website": null, "Latitude": 40.889946, "Longitude": -73.881306, "Location": "POINT (-73.881306 40.889946)" }, "geometry": { "type": "Point", "coordinates": [ -73.881306, 40.889945999999853 ] } },
{ "type": "Feature", "properties": { "Facility Name": "Dutch Kills Playground", "Location Type": "Park", "Operator": "NYC Parks", "Status": "Operational", "Open": "Year Round", "Hours of Operation": "8am-4pm, Open later seasonally", "Accessibility": "Fully Accessible", "Restroom Type": "Both Single-Stall All Gender and Multi-Stall W\/M", "Changing Stations": null, "Additional Notes": null, "Website": null, "Latitude": 40.75774, "Longitude": -73.93347, "Location": "POINT (-73.93347 40.75774)" }, "geometry": { "type": "Point", "coordinates": [ -73.93347, 40.757739999999828 ] } },
{ "type": "Feature", "properties": { "Facility Name": "Cambria Playground", "Location Type": "Park", "Operator": "NYC Parks", "Status": "Operational", "Open": "Year Round", "Hours of Operation": "8am-4pm, Open later seasonally", "Accessibility": "Fully Accessible", "Restroom Type": "Both Single-Stall All Gender and Multi-Stall W\/M", "Changing Stations": null, "Additional Notes": null, "Website": null, "Latitude": 40.688558, "Longitude": -73.742482, "Location": "POINT (-73.742482 40.688558)" }, "geometry": { "type": "Point", "coordinates": [ -73.742482, 40.68855799999983 ] } },
{ "type": "Feature", "properties": { "Facility Name": "Helen Marshall Playground", "Location Type": "Park", "Operator": "NYC Parks", "Status": "Operational", "Open": "Year Round", "Hours of Operation": "8am-4pm, Open later seasonally", "Accessibility": "Fully Accessible", "Restroom Type": "Multi-Stall W\/M Restrooms", "Changing Stations": null, "Additional Notes": null, "Website": null, "Latitude": 40.765512, "Longitude": -73.87142, "Location": "POINT (-73.87142 40.765512)" }, "geometry": { "type": "Point", "coordinates": [ -73.87142, 40.765511999999838 ] } },
{ "type": "Feature", "properties": { "Facility Name": "Morrisania Library, NYPL", "Location Type": "Library", "Operator": "NYPL", "Status": "Operational", "Open": "Year Round", "Hours of Operation": "Sunday: Closed \nMonday: 10:00 am - 7:00 pm \nTuesday: 10:00 am - 7:00 pm\nWednesday: 10:00 am - 7:00 pm\nThursday: 10:00 am - 7:00 pm\nFriday: 10:00 am - 5:00 pm \nSaturday: 10:00 am - 5:00 pm", "Accessibility": "Fully Accessible", "Restroom Type": "Both Single-Stall All Gender and Multi-Stall W\/M", "Changing Stations": "\"Yes, in women's restroom only\"", "Additional Notes": null, "Website": "https:\/\/www.nypl.org\/locations\/morrisania", "Latitude": 40.831271, "Longitude": -73.901795, "Location": "POINT (-73.901795 40.831271)" }, "geometry": { "type": "Point", "coordinates": [ -73.901795, 40.83127099999983 ] } },
{ "type": "Feature", "properties": { "Facility Name": "Noble Playground", "Location Type": "Park", "Operator": "NYC Parks", "Status": "Operational", "Open": "Year Round", "Hours of Operation": "8am-4pm, Open later seasonally", "Accessibility": "Fully Accessible", "Restroom Type": "Multi-Stall W\/M Restrooms", "Changing Stations": null, "Additional Notes": null, "Website": null, "Latitude": 40.836829, "Longitude": -73.87185, "Location": "POINT (-73.87185 40.836829)" }, "geometry": { "type": "Point", "coordinates": [ -73.87185, 40.836828999999838 ] } },
{ "type": "Feature", "properties": { "Facility Name": "Markham Playground", "Location Type": "Park", "Operator": "NYC Parks", "Status": "Operational", "Open": "Year Round", "Hours of Operation": "8am-4pm, Open later seasonally", "Accessibility": "Not Accessible", "Restroom Type": "Multi-Stall W\/M Restrooms", "Changing Stations": null, "Additional Notes": null, "Website": null, "Latitude": 40.62307, "Longitude": -74.146331, "Location": "POINT (-74.146331 40.62307)" }, "geometry": { "type": "Point", "coordinates": [ -74.146331, 40.623069999999835 ] } },
{ "type": "Feature", "properties": { "Facility Name": "Jackie Robinson Playground", "Location Type": "Park", "Operator": "NYC Parks", "Status": "Operational", "Open": "Year Round", "Hours of Operation": "8am-4pm, Open later seasonally", "Accessibility": "Not Accessible", "Restroom Type": "Multi-Stall W\/M Restrooms", "Changing Stations": null, "Additional Notes": null, "Website": null, "Latitude": 40.665865, "Longitude": -73.958881, "Location": "POINT (-73.958881 40.665865)" }, "geometry": { "type": "Point", "coordinates": [ -73.958881, 40.665864999999833 ] } },
{ "type": "Feature", "properties": { "Facility Name": "Devoe Park", "Location Type": "Park", "Operator": "NYC Parks", "Status": "Operational", "Open": "Year Round", "Hours of Operation": "8am-4pm, Open later seasonally", "Accessibility": "Fully Accessible", "Restroom Type": "Multi-Stall W\/M Restrooms", "Changing Stations": null, "Additional Notes": null, "Website": null, "Latitude": 40.863685, "Longitude": -73.904919, "Location": "POINT (-73.904919 40.863685)" }, "geometry": { "type": "Point", "coordinates": [ -73.904919, 40.86368499999984 ] } },
{ "type": "Feature", "properties": { "Facility Name": "Van Cortlandt Library, NYPL", "Location Type": "Library", "Operator": "NYPL", "Status": "Operational", "Open": "Year Round", "Hours of Operation": "Sunday: Closed \nMonday: 10:00 am - 7:00 pm \nTuesday: 10:00 pm - 7:00 pm \nWednesday: 10:00 am - 7:00 pm \nThursday: 10:00 pm - 7:00 pm \nFriday: 10:00 am - 5:00 pm \nSaturday: 10:00 am - 5:00 pm", "Accessibility": "Fully Accessible", "Restroom Type": "Single-Stall All Gender Restroom(s)", "Changing Stations": "Yes", "Additional Notes": null, "Website": "https:\/\/www.nypl.org\/locations\/van-cortlandt", "Latitude": 40.883625, "Longitude": -73.894476, "Location": "POINT (-73.894476 40.883625)" }, "geometry": { "type": "Point", "coordinates": [ -73.894476, 40.883624999999846 ] } },
{ "type": "Feature", "properties": { "Facility Name": "Park Slope Playground", "Location Type": "Park", "Operator": "NYC Parks", "Status": "Operational", "Open": "Seasonal", "Hours of Operation": "8am-4pm, Open later seasonally", "Accessibility": "Partially Accessible", "Restroom Type": "Multi-Stall W\/M Restrooms", "Changing Stations": null, "Additional Notes": null, "Website": null, "Latitude": 40.677033, "Longitude": -73.978523, "Location": "POINT (-73.978523 40.677033)" }, "geometry": { "type": "Point", "coordinates": [ -73.978523, 40.677032999999852 ] } },
{ "type": "Feature", "properties": { "Facility Name": "Marine Park Zone 1", "Location Type": "Park", "Operator": "NYC Parks", "Status": "Operational", "Open": "Year Round", "Hours of Operation": "8am-4pm, Open later seasonally", "Accessibility": "Fully Accessible", "Restroom Type": "Multi-Stall W\/M Restrooms", "Changing Stations": null, "Additional Notes": null, "Website": null, "Latitude": 40.607865, "Longitude": -73.937444, "Location": "POINT (-73.937444 40.607865)" }, "geometry": { "type": "Point", "coordinates": [ -73.937444, 40.607864999999833 ] } },
{ "type": "Feature", "properties": { "Facility Name": "Soundview Library, NYPL", "Location Type": "Library", "Operator": "NYPL", "Status": "Operational", "Open": "Year Round", "Hours of Operation": "Sunday: Closed \nMonday: 10:00 am - 6:00 pm \nTuesday: 10:00 pm - 6:00 pm \nWednesday: 10:00 am - 6:00 pm \nThursday: 10:00 pm - 6:00 pm \nFriday: 10:00 am - 5:00 pm \nSaturday: 10:00 am - 5:00 pm", "Accessibility": "Partially Accessible", "Restroom Type": "Single-Stall All Gender Restroom(s)", "Changing Stations": "No", "Additional Notes": null, "Website": "https:\/\/www.nypl.org\/locations\/soundview", "Latitude": 40.818718, "Longitude": -73.862891, "Location": "POINT (-73.862891 40.818718)" }, "geometry": { "type": "Point", "coordinates": [ -73.862891, 40.818717999999855 ] } },
{ "type": "Feature", "properties": { "Facility Name": "Samuel Seabury Playground", "Location Type": "Park", "Operator": "NYC Parks", "Status": "Operational", "Open": "Seasonal", "Hours of Operation": "8am-4pm, Open later seasonally", "Accessibility": "Fully Accessible", "Restroom Type": "Both Single-Stall All Gender and Multi-Stall W\/M", "Changing Stations": null, "Additional Notes": null, "Website": null, "Latitude": 40.785462, "Longitude": -73.950985, "Location": "POINT (-73.950985 40.785462)" }, "geometry": { "type": "Point", "coordinates": [ -73.950985, 40.785461999999832 ] } },
{ "type": "Feature", "properties": { "Facility Name": "Millbrook Playground", "Location Type": "Park", "Operator": "NYC Parks", "Status": "Operational", "Open": "Year Round", "Hours of Operation": "8am-4pm, Open later seasonally", "Accessibility": "Fully Accessible", "Restroom Type": "Multi-Stall W\/M Restrooms", "Changing Stations": null, "Additional Notes": null, "Website": null, "Latitude": 40.804343, "Longitude": -73.916974, "Location": "POINT (-73.916974 40.804343)" }, "geometry": { "type": "Point", "coordinates": [ -73.916974, 40.804342999999847 ] } },
{ "type": "Feature", "properties": { "Facility Name": "Chelsea Park", "Location Type": "Park", "Operator": "NYC Parks", "Status": "Operational", "Open": "Year Round", "Hours of Operation": "8am-4pm, Open later seasonally", "Accessibility": "Not Accessible", "Restroom Type": "Multi-Stall W\/M Restrooms", "Changing Stations": null, "Additional Notes": null, "Website": null, "Latitude": 40.749861, "Longitude": -74.000841, "Location": "POINT (-74.000841 40.749861)" }, "geometry": { "type": "Point", "coordinates": [ -74.000841, 40.749860999999839 ] } },
{ "type": "Feature", "properties": { "Facility Name": "Happy Warrior Playground", "Location Type": "Park", "Operator": "NYC Parks", "Status": "Operational", "Open": "Year Round", "Hours of Operation": "8am-4pm, Open later seasonally", "Accessibility": "Not Accessible", "Restroom Type": "Multi-Stall W\/M Restrooms", "Changing Stations": null, "Additional Notes": null, "Website": null, "Latitude": 40.795751, "Longitude": -73.968493, "Location": "POINT (-73.968493 40.795751)" }, "geometry": { "type": "Point", "coordinates": [ -73.968493, 40.795750999999839 ] } },
{ "type": "Feature", "properties": { "Facility Name": "Bartlett Playground", "Location Type": "Park", "Operator": "NYC Parks", "Status": "Operational", "Open": "Year Round", "Hours of Operation": "8am-4pm, Open later seasonally", "Accessibility": "Fully Accessible", "Restroom Type": "Multi-Stall W\/M Restrooms", "Changing Stations": null, "Additional Notes": null, "Website": null, "Latitude": 40.700712, "Longitude": -73.945955, "Location": "POINT (-73.945955 40.700712)" }, "geometry": { "type": "Point", "coordinates": [ -73.945955, 40.700711999999854 ] } },
{ "type": "Feature", "properties": { "Facility Name": "Classic Playground", "Location Type": "Park", "Operator": "NYC Parks", "Status": "Operational", "Open": "Year Round", "Hours of Operation": "8am-4pm, Open later seasonally", "Accessibility": "Fully Accessible", "Restroom Type": "Multi-Stall W\/M Restrooms", "Changing Stations": null, "Additional Notes": null, "Website": null, "Latitude": 40.885195, "Longitude": -73.890643, "Location": "POINT (-73.890643 40.885195)" }, "geometry": { "type": "Point", "coordinates": [ -73.890643, 40.885194999999847 ] } },
{ "type": "Feature", "properties": { "Facility Name": "People's Park", "Location Type": "Park", "Operator": "NYC Parks", "Status": "Operational", "Open": "Year Round", "Hours of Operation": "8am-4pm, Open later seasonally", "Accessibility": "Fully Accessible", "Restroom Type": "Multi-Stall W\/M Restrooms", "Changing Stations": null, "Additional Notes": null, "Website": null, "Latitude": 40.809532, "Longitude": -73.917005, "Location": "POINT (-73.917005 40.809532)" }, "geometry": { "type": "Point", "coordinates": [ -73.917005, 40.809531999999834 ] } },
{ "type": "Feature", "properties": { "Facility Name": "Lozada Playground", "Location Type": "Park", "Operator": "NYC Parks", "Status": "Operational", "Open": "Year Round", "Hours of Operation": "8am-4pm, Open later seasonally", "Accessibility": "Fully Accessible", "Restroom Type": "Multi-Stall W\/M Restrooms", "Changing Stations": null, "Additional Notes": null, "Website": null, "Latitude": 40.80783, "Longitude": -73.925081, "Location": "POINT (-73.925081 40.80783)" }, "geometry": { "type": "Point", "coordinates": [ -73.925081, 40.807829999999832 ] } },
{ "type": "Feature", "properties": { "Facility Name": "James Forten Playground", "Location Type": "Park", "Operator": "NYC Parks", "Status": "Operational", "Open": "Year Round", "Hours of Operation": "8am-4pm, Open later seasonally", "Accessibility": "Not Accessible", "Restroom Type": "Multi-Stall W\/M Restrooms", "Changing Stations": null, "Additional Notes": null, "Website": null, "Latitude": 40.676636, "Longitude": -73.965492, "Location": "POINT (-73.965492 40.676636)" }, "geometry": { "type": "Point", "coordinates": [ -73.965492, 40.676635999999839 ] } },
{ "type": "Feature", "properties": { "Facility Name": "Bill Brown Playground", "Location Type": "Park", "Operator": "NYC Parks", "Status": "Operational", "Open": "Year Round", "Hours of Operation": "8am-4pm, Open later seasonally", "Accessibility": "Fully Accessible", "Restroom Type": "Multi-Stall W\/M Restrooms", "Changing Stations": null, "Additional Notes": null, "Website": null, "Latitude": 40.59177, "Longitude": -73.945598, "Location": "POINT (-73.945598 40.59177)" }, "geometry": { "type": "Point", "coordinates": [ -73.945598, 40.591769999999826 ] } },
{ "type": "Feature", "properties": { "Facility Name": "William Sheridan Playground", "Location Type": "Park", "Operator": "NYC Parks", "Status": "Operational", "Open": "Year Round", "Hours of Operation": "8am-4pm, Open later seasonally", "Accessibility": "Not Accessible", "Restroom Type": "Multi-Stall W\/M Restrooms", "Changing Stations": null, "Additional Notes": null, "Website": null, "Latitude": 40.715271, "Longitude": -73.963972, "Location": "POINT (-73.963972 40.715271)" }, "geometry": { "type": "Point", "coordinates": [ -73.963972, 40.715270999999838 ] } },
{ "type": "Feature", "properties": { "Facility Name": "157 St Playground", "Location Type": "Park", "Operator": "NYC Parks", "Status": "Operational", "Open": "Year Round", "Hours of Operation": "8am-4pm, Open later seasonally", "Accessibility": "Not Accessible", "Restroom Type": "Multi-Stall W\/M Restrooms", "Changing Stations": null, "Additional Notes": null, "Website": null, "Latitude": 40.68455, "Longitude": -73.786145, "Location": "POINT (-73.786145 40.68455)" }, "geometry": { "type": "Point", "coordinates": [ -73.786145, 40.684549999999838 ] } },
{ "type": "Feature", "properties": { "Facility Name": "2 Lincoln Square POPS", "Location Type": "Privately Owned Public Space", "Operator": "Brown Harris Stevens", "Status": "Operational", "Open": "Year Round", "Hours of Operation": "Everyday 11:30 am-7:30 pm, except Mondays, Thanksgiving, Christmas, and New Year's; closed four times a year, each time for four consecutive days, for installation of new exhibits", "Accessibility": "Fully Accessible", "Restroom Type": "Single-Stall All Gender Restroom(s)", "Changing Stations": "Yes", "Additional Notes": "2 all Gender Restroom available in public American Folk Art Museum - Enclosed portion of Covered Plaza", "Website": null, "Latitude": 40.773165, "Longitude": -73.981429, "Location": "POINT (-73.981429 40.773165)" }, "geometry": { "type": "Point", "coordinates": [ -73.981429, 40.773164999999842 ] } },
{ "type": "Feature", "properties": { "Facility Name": "Clintonville Playground", "Location Type": "Park", "Operator": "NYC Parks", "Status": "Operational", "Open": "Seasonal", "Hours of Operation": "8am-4pm, Open later seasonally", "Accessibility": "Fully Accessible", "Restroom Type": "Multi-Stall W\/M Restrooms", "Changing Stations": null, "Additional Notes": null, "Website": null, "Latitude": 40.783016, "Longitude": -73.806787, "Location": "POINT (-73.806787 40.783016)" }, "geometry": { "type": "Point", "coordinates": [ -73.806787, 40.783015999999854 ] } },
{ "type": "Feature", "properties": { "Facility Name": "Daniel M. O'Connell Playground", "Location Type": "Park", "Operator": "NYC Parks", "Status": "Operational", "Open": "Year Round", "Hours of Operation": "8am-4pm, Open later seasonally", "Accessibility": "Fully Accessible", "Restroom Type": "Multi-Stall W\/M Restrooms", "Changing Stations": null, "Additional Notes": null, "Website": null, "Latitude": 40.700187, "Longitude": -73.758243, "Location": "POINT (-73.758243 40.700187)" }, "geometry": { "type": "Point", "coordinates": [ -73.758243, 40.70018699999985 ] } },
{ "type": "Feature", "properties": { "Facility Name": "Webster Library, NYPL", "Location Type": "Library", "Operator": "NYPL", "Status": "Operational", "Open": "Year Round", "Hours of Operation": "Sunday: Closed \nMonday: 11:00 am - 7:00 pm \nTuesday: 11:00 am - 7:00 pm\nWednesday: 11:00 am - 7:00 pm\nThursday: 11:00 am - 7:00 pm\nFriday: 10:00 am - 5:00 pm \nSaturday: 10:00 am - 5:00 pm", "Accessibility": "Fully Accessible", "Restroom Type": "Single-Stall All Gender Restroom(s)", "Changing Stations": "Yes", "Additional Notes": null, "Website": "https:\/\/www.nypl.org\/locations\/webster", "Latitude": 40.770661, "Longitude": -73.951343, "Location": "POINT (-73.951343 40.770661)" }, "geometry": { "type": "Point", "coordinates": [ -73.951343, 40.770660999999834 ] } },
{ "type": "Feature", "properties": { "Facility Name": "Highland Park Zone 1", "Location Type": "Park", "Operator": "NYC Parks", "Status": "Operational", "Open": "Seasonal", "Hours of Operation": "8am-4pm, Open later seasonally", "Accessibility": "Fully Accessible", "Restroom Type": "Both Single-Stall All Gender and Multi-Stall W\/M", "Changing Stations": null, "Additional Notes": null, "Website": null, "Latitude": 40.687504, "Longitude": -73.890115, "Location": "POINT (-73.890115 40.687504)" }, "geometry": { "type": "Point", "coordinates": [ -73.890115, 40.687503999999841 ] } },
{ "type": "Feature", "properties": { "Facility Name": "Imagination Playground at Betsy Head", "Location Type": "Park", "Operator": "NYC Parks", "Status": "Operational", "Open": "Year Round", "Hours of Operation": "8am-4pm, Open later seasonally", "Accessibility": "Fully Accessible", "Restroom Type": "Multi-Stall W\/M Restrooms", "Changing Stations": null, "Additional Notes": null, "Website": null, "Latitude": 40.664538, "Longitude": -73.911558, "Location": "POINT (-73.911558 40.664538)" }, "geometry": { "type": "Point", "coordinates": [ -73.911558, 40.66453799999983 ] } },
{ "type": "Feature", "properties": { "Facility Name": "Fort Washington Park Zone 2A", "Location Type": "Park", "Operator": "NYC Parks", "Status": "Operational", "Open": "Year Round", "Hours of Operation": "8am-4pm, Open later seasonally", "Accessibility": "Not Accessible", "Restroom Type": "Multi-Stall W\/M Restrooms", "Changing Stations": null, "Additional Notes": null, "Website": null, "Latitude": 40.847214, "Longitude": -73.946245, "Location": "POINT (-73.946245 40.847214)" }, "geometry": { "type": "Point", "coordinates": [ -73.946245, 40.847213999999845 ] } },
{ "type": "Feature", "properties": { "Facility Name": "Nautilus Playground", "Location Type": "Park", "Operator": "NYC Parks", "Status": "Operational", "Open": "Year Round", "Hours of Operation": "8am-4pm, Open later seasonally", "Accessibility": "Not Accessible", "Restroom Type": "Multi-Stall W\/M Restrooms", "Changing Stations": null, "Additional Notes": null, "Website": null, "Latitude": 40.571723, "Longitude": -73.995922, "Location": "POINT (-73.995922 40.571723)" }, "geometry": { "type": "Point", "coordinates": [ -73.995922, 40.571722999999835 ] } },
{ "type": "Feature", "properties": { "Facility Name": "Playground Ninety", "Location Type": "Park", "Operator": "NYC Parks", "Status": "Operational", "Open": "Year Round", "Hours of Operation": "8am-4pm, Open later seasonally", "Accessibility": "Not Accessible", "Restroom Type": "Multi-Stall W\/M Restrooms", "Changing Stations": null, "Additional Notes": null, "Website": null, "Latitude": 40.757278, "Longitude": -73.878311, "Location": "POINT (-73.878311 40.757278)" }, "geometry": { "type": "Point", "coordinates": [ -73.878311, 40.757277999999843 ] } },
{ "type": "Feature", "properties": { "Facility Name": "Seward Park Library, NYPL", "Location Type": "Library", "Operator": "NYPL", "Status": "Operational", "Open": "Year Round", "Hours of Operation": "Sunday: Closed \nMonday: 10:00 am - 8:00 pm \nTuesday: 10:00 am - 8:00 pm \nWednesday: 10:00 am - 8:00 pm  \nThursday: 10:00 am - 8:00 pm \nFriday: 10:00 am - 5:00 pm \nSaturday: 10:00 am - 5:00 pm", "Accessibility": "Fully Accessible", "Restroom Type": "Single-Stall All Gender Restroom(s)", "Changing Stations": "Yes", "Additional Notes": null, "Website": "https:\/\/www.nypl.org\/locations\/seward-park", "Latitude": 40.714418, "Longitude": -73.988502, "Location": "POINT (-73.988502 40.714418)" }, "geometry": { "type": "Point", "coordinates": [ -73.988502, 40.714417999999839 ] } },
{ "type": "Feature", "properties": { "Facility Name": "101st St. Soccer Field", "Location Type": "Park", "Operator": "NYC Parks", "Status": "Operational", "Open": "Year Round", "Hours of Operation": "8am-4pm, Open later seasonally", "Accessibility": "Not Accessible", "Restroom Type": "Multi-Stall W\/M Restrooms", "Changing Stations": null, "Additional Notes": null, "Website": null, "Latitude": 40.80055, "Longitude": -73.973315, "Location": "POINT (-73.973315 40.80055)" }, "geometry": { "type": "Point", "coordinates": [ -73.973315, 40.800549999999831 ] } },
{ "type": "Feature", "properties": { "Facility Name": "Greencroft Playground", "Location Type": "Park", "Operator": "NYC Parks", "Status": "Operational", "Open": "Year Round", "Hours of Operation": "8am-4pm, Open later seasonally", "Accessibility": "Fully Accessible", "Restroom Type": "Multi-Stall W\/M Restrooms", "Changing Stations": null, "Additional Notes": null, "Website": null, "Latitude": 40.552058, "Longitude": -74.136087, "Location": "POINT (-74.136087 40.552058)" }, "geometry": { "type": "Point", "coordinates": [ -74.136087, 40.552057999999832 ] } },
{ "type": "Feature", "properties": { "Facility Name": "Tall Oak Playground", "Location Type": "Park", "Operator": "NYC Parks", "Status": "Operational", "Open": "Seasonal", "Hours of Operation": "8am-4pm, Open later seasonally", "Accessibility": "Fully Accessible", "Restroom Type": "Multi-Stall W\/M Restrooms", "Changing Stations": null, "Additional Notes": null, "Website": null, "Latitude": 40.746342, "Longitude": -73.758265, "Location": "POINT (-73.758265 40.746342)" }, "geometry": { "type": "Point", "coordinates": [ -73.758265, 40.746341999999842 ] } },
{ "type": "Feature", "properties": { "Facility Name": "Ulmer Park Library, BPL", "Location Type": "Library", "Operator": "BPL", "Status": "Operational", "Open": "Year Round", "Hours of Operation": "Monday\t10 am - 6 pm\nTuesday\t1 pm - 8 pm\nWednesday\t10 am - 6 pm\nThursday\t10 am - 8 pm\nFriday\t10 am - 6 pm\nSaturday\t10 am - 5 pm\nSunday\tCLOSED", "Accessibility": "Fully Accessible", "Restroom Type": "Single-Stall All Gender Restroom(s)", "Changing Stations": "Yes", "Additional Notes": null, "Website": "https:\/\/www.bklynlibrary.org\/locations\/ulmer-park", "Latitude": 40.592693, "Longitude": -73.988629, "Location": "POINT (-73.988629 40.592693)" }, "geometry": { "type": "Point", "coordinates": [ -73.988629, 40.592692999999819 ] } },
{ "type": "Feature", "properties": { "Facility Name": "Ancient Playground", "Location Type": "Park", "Operator": "Central Park Conservancy", "Status": "Operational", "Open": "Year Round", "Hours of Operation": "7am - dusk", "Accessibility": "Fully Accessible", "Restroom Type": "Multi-Stall W\/M Restrooms", "Changing Stations": null, "Additional Notes": null, "Website": null, "Latitude": 40.780996, "Longitude": -73.961592, "Location": "POINT (-73.961592 40.780996)" }, "geometry": { "type": "Point", "coordinates": [ -73.961592, 40.780995999999845 ] } },
{ "type": "Feature", "properties": { "Facility Name": "Downing Street Playground", "Location Type": "Park", "Operator": "NYC Parks", "Status": "Operational", "Open": "Year Round", "Hours of Operation": "8am-4pm, Open later seasonally", "Accessibility": "Fully Accessible", "Restroom Type": "Multi-Stall W\/M Restrooms", "Changing Stations": null, "Additional Notes": null, "Website": null, "Latitude": 40.730022, "Longitude": -74.002938, "Location": "POINT (-74.002938 40.730022)" }, "geometry": { "type": "Point", "coordinates": [ -74.002938, 40.730021999999835 ] } },
{ "type": "Feature", "properties": { "Facility Name": "McKinley Park Playground", "Location Type": "Park", "Operator": "NYC Parks", "Status": "Operational", "Open": "Year Round", "Hours of Operation": "8am-4pm, Open later seasonally", "Accessibility": "Not Accessible", "Restroom Type": "Multi-Stall W\/M Restrooms", "Changing Stations": null, "Additional Notes": null, "Website": null, "Latitude": 40.62657, "Longitude": -74.016733, "Location": "POINT (-74.016733 40.62657)" }, "geometry": { "type": "Point", "coordinates": [ -74.016733, 40.626569999999838 ] } },
{ "type": "Feature", "properties": { "Facility Name": "Yellowstone Park", "Location Type": "Park", "Operator": "NYC Parks", "Status": "Operational", "Open": "Year Round", "Hours of Operation": "8am-4pm, Open later seasonally", "Accessibility": "Fully Accessible", "Restroom Type": "Multi-Stall W\/M Restrooms", "Changing Stations": null, "Additional Notes": null, "Website": null, "Latitude": 40.726241, "Longitude": -73.847893, "Location": "POINT (-73.847893 40.726241)" }, "geometry": { "type": "Point", "coordinates": [ -73.847893, 40.726240999999831 ] } },
{ "type": "Feature", "properties": { "Facility Name": "Bronx Library Center, NYPL", "Location Type": "Library", "Operator": "NYPL", "Status": "Operational", "Open": "Year Round", "Hours of Operation": "Sunday: Closed \nMonday: 9:00 am - 9:00 pm \nTuesday: 9:00 am - 9:00 pm\nWednesday: 9:00 am - 9:00 pm\nThursday: 9:00 am - 9:00 pm\nFriday: 10:00 am - 8:00 pm \nSaturday: 10:00 am - 8:00 pm", "Accessibility": "Fully Accessible", "Restroom Type": "Both Single-Stall All Gender and Multi-Stall W\/M", "Changing Stations": "\"Yes, in single-stall all gender restroom only\"", "Additional Notes": null, "Website": "https:\/\/www.nypl.org\/locations\/bronx-library-center", "Latitude": 40.862989, "Longitude": -73.894504, "Location": "POINT (-73.894504 40.862989)" }, "geometry": { "type": "Point", "coordinates": [ -73.894504, 40.862988999999843 ] } },
{ "type": "Feature", "properties": { "Facility Name": "Claremont Park Zone 3", "Location Type": "Park", "Operator": "NYC Parks", "Status": "Operational", "Open": "Year Round", "Hours of Operation": "8am-4pm, Open later seasonally", "Accessibility": "Fully Accessible", "Restroom Type": "Multi-Stall W\/M Restrooms", "Changing Stations": null, "Additional Notes": null, "Website": null, "Latitude": 40.837672, "Longitude": -73.908021, "Location": "POINT (-73.908021 40.837672)" }, "geometry": { "type": "Point", "coordinates": [ -73.908021, 40.837671999999841 ] } },
{ "type": "Feature", "properties": { "Facility Name": "Chelsea Piers at Pier 61", "Location Type": "Park", "Operator": "Hudson River Park", "Status": "Operational", "Open": "Year Round", "Hours of Operation": "10am - 8pm", "Accessibility": "Fully Accessible", "Restroom Type": null, "Changing Stations": null, "Additional Notes": null, "Website": null, "Latitude": 40.748592, "Longitude": -74.008764, "Location": "POINT (-74.008764 40.748592)" }, "geometry": { "type": "Point", "coordinates": [ -74.008764, 40.748591999999846 ] } },
{ "type": "Feature", "properties": { "Facility Name": "Havemeyer Playground", "Location Type": "Park", "Operator": "NYC Parks", "Status": "Operational", "Open": "Year Round", "Hours of Operation": "8am-4pm, Open later seasonally", "Accessibility": "Fully Accessible", "Restroom Type": "Multi-Stall W\/M Restrooms", "Changing Stations": null, "Additional Notes": null, "Website": null, "Latitude": 40.829983, "Longitude": -73.847942, "Location": "POINT (-73.847942 40.829983)" }, "geometry": { "type": "Point", "coordinates": [ -73.847942, 40.829982999999842 ] } },
{ "type": "Feature", "properties": { "Facility Name": "Crispus Attucks Playground", "Location Type": "Park", "Operator": "NYC Parks", "Status": "Operational", "Open": "Year Round", "Hours of Operation": "8am-4pm, Open later seasonally", "Accessibility": "Not Accessible", "Restroom Type": "Multi-Stall W\/M Restrooms", "Changing Stations": null, "Additional Notes": null, "Website": null, "Latitude": 40.681619, "Longitude": -73.959209, "Location": "POINT (-73.959209 40.681619)" }, "geometry": { "type": "Point", "coordinates": [ -73.959209, 40.681618999999841 ] } },
{ "type": "Feature", "properties": { "Facility Name": "Pelham Parkway-Van Nest Library, NYPL", "Location Type": "Library", "Operator": "NYPL", "Status": "Operational", "Open": "Year Round", "Hours of Operation": "Sunday: Closed \nMonday: 10:00 am - 6:00 pm \nTuesday: 10:00 pm - 6:00 pm \nWednesday: 10:00 am - 6:00 pm \nThursday: 10:00 pm - 6:00 pm \nFriday: 10:00 am - 6:00 pm \nSaturday: 10:00 am - 5:00 pm", "Accessibility": "Partially Accessible", "Restroom Type": "Single-Stall All Gender Restroom(s)", "Changing Stations": "No", "Additional Notes": null, "Website": "https:\/\/www.nypl.org\/locations\/pelham-parkway-van-nest", "Latitude": 40.854884, "Longitude": -73.864148, "Location": "POINT (-73.864148 40.854884)" }, "geometry": { "type": "Point", "coordinates": [ -73.864148, 40.854883999999828 ] } },
{ "type": "Feature", "properties": { "Facility Name": "Bendheim Playground", "Location Type": "Park", "Operator": "NYC Parks", "Status": "Operational", "Open": "Seasonal", "Hours of Operation": "7am - dusk", "Accessibility": "Fully Accessible", "Restroom Type": "Single-Stall All Gender Restroom(s)", "Changing Stations": null, "Additional Notes": null, "Website": null, "Latitude": 40.790397, "Longitude": -73.954565, "Location": "POINT (-73.954565 40.790397)" }, "geometry": { "type": "Point", "coordinates": [ -73.954565, 40.790396999999835 ] } },
{ "type": "Feature", "properties": { "Facility Name": "Midland Playground", "Location Type": "Park", "Operator": "NYC Parks", "Status": "Operational", "Open": "Year Round", "Hours of Operation": "8am-4pm, Open later seasonally", "Accessibility": "Fully Accessible", "Restroom Type": "Multi-Stall W\/M Restrooms", "Changing Stations": null, "Additional Notes": null, "Website": null, "Latitude": 40.574783, "Longitude": -74.098375, "Location": "POINT (-74.098375 40.574783)" }, "geometry": { "type": "Point", "coordinates": [ -74.098375, 40.574782999999833 ] } },
{ "type": "Feature", "properties": { "Facility Name": "Haggerty Park", "Location Type": "Park", "Operator": "NYC Parks", "Status": "Operational", "Open": "Year Round", "Hours of Operation": "8am-4pm, Open later seasonally", "Accessibility": "Fully Accessible", "Restroom Type": "Multi-Stall W\/M Restrooms", "Changing Stations": null, "Additional Notes": null, "Website": null, "Latitude": 40.713141, "Longitude": -73.758102, "Location": "POINT (-73.758102 40.713141)" }, "geometry": { "type": "Point", "coordinates": [ -73.758102, 40.713140999999844 ] } },
{ "type": "Feature", "properties": { "Facility Name": "Harold Schneiderman Playground", "Location Type": "Park", "Operator": "NYC Parks", "Status": "Operational", "Open": "Year Round", "Hours of Operation": "8am-4pm, Open later seasonally", "Accessibility": "Fully Accessible", "Restroom Type": "Both Single-Stall All Gender and Multi-Stall W\/M", "Changing Stations": null, "Additional Notes": null, "Website": null, "Latitude": 40.664748, "Longitude": -73.850434, "Location": "POINT (-73.850434 40.664748)" }, "geometry": { "type": "Point", "coordinates": [ -73.850434, 40.664747999999854 ] } },
{ "type": "Feature", "properties": { "Facility Name": "Playground", "Location Type": "Park", "Operator": "NYC Parks", "Status": "Operational", "Open": "Year Round", "Hours of Operation": "8am-4pm, Open later seasonally", "Accessibility": "Fully Accessible", "Restroom Type": "Multi-Stall W\/M Restrooms", "Changing Stations": null, "Additional Notes": null, "Website": null, "Latitude": 40.881137, "Longitude": -73.900773, "Location": "POINT (-73.900773 40.881137)" }, "geometry": { "type": "Point", "coordinates": [ -73.900773, 40.881136999999839 ] } },
{ "type": "Feature", "properties": { "Facility Name": "Van Voorhees Playground", "Location Type": "Park", "Operator": "NYC Parks", "Status": "Operational", "Open": "Year Round", "Hours of Operation": "8am-4pm, Open later seasonally", "Accessibility": "Fully Accessible", "Restroom Type": "Multi-Stall W\/M Restrooms", "Changing Stations": null, "Additional Notes": null, "Website": null, "Latitude": 40.689659, "Longitude": -73.999568, "Location": "POINT (-73.999568 40.689659)" }, "geometry": { "type": "Point", "coordinates": [ -73.999568, 40.689658999999828 ] } },
{ "type": "Feature", "properties": { "Facility Name": "Juniper North Playground Tennis Courts", "Location Type": "Park", "Operator": "NYC Parks", "Status": "Operational", "Open": "Year Round", "Hours of Operation": "8am-4pm, Open later seasonally", "Accessibility": "Not Accessible", "Restroom Type": "Multi-Stall W\/M Restrooms", "Changing Stations": null, "Additional Notes": null, "Website": null, "Latitude": 40.720668, "Longitude": -73.877441, "Location": "POINT (-73.877441 40.720668)" }, "geometry": { "type": "Point", "coordinates": [ -73.877441, 40.720667999999833 ] } },
{ "type": "Feature", "properties": { "Facility Name": "Sachkerah Woods Playground", "Location Type": "Park", "Operator": "NYC Parks", "Status": "Operational", "Open": "Year Round", "Hours of Operation": "8am-4pm, Open later seasonally", "Accessibility": "Fully Accessible", "Restroom Type": "Multi-Stall W\/M Restrooms", "Changing Stations": null, "Additional Notes": null, "Website": null, "Latitude": 40.883684, "Longitude": -73.881574, "Location": "POINT (-73.881574 40.883684)" }, "geometry": { "type": "Point", "coordinates": [ -73.881574, 40.883683999999839 ] } },
{ "type": "Feature", "properties": { "Facility Name": "Wakefield Library, NYPL", "Location Type": "Library", "Operator": "NYPL", "Status": "Operational", "Open": "Year Round", "Hours of Operation": "Sunday: Closed \nMonday: 10:00 am - 7:00 pm \nTuesday: 10:00 pm - 7:00 pm \nWednesday: 10:00 am - 7:00 pm \nThursday: 10:00 pm - 7:00 pm \nFriday: 10:00 am - 5:00 pm \nSaturday: 10:00 am - 5:00 pm", "Accessibility": "Fully Accessible", "Restroom Type": "Both Single-Stall All Gender and Multi-Stall W\/M", "Changing Stations": "\"Yes, in single-stall all gender restroom only\"", "Additional Notes": null, "Website": "https:\/\/www.nypl.org\/locations\/wakefield", "Latitude": 40.891093, "Longitude": -73.859583, "Location": "POINT (-73.859583 40.891093)" }, "geometry": { "type": "Point", "coordinates": [ -73.859583, 40.891092999999842 ] } },
{ "type": "Feature", "properties": { "Facility Name": "Sedgwick Library, NYPL", "Location Type": "Library", "Operator": "NYPL", "Status": "Operational", "Open": "Year Round", "Hours of Operation": "Sunday: Closed \nMonday: 10:00 am - 6:00 pm \nTuesday: 10:00 pm - 6:00 pm \nWednesday: 10:00 am - 6:00 pm \nThursday: 10:00 pm - 6:00 pm \nFriday: 10:00 am - 6:00 pm \nSaturday: 10:00 am - 5:00 pm", "Accessibility": "Fully Accessible", "Restroom Type": "Single-Stall All Gender Restroom(s)", "Changing Stations": "No", "Additional Notes": null, "Website": "https:\/\/www.nypl.org\/locations\/sedgwick", "Latitude": 40.849453, "Longitude": -73.917496, "Location": "POINT (-73.917496 40.849453)" }, "geometry": { "type": "Point", "coordinates": [ -73.917496, 40.849452999999833 ] } },
{ "type": "Feature", "properties": { "Facility Name": "Dongan Hills Library, NYPL", "Location Type": "Library", "Operator": "NYPL", "Status": "Operational", "Open": "Year Round", "Hours of Operation": "Sunday: Closed \nMonday: 11:00 am - 6:00 pm \nTuesday: 11:00 am - 6:00 pm  \nWednesday: 11:00 am - 6:00 pm  \nThursday: 11:00 am - 6:00 pm  \nFriday: 10:00 am - 5:00 pm \nSaturday: 10:00 am - 5:00 pm", "Accessibility": "Fully Accessible", "Restroom Type": "Single-Stall All Gender Restroom(s)", "Changing Stations": "No", "Additional Notes": "Changing Table outside restroom", "Website": "https:\/\/www.nypl.org\/locations\/dongan-hills", "Latitude": 40.5904, "Longitude": -74.101139, "Location": "POINT (-74.101139 40.5904)" }, "geometry": { "type": "Point", "coordinates": [ -74.101139, 40.590399999999839 ] } },
{ "type": "Feature", "properties": { "Facility Name": "Underwood Park", "Location Type": "Park", "Operator": "NYC Parks", "Status": "Operational", "Open": "Year Round", "Hours of Operation": "8am-4pm, Open later seasonally", "Accessibility": "Fully Accessible", "Restroom Type": "Multi-Stall W\/M Restrooms", "Changing Stations": null, "Additional Notes": null, "Website": null, "Latitude": 40.688567, "Longitude": -73.966747, "Location": "POINT (-73.966747 40.688567)" }, "geometry": { "type": "Point", "coordinates": [ -73.966747, 40.688566999999836 ] } },
{ "type": "Feature", "properties": { "Facility Name": "Midland Playground", "Location Type": "Park", "Operator": "NYC Parks", "Status": "Operational", "Open": "Seasonal", "Hours of Operation": "8am-4pm, Open later seasonally", "Accessibility": "Fully Accessible", "Restroom Type": "Multi-Stall W\/M Restrooms", "Changing Stations": null, "Additional Notes": null, "Website": null, "Latitude": 40.568327, "Longitude": -74.090816, "Location": "POINT (-74.090816 40.568327)" }, "geometry": { "type": "Point", "coordinates": [ -74.090816, 40.568326999999826 ] } },
{ "type": "Feature", "properties": { "Facility Name": "P.O. Reinaldo Salgado Playground", "Location Type": "Park", "Operator": "NYC Parks", "Status": "Operational", "Open": "Year Round", "Hours of Operation": "8am-4pm, Open later seasonally", "Accessibility": "Not Accessible", "Restroom Type": "Multi-Stall W\/M Restrooms", "Changing Stations": null, "Additional Notes": null, "Website": null, "Latitude": 40.687911, "Longitude": -73.925463, "Location": "POINT (-73.925463 40.687911)" }, "geometry": { "type": "Point", "coordinates": [ -73.925463, 40.687910999999836 ] } },
{ "type": "Feature", "properties": { "Facility Name": "Little Bay Park Zone 2", "Location Type": "Park", "Operator": "NYC Parks", "Status": "Operational", "Open": "Year Round", "Hours of Operation": "8am-4pm, Open later seasonally", "Accessibility": "Not Accessible", "Restroom Type": "Multi-Stall W\/M Restrooms", "Changing Stations": null, "Additional Notes": null, "Website": null, "Latitude": 40.790449, "Longitude": -73.782045, "Location": "POINT (-73.782045 40.790449)" }, "geometry": { "type": "Point", "coordinates": [ -73.782045, 40.790448999999839 ] } },
{ "type": "Feature", "properties": { "Facility Name": "Stars & Stripes Playground", "Location Type": "Park", "Operator": "NYC Parks", "Status": "Operational", "Open": "Year Round", "Hours of Operation": "8am-4pm, Open later seasonally", "Accessibility": "Fully Accessible", "Restroom Type": "Multi-Stall W\/M Restrooms", "Changing Stations": null, "Additional Notes": null, "Website": null, "Latitude": 40.885564, "Longitude": -73.839162, "Location": "POINT (-73.839162 40.885564)" }, "geometry": { "type": "Point", "coordinates": [ -73.839162, 40.885563999999832 ] } },
{ "type": "Feature", "properties": { "Facility Name": "Arlington Edinboro Playground", "Location Type": "Park", "Operator": "NYC Parks", "Status": "Operational", "Open": "Year Round", "Hours of Operation": "8am-4pm, Open later seasonally", "Accessibility": "Not Accessible", "Restroom Type": "Multi-Stall W\/M Restrooms", "Changing Stations": null, "Additional Notes": null, "Website": null, "Latitude": 40.820863, "Longitude": -73.946671, "Location": "POINT (-73.946671 40.820863)" }, "geometry": { "type": "Point", "coordinates": [ -73.946671, 40.820862999999846 ] } },
{ "type": "Feature", "properties": { "Facility Name": "Admiral Playground", "Location Type": "Park", "Operator": "NYC Parks", "Status": "Operational", "Open": "Year Round", "Hours of Operation": "8am-4pm, Open later seasonally", "Accessibility": "Fully Accessible", "Restroom Type": "Both Single-Stall All Gender and Multi-Stall W\/M", "Changing Stations": null, "Additional Notes": null, "Website": null, "Latitude": 40.770933, "Longitude": -73.73756, "Location": "POINT (-73.73756 40.770933)" }, "geometry": { "type": "Point", "coordinates": [ -73.73756, 40.770932999999843 ] } },
{ "type": "Feature", "properties": { "Facility Name": "Ehrenreich-Austin Playground", "Location Type": "Park", "Operator": "NYC Parks", "Status": "Operational", "Open": "Year Round", "Hours of Operation": "8am-4pm, Open later seasonally", "Accessibility": "Not Accessible", "Restroom Type": "Multi-Stall W\/M Restrooms", "Changing Stations": null, "Additional Notes": null, "Website": null, "Latitude": 40.715791, "Longitude": -73.837044, "Location": "POINT (-73.837044 40.715791)" }, "geometry": { "type": "Point", "coordinates": [ -73.837044, 40.715790999999847 ] } },
{ "type": "Feature", "properties": { "Facility Name": "Spuyten Duyvil Playground", "Location Type": "Park", "Operator": "NYC Parks", "Status": "Operational", "Open": "Year Round", "Hours of Operation": "8am-4pm, Open later seasonally", "Accessibility": "Fully Accessible", "Restroom Type": "Multi-Stall W\/M Restrooms", "Changing Stations": null, "Additional Notes": null, "Website": null, "Latitude": 40.887153, "Longitude": -73.916236, "Location": "POINT (-73.916236 40.887153)" }, "geometry": { "type": "Point", "coordinates": [ -73.916236, 40.887152999999834 ] } },
{ "type": "Feature", "properties": { "Facility Name": "Wayanda Park", "Location Type": "Park", "Operator": "NYC Parks", "Status": "Operational", "Open": "Year Round", "Hours of Operation": "8am-4pm, Open later seasonally", "Accessibility": "Fully Accessible", "Restroom Type": "Both Single-Stall All Gender and Multi-Stall W\/M", "Changing Stations": null, "Additional Notes": null, "Website": null, "Latitude": 40.710861, "Longitude": -73.73901, "Location": "POINT (-73.73901 40.710861)" }, "geometry": { "type": "Point", "coordinates": [ -73.73901, 40.710860999999831 ] } },
{ "type": "Feature", "properties": { "Facility Name": "La Guardia Playground", "Location Type": "Park", "Operator": "NYC Parks", "Status": "Operational", "Open": "Year Round", "Hours of Operation": "8am-4pm, Open later seasonally", "Accessibility": "Fully Accessible", "Restroom Type": "Multi-Stall W\/M Restrooms", "Changing Stations": null, "Additional Notes": null, "Website": null, "Latitude": 40.710572, "Longitude": -73.959819, "Location": "POINT (-73.959819 40.710572)" }, "geometry": { "type": "Point", "coordinates": [ -73.959819, 40.71057199999985 ] } },
{ "type": "Feature", "properties": { "Facility Name": "Eastern Parkway Library, BPL", "Location Type": "Library", "Operator": "BPL", "Status": "Operational", "Open": "Year Round", "Hours of Operation": "Monday\t10 am - 6 pm\nTuesday\t1 pm - 8 pm\nWednesday\t10 am - 6 pm\nThursday\t10 am - 8 pm\nFriday\t10 am - 6 pm\nSaturday\t10 am - 5 pm\nSunday\tCLOSED", "Accessibility": "Fully Accessible", "Restroom Type": "Single-Stall All Gender Restroom(s)", "Changing Stations": "Yes", "Additional Notes": null, "Website": "https:\/\/www.bklynlibrary.org\/locations\/eastern-parkway", "Latitude": 40.668495, "Longitude": -73.933652, "Location": "POINT (-73.933652 40.668495)" }, "geometry": { "type": "Point", "coordinates": [ -73.933652, 40.668494999999837 ] } },
{ "type": "Feature", "properties": { "Facility Name": "Queens Valley Playground", "Location Type": "Park", "Operator": "NYC Parks", "Status": "Operational", "Open": "Year Round", "Hours of Operation": "8am-4pm, Open later seasonally", "Accessibility": "Not Accessible", "Restroom Type": "Multi-Stall W\/M Restrooms", "Changing Stations": null, "Additional Notes": null, "Website": null, "Latitude": 40.721908, "Longitude": -73.823947, "Location": "POINT (-73.823947 40.721908)" }, "geometry": { "type": "Point", "coordinates": [ -73.823947, 40.721907999999836 ] } },
{ "type": "Feature", "properties": { "Facility Name": "Playground Sixty Two LXII", "Location Type": "Park", "Operator": "NYC Parks", "Status": "Operational", "Open": "Year Round", "Hours of Operation": "8am-4pm, Open later seasonally", "Accessibility": "Not Accessible", "Restroom Type": "Multi-Stall W\/M Restrooms", "Changing Stations": null, "Additional Notes": null, "Website": null, "Latitude": 40.736076, "Longitude": -73.852739, "Location": "POINT (-73.852739 40.736076)" }, "geometry": { "type": "Point", "coordinates": [ -73.852739, 40.736075999999848 ] } },
{ "type": "Feature", "properties": { "Facility Name": "Meadow Lake North", "Location Type": "Park", "Operator": "NYC Parks", "Status": "Operational", "Open": "Year Round", "Hours of Operation": "8am-4pm, Open later seasonally", "Accessibility": "Fully Accessible", "Restroom Type": "Multi-Stall W\/M Restrooms", "Changing Stations": null, "Additional Notes": null, "Website": null, "Latitude": 40.740671, "Longitude": -73.841211, "Location": "POINT (-73.841211 40.740671)" }, "geometry": { "type": "Point", "coordinates": [ -73.841211, 40.740670999999836 ] } },
{ "type": "Feature", "properties": { "Facility Name": "Walt Whitman Library, BPL", "Location Type": "Library", "Operator": "BPL", "Status": "Operational", "Open": "Year Round", "Hours of Operation": "Monday\t10 am - 6 pm\nTuesday\t1 pm - 8 pm\nWednesday\t10 am - 6 pm\nThursday\t10 am - 8 pm\nFriday\t10 am - 6 pm\nSaturday\t10 am - 5 pm\nSunday\tCLOSED", "Accessibility": "Fully Accessible", "Restroom Type": "Single-Stall All Gender Restroom(s)", "Changing Stations": "Yes", "Additional Notes": null, "Website": "https:\/\/www.bklynlibrary.org\/locations\/walt-whitman", "Latitude": 40.694498, "Longitude": -73.977734, "Location": "POINT (-73.977734 40.694498)" }, "geometry": { "type": "Point", "coordinates": [ -73.977734, 40.694497999999854 ] } },
{ "type": "Feature", "properties": { "Facility Name": "John Allen Payne Playground", "Location Type": "Park", "Operator": "NYC Parks", "Status": "Operational", "Open": "Seasonal", "Hours of Operation": "8am-4pm, Open later seasonally", "Accessibility": "Not Accessible", "Restroom Type": "Multi-Stall W\/M Restrooms", "Changing Stations": null, "Additional Notes": null, "Website": null, "Latitude": 40.639783, "Longitude": -74.023575, "Location": "POINT (-74.023575 40.639783)" }, "geometry": { "type": "Point", "coordinates": [ -74.023575, 40.639782999999852 ] } },
{ "type": "Feature", "properties": { "Facility Name": "Seton Park Playground", "Location Type": "Park", "Operator": "NYC Parks", "Status": "Operational", "Open": "Year Round", "Hours of Operation": "8am-4pm, Open later seasonally", "Accessibility": "Fully Accessible", "Restroom Type": "Multi-Stall W\/M Restrooms", "Changing Stations": null, "Additional Notes": null, "Website": null, "Latitude": 40.886167, "Longitude": -73.917071, "Location": "POINT (-73.917071 40.886167)" }, "geometry": { "type": "Point", "coordinates": [ -73.917071, 40.886166999999837 ] } },
{ "type": "Feature", "properties": { "Facility Name": "Carl Schurz Park Promenade", "Location Type": "Park", "Operator": "NYC Parks", "Status": "Operational", "Open": "Year Round", "Hours of Operation": "8am-4pm, Open later seasonally", "Accessibility": "Fully Accessible", "Restroom Type": "Both Single-Stall All Gender and Multi-Stall W\/M", "Changing Stations": null, "Additional Notes": null, "Website": null, "Latitude": 40.775711, "Longitude": -73.943904, "Location": "POINT (-73.943904 40.775711)" }, "geometry": { "type": "Point", "coordinates": [ -73.943904, 40.775710999999831 ] } },
{ "type": "Feature", "properties": { "Facility Name": "Mariners Harbor Library, NYPL", "Location Type": "Library", "Operator": "NYPL", "Status": "Operational", "Open": "Year Round", "Hours of Operation": "Sunday: Closed \nMonday: 11:00 am - 7:00 pm \nTuesday: 11:00 am - 7:00 pm \nWednesday: 11:00 am - 7:00 pm \nThursday: 11:00 am - 7:00 pm \nFriday: 10:00 am - 5:00 pm \nSaturday: 10:00 am - 5:00 pm", "Accessibility": "Fully Accessible", "Restroom Type": "Single-Stall All Gender Restroom(s)", "Changing Stations": "Yes", "Additional Notes": null, "Website": "https:\/\/www.nypl.org\/locations\/mariners-harbor", "Latitude": 40.634702, "Longitude": -74.166583, "Location": "POINT (-74.166583 40.634702)" }, "geometry": { "type": "Point", "coordinates": [ -74.166583, 40.634701999999834 ] } },
{ "type": "Feature", "properties": { "Facility Name": "Auburndale Playground", "Location Type": "Park", "Operator": "NYC Parks", "Status": "Operational", "Open": "Year Round", "Hours of Operation": "8am-4pm, Open later seasonally", "Accessibility": "Not Accessible", "Restroom Type": "Multi-Stall W\/M Restrooms", "Changing Stations": null, "Additional Notes": null, "Website": null, "Latitude": 40.765867, "Longitude": -73.794508, "Location": "POINT (-73.794508 40.765867)" }, "geometry": { "type": "Point", "coordinates": [ -73.794508, 40.765866999999844 ] } },
{ "type": "Feature", "properties": { "Facility Name": "Hammel Playground", "Location Type": "Park", "Operator": "NYC Parks", "Status": "Operational", "Open": null, "Hours of Operation": "8am-4pm, Open later seasonally", "Accessibility": "Not Accessible", "Restroom Type": "Multi-Stall W\/M Restrooms", "Changing Stations": null, "Additional Notes": null, "Website": null, "Latitude": 40.588185, "Longitude": -73.809426, "Location": "POINT (-73.809426 40.588185)" }, "geometry": { "type": "Point", "coordinates": [ -73.809426, 40.588184999999832 ] } },
{ "type": "Feature", "properties": { "Facility Name": "Epiphany Library, NYPL", "Location Type": "Library", "Operator": "NYPL", "Status": "Operational", "Open": "Year Round", "Hours of Operation": "Sunday: Closed \nMonday: 12:00 pm - 7:00 pm \nTuesday: 10:00 am - 6:00 pm  \nWednesday: 12:00 pm - 7:00 pm   \nThursday: 10:00 am - 6:00 pm    \nFriday: 10:00 am - 5:00 pm \nSaturday: 10:00 am - 5:00 pm", "Accessibility": "Fully Accessible", "Restroom Type": "Single-Stall All Gender Restroom(s)", "Changing Stations": "Yes", "Additional Notes": null, "Website": "https:\/\/www.nypl.org\/locations\/epiphany", "Latitude": 40.738095, "Longitude": -73.98205, "Location": "POINT (-73.98205 40.738095)" }, "geometry": { "type": "Point", "coordinates": [ -73.98205, 40.738094999999831 ] } },
{ "type": "Feature", "properties": { "Facility Name": "Beach 9th St. Playground", "Location Type": "Park", "Operator": "NYC Parks", "Status": "Operational", "Open": "Seasonal", "Hours of Operation": "8am-4pm, Open later seasonally", "Accessibility": "Not Accessible", "Restroom Type": "Multi-Stall W\/M Restrooms", "Changing Stations": null, "Additional Notes": null, "Website": null, "Latitude": 40.595625, "Longitude": -73.744565, "Location": "POINT (-73.744565 40.595625)" }, "geometry": { "type": "Point", "coordinates": [ -73.744565, 40.595624999999835 ] } },
{ "type": "Feature", "properties": { "Facility Name": "Bay Ridge Library, BPL", "Location Type": "Library", "Operator": "BPL", "Status": "Operational", "Open": "Year Round", "Hours of Operation": "Monday\t10 am - 6 pm\nTuesday\t1 pm - 8 pm\nWednesday\t10 am - 6 pm\nThursday\t10 am - 8 pm\nFriday\t10 am - 6 pm\nSaturday\t10 am - 5 pm\nSunday\tCLOSED", "Accessibility": "Fully Accessible", "Restroom Type": "Both Single-Stall All Gender and Multi-Stall W\/M", "Changing Stations": "Yes", "Additional Notes": null, "Website": "https:\/\/www.bklynlibrary.org\/locations\/bay-ridge", "Latitude": 40.633634, "Longitude": -74.02954, "Location": "POINT (-74.02954 40.633634)" }, "geometry": { "type": "Point", "coordinates": [ -74.02954, 40.633633999999837 ] } },
{ "type": "Feature", "properties": { "Facility Name": "Slattery Playground", "Location Type": "Park", "Operator": "NYC Parks", "Status": "Operational", "Open": "Year Round", "Hours of Operation": "8am-4pm, Open later seasonally", "Accessibility": "Fully Accessible", "Restroom Type": "Multi-Stall W\/M Restrooms", "Changing Stations": null, "Additional Notes": null, "Website": null, "Latitude": 40.857148, "Longitude": -73.898224, "Location": "POINT (-73.898224 40.857148)" }, "geometry": { "type": "Point", "coordinates": [ -73.898224, 40.857147999999846 ] } },
{ "type": "Feature", "properties": { "Facility Name": "Berriman Playground", "Location Type": "Park", "Operator": "NYC Parks", "Status": "Operational", "Open": "Year Round", "Hours of Operation": "8am-4pm, Open later seasonally", "Accessibility": "Fully Accessible", "Restroom Type": "Multi-Stall W\/M Restrooms", "Changing Stations": null, "Additional Notes": null, "Website": null, "Latitude": 40.656996, "Longitude": -73.869536, "Location": "POINT (-73.869536 40.656996)" }, "geometry": { "type": "Point", "coordinates": [ -73.869536, 40.656995999999836 ] } },
{ "type": "Feature", "properties": { "Facility Name": "Foster Park Zone 1", "Location Type": "Park", "Operator": "NYC Parks", "Status": "Operational", "Open": "Year Round", "Hours of Operation": "8am-4pm, Open later seasonally", "Accessibility": "Fully Accessible", "Restroom Type": "Multi-Stall W\/M Restrooms", "Changing Stations": null, "Additional Notes": null, "Website": null, "Latitude": 40.831188, "Longitude": -73.92471, "Location": "POINT (-73.92471 40.831188)" }, "geometry": { "type": "Point", "coordinates": [ -73.92471, 40.831187999999841 ] } },
{ "type": "Feature", "properties": { "Facility Name": "Railroad Playground", "Location Type": "Park", "Operator": "NYC Parks", "Status": "Operational", "Open": "Year Round", "Hours of Operation": "8am-4pm, Open later seasonally", "Accessibility": "Fully Accessible", "Restroom Type": "Multi-Stall W\/M Restrooms", "Changing Stations": null, "Additional Notes": null, "Website": null, "Latitude": 40.64924, "Longitude": -73.914041, "Location": "POINT (-73.914041 40.64924)" }, "geometry": { "type": "Point", "coordinates": [ -73.914041, 40.649239999999843 ] } },
{ "type": "Feature", "properties": { "Facility Name": "Harmony Playground", "Location Type": "Park", "Operator": "NYC Parks", "Status": "Operational", "Open": "Seasonal", "Hours of Operation": "8am-4pm, Open later seasonally", "Accessibility": "Not Accessible", "Restroom Type": "Multi-Stall W\/M Restrooms", "Changing Stations": null, "Additional Notes": null, "Website": null, "Latitude": 40.663406, "Longitude": -73.976656, "Location": "POINT (-73.976656 40.663406)" }, "geometry": { "type": "Point", "coordinates": [ -73.976656, 40.663405999999839 ] } },
{ "type": "Feature", "properties": { "Facility Name": "Vesuvio Playground", "Location Type": "Park", "Operator": "NYC Parks", "Status": "Operational", "Open": "Seasonal", "Hours of Operation": "8am-4pm, Open later seasonally", "Accessibility": "Fully Accessible", "Restroom Type": "Multi-Stall W\/M Restrooms", "Changing Stations": null, "Additional Notes": null, "Website": null, "Latitude": 40.725625, "Longitude": -74.002495, "Location": "POINT (-74.002495 40.725625)" }, "geometry": { "type": "Point", "coordinates": [ -74.002495, 40.725624999999859 ] } },
{ "type": "Feature", "properties": { "Facility Name": "McCaffrey Playground", "Location Type": "Park", "Operator": "NYC Parks", "Status": "Operational", "Open": "Year Round", "Hours of Operation": "8am-4pm, Open later seasonally", "Accessibility": "Fully Accessible", "Restroom Type": "Multi-Stall W\/M Restrooms", "Changing Stations": null, "Additional Notes": null, "Website": null, "Latitude": 40.759159, "Longitude": -73.99139, "Location": "POINT (-73.99139 40.759159)" }, "geometry": { "type": "Point", "coordinates": [ -73.99139, 40.759158999999848 ] } },
{ "type": "Feature", "properties": { "Facility Name": "Colonel David Marcus Playground", "Location Type": "Park", "Operator": "NYC Parks", "Status": "Operational", "Open": "Year Round", "Hours of Operation": "8am-4pm, Open later seasonally", "Accessibility": "Fully Accessible", "Restroom Type": "Multi-Stall W\/M Restrooms", "Changing Stations": null, "Additional Notes": null, "Website": null, "Latitude": 40.61004, "Longitude": -73.969611, "Location": "POINT (-73.969611 40.61004)" }, "geometry": { "type": "Point", "coordinates": [ -73.969611, 40.610039999999834 ] } },
{ "type": "Feature", "properties": { "Facility Name": "Hilton White Playground", "Location Type": "Park", "Operator": "NYC Parks", "Status": "Operational", "Open": "Year Round", "Hours of Operation": "8am-4pm, Open later seasonally", "Accessibility": "Fully Accessible", "Restroom Type": "Multi-Stall W\/M Restrooms", "Changing Stations": null, "Additional Notes": null, "Website": null, "Latitude": 40.82291, "Longitude": -73.90746, "Location": "POINT (-73.90746 40.82291)" }, "geometry": { "type": "Point", "coordinates": [ -73.90746, 40.822909999999837 ] } },
{ "type": "Feature", "properties": { "Facility Name": "Burns Playground", "Location Type": "Park", "Operator": "NYC Parks", "Status": "Operational", "Open": "Year Round", "Hours of Operation": "8am-4pm, Open later seasonally", "Accessibility": "Fully Accessible", "Restroom Type": "Multi-Stall W\/M Restrooms", "Changing Stations": null, "Additional Notes": null, "Website": null, "Latitude": 40.862953, "Longitude": -73.836616, "Location": "POINT (-73.836616 40.862953)" }, "geometry": { "type": "Point", "coordinates": [ -73.836616, 40.862952999999841 ] } },
{ "type": "Feature", "properties": { "Facility Name": "Rev. Dr. Maggie Howard Playground", "Location Type": "Park", "Operator": "NYC Parks", "Status": "Operational", "Open": "Year Round", "Hours of Operation": "8am-4pm, Open later seasonally", "Accessibility": "Fully Accessible", "Restroom Type": "Multi-Stall W\/M Restrooms", "Changing Stations": null, "Additional Notes": null, "Website": null, "Latitude": 40.62268, "Longitude": -74.079185, "Location": "POINT (-74.079185 40.62268)" }, "geometry": { "type": "Point", "coordinates": [ -74.079185, 40.622679999999832 ] } },
{ "type": "Feature", "properties": { "Facility Name": "Langston Hughes Playground", "Location Type": "Park", "Operator": "NYC Parks", "Status": "Operational", "Open": "Year Round", "Hours of Operation": "8am-4pm, Open later seasonally", "Accessibility": "Fully Accessible", "Restroom Type": "Both Single-Stall All Gender and Multi-Stall W\/M", "Changing Stations": null, "Additional Notes": null, "Website": null, "Latitude": 40.812211, "Longitude": -73.946382, "Location": "POINT (-73.946382 40.812211)" }, "geometry": { "type": "Point", "coordinates": [ -73.946382, 40.812210999999827 ] } },
{ "type": "Feature", "properties": { "Facility Name": "Sunset Park Playground", "Location Type": "Park", "Operator": "NYC Parks", "Status": "Operational", "Open": "Year Round", "Hours of Operation": "8am-4pm, Open later seasonally", "Accessibility": "Fully Accessible", "Restroom Type": "Multi-Stall W\/M Restrooms", "Changing Stations": null, "Additional Notes": null, "Website": null, "Latitude": 40.647683, "Longitude": -74.005022, "Location": "POINT (-74.005022 40.647683)" }, "geometry": { "type": "Point", "coordinates": [ -74.005022, 40.64768299999983 ] } },
{ "type": "Feature", "properties": { "Facility Name": "Hudson River Park Pier 97 - Portaloo", "Location Type": "Park", "Operator": "Hudson River Park", "Status": "Operational", "Open": "Year Round", "Hours of Operation": "6am - 1am", "Accessibility": "Fully Accessible", "Restroom Type": null, "Changing Stations": null, "Additional Notes": null, "Website": null, "Latitude": 40.771441, "Longitude": -73.995107, "Location": "POINT (-73.995107 40.771441)" }, "geometry": { "type": "Point", "coordinates": [ -73.995107, 40.771440999999832 ] } },
{ "type": "Feature", "properties": { "Facility Name": "Sol Bloom Playground", "Location Type": "Park", "Operator": "NYC Parks", "Status": "Operational", "Open": "Year Round", "Hours of Operation": "8am-4pm, Open later seasonally", "Accessibility": "Not Accessible", "Restroom Type": "Multi-Stall W\/M Restrooms", "Changing Stations": null, "Additional Notes": null, "Website": null, "Latitude": 40.789853, "Longitude": -73.968728, "Location": "POINT (-73.968728 40.789853)" }, "geometry": { "type": "Point", "coordinates": [ -73.968728, 40.78985299999983 ] } },
{ "type": "Feature", "properties": { "Facility Name": "Lyons Square Playground", "Location Type": "Park", "Operator": "NYC Parks", "Status": "Operational", "Open": "Year Round", "Hours of Operation": "8am-4pm, Open later seasonally", "Accessibility": "Fully Accessible", "Restroom Type": "Multi-Stall W\/M Restrooms", "Changing Stations": null, "Additional Notes": null, "Website": null, "Latitude": 40.822626, "Longitude": -73.888339, "Location": "POINT (-73.888339 40.822626)" }, "geometry": { "type": "Point", "coordinates": [ -73.888339, 40.822625999999836 ] } },
{ "type": "Feature", "properties": { "Facility Name": "Adams Street Library, BPL", "Location Type": "Library", "Operator": "BPL", "Status": "Operational", "Open": "Year Round", "Hours of Operation": "Monday\t10 am - 6 pm\nTuesday\t1 pm - 8 pm\nWednesday\t10 am - 6 pm\nThursday\t10 am - 8 pm\nFriday\t10 am - 6 pm\nSaturday\t10 am - 5 pm\nSunday\tCLOSED", "Accessibility": "Fully Accessible", "Restroom Type": "Single-Stall All Gender Restroom(s)", "Changing Stations": "Yes", "Additional Notes": null, "Website": "https:\/\/www.bklynlibrary.org\/locations\/adams-street", "Latitude": 40.704143, "Longitude": -73.987999, "Location": "POINT (-73.987999 40.704143)" }, "geometry": { "type": "Point", "coordinates": [ -73.987999, 40.704142999999839 ] } },
{ "type": "Feature", "properties": { "Facility Name": "Olinville Playground", "Location Type": "Park", "Operator": "NYC Parks", "Status": "Operational", "Open": "Year Round", "Hours of Operation": "8am-4pm, Open later seasonally", "Accessibility": "Fully Accessible", "Restroom Type": "Multi-Stall W\/M Restrooms", "Changing Stations": null, "Additional Notes": null, "Website": null, "Latitude": 40.88433, "Longitude": -73.86701, "Location": "POINT (-73.86701 40.88433)" }, "geometry": { "type": "Point", "coordinates": [ -73.86701, 40.884329999999835 ] } },
{ "type": "Feature", "properties": { "Facility Name": "Eastchester Playground", "Location Type": "Park", "Operator": "NYC Parks", "Status": "Operational", "Open": "Year Round", "Hours of Operation": "8am-4pm, Open later seasonally", "Accessibility": "Fully Accessible", "Restroom Type": "Multi-Stall W\/M Restrooms", "Changing Stations": null, "Additional Notes": null, "Website": null, "Latitude": 40.869776, "Longitude": -73.852701, "Location": "POINT (-73.852701 40.869776)" }, "geometry": { "type": "Point", "coordinates": [ -73.852701, 40.869775999999838 ] } },
{ "type": "Feature", "properties": { "Facility Name": "120 Park Avenue POPS", "Location Type": "Privately Owned Public Space", "Operator": "Shorenstein Realty Services", "Status": "Operational", "Open": "Year Round", "Hours of Operation": "Monday to Saturday: 7:30 am-9:30 pm; Sunday: 11:00 am-7:00 pm", "Accessibility": "Fully Accessible", "Restroom Type": "Single-Stall All Gender Restroom(s)", "Changing Stations": "No", "Additional Notes": "Security will grant access to restrooms.", "Website": null, "Latitude": 40.751936, "Longitude": -73.978306, "Location": "POINT (-73.978306 40.751936)" }, "geometry": { "type": "Point", "coordinates": [ -73.978306, 40.751935999999844 ] } },
{ "type": "Feature", "properties": { "Facility Name": "Alley Park", "Location Type": "Park", "Operator": "NYC Parks", "Status": "Operational", "Open": "Year Round", "Hours of Operation": "8am-4pm, Open later seasonally", "Accessibility": "Not Accessible", "Restroom Type": "Multi-Stall W\/M Restrooms", "Changing Stations": null, "Additional Notes": null, "Website": null, "Latitude": 40.746998, "Longitude": -73.745627, "Location": "POINT (-73.745627 40.746998)" }, "geometry": { "type": "Point", "coordinates": [ -73.745627, 40.746997999999834 ] } },
{ "type": "Feature", "properties": { "Facility Name": "100% Playground", "Location Type": "Park", "Operator": "NYC Parks", "Status": "Operational", "Open": "Year Round", "Hours of Operation": "8am-4pm, Open later seasonally", "Accessibility": "Fully Accessible", "Restroom Type": "Multi-Stall W\/M Restrooms", "Changing Stations": null, "Additional Notes": null, "Website": null, "Latitude": 40.64679, "Longitude": -73.899478, "Location": "POINT (-73.899478 40.64679)" }, "geometry": { "type": "Point", "coordinates": [ -73.899478, 40.646789999999839 ] } },
{ "type": "Feature", "properties": { "Facility Name": "Quarry Ballfields", "Location Type": "Park", "Operator": "NYC Parks", "Status": "Operational", "Open": "Year Round", "Hours of Operation": "8am-4pm, Open later seasonally", "Accessibility": "Fully Accessible", "Restroom Type": "Multi-Stall W\/M Restrooms", "Changing Stations": null, "Additional Notes": null, "Website": null, "Latitude": 40.8502, "Longitude": -73.89, "Location": "POINT (-73.89 40.8502)" }, "geometry": { "type": "Point", "coordinates": [ -73.89, 40.850199999999852 ] } },
{ "type": "Feature", "properties": { "Facility Name": "Rev J Polite Playground", "Location Type": "Park", "Operator": "NYC Parks", "Status": "Operational", "Open": "Year Round", "Hours of Operation": "8am-4pm, Open later seasonally", "Accessibility": "Fully Accessible", "Restroom Type": "Multi-Stall W\/M Restrooms", "Changing Stations": null, "Additional Notes": null, "Website": null, "Latitude": 40.8269, "Longitude": -73.89781, "Location": "POINT (-73.89781 40.8269)" }, "geometry": { "type": "Point", "coordinates": [ -73.89781, 40.826899999999846 ] } },
{ "type": "Feature", "properties": { "Facility Name": "Sunset Park Library, BPL", "Location Type": "Library", "Operator": "BPL", "Status": "Operational", "Open": "Year Round", "Hours of Operation": "Monday\t10 am - 6 pm\nTuesday\t1 pm - 8 pm\nWednesday\t10 am - 6 pm\nThursday\t10 am - 8 pm\nFriday\t10 am - 6 pm\nSaturday\t10 am - 5 pm\nSunday\tCLOSED", "Accessibility": "Partially Accessible", "Restroom Type": "Single-Stall All Gender Restroom(s)", "Changing Stations": "Yes", "Additional Notes": null, "Website": "https:\/\/www.bklynlibrary.org\/locations\/sunset-park", "Latitude": 40.64592, "Longitude": -74.013631, "Location": "POINT (-74.013631 40.64592)" }, "geometry": { "type": "Point", "coordinates": [ -74.013631, 40.645919999999819 ] } },
{ "type": "Feature", "properties": { "Facility Name": "Houston St Playground", "Location Type": "Park", "Operator": "NYC Parks", "Status": "Operational", "Open": "Year Round", "Hours of Operation": "8am-4pm, Open later seasonally", "Accessibility": "Fully Accessible", "Restroom Type": "Multi-Stall W\/M Restrooms", "Changing Stations": null, "Additional Notes": null, "Website": null, "Latitude": 40.722443, "Longitude": -73.991187, "Location": "POINT (-73.991187 40.722443)" }, "geometry": { "type": "Point", "coordinates": [ -73.991187, 40.722442999999842 ] } },
{ "type": "Feature", "properties": { "Facility Name": "Dean Playground", "Location Type": "Park", "Operator": "NYC Parks", "Status": "Operational", "Open": "Year Round", "Hours of Operation": "8am-4pm, Open later seasonally", "Accessibility": "Not Accessible", "Restroom Type": "Multi-Stall W\/M Restrooms", "Changing Stations": null, "Additional Notes": null, "Website": null, "Latitude": 40.680556, "Longitude": -73.972785, "Location": "POINT (-73.972785 40.680556)" }, "geometry": { "type": "Point", "coordinates": [ -73.972785, 40.680555999999847 ] } },
{ "type": "Feature", "properties": { "Facility Name": "Manhattan Beach Zone 2", "Location Type": "Park", "Operator": "NYC Parks", "Status": "Operational", "Open": "Seasonal", "Hours of Operation": "8am-4pm, Open later seasonally", "Accessibility": "Fully Accessible", "Restroom Type": "Multi-Stall W\/M Restrooms", "Changing Stations": null, "Additional Notes": null, "Website": null, "Latitude": 40.576973, "Longitude": -73.944122, "Location": "POINT (-73.944122 40.576973)" }, "geometry": { "type": "Point", "coordinates": [ -73.944122, 40.576972999999832 ] } },
{ "type": "Feature", "properties": { "Facility Name": "Phil \"Scooter\" Rizzuto Park", "Location Type": "Park", "Operator": "NYC Parks", "Status": "Operational", "Open": "Year Round", "Hours of Operation": "8am-4pm, Open later seasonally", "Accessibility": "Fully Accessible", "Restroom Type": "Multi-Stall W\/M Restrooms", "Changing Stations": null, "Additional Notes": null, "Website": null, "Latitude": 40.694672, "Longitude": -73.821523, "Location": "POINT (-73.821523 40.694672)" }, "geometry": { "type": "Point", "coordinates": [ -73.821523, 40.694671999999841 ] } },
{ "type": "Feature", "properties": { "Facility Name": "Coney Island Beach Zone 5a", "Location Type": "Park", "Operator": "NYC Parks", "Status": "Operational", "Open": "Year Round", "Hours of Operation": "8am-4pm, Open later seasonally", "Accessibility": "Fully Accessible", "Restroom Type": "Multi-Stall W\/M Restrooms", "Changing Stations": null, "Additional Notes": null, "Website": null, "Latitude": 40.572844, "Longitude": -73.980755, "Location": "POINT (-73.980755 40.572844)" }, "geometry": { "type": "Point", "coordinates": [ -73.980755, 40.57284399999984 ] } },
{ "type": "Feature", "properties": { "Facility Name": "174 St Playground", "Location Type": "Park", "Operator": "NYC Parks", "Status": "Operational", "Open": "Year Round", "Hours of Operation": "8am-4pm, Open later seasonally", "Accessibility": "Fully Accessible", "Restroom Type": "Multi-Stall W\/M Restrooms", "Changing Stations": null, "Additional Notes": null, "Website": null, "Latitude": 40.693378, "Longitude": -73.778124, "Location": "POINT (-73.778124 40.693378)" }, "geometry": { "type": "Point", "coordinates": [ -73.778124, 40.693377999999832 ] } },
{ "type": "Feature", "properties": { "Facility Name": "Ten Mile River Playground", "Location Type": "Park", "Operator": "NYC Parks", "Status": "Operational", "Open": "Seasonal", "Hours of Operation": "8am-4pm, Open later seasonally", "Accessibility": "Not Accessible", "Restroom Type": "Multi-Stall W\/M Restrooms", "Changing Stations": null, "Additional Notes": null, "Website": null, "Latitude": 40.829819, "Longitude": -73.952661, "Location": "POINT (-73.952661 40.829819)" }, "geometry": { "type": "Point", "coordinates": [ -73.952661, 40.829818999999844 ] } },
{ "type": "Feature", "properties": { "Facility Name": "Williamsburgh Library, BPL", "Location Type": "Library", "Operator": "BPL", "Status": "Operational", "Open": "Year Round", "Hours of Operation": "Monday\t10 am - 6 pm\nTuesday\t1 pm - 8 pm\nWednesday\t10 am - 6 pm\nThursday\t10 am - 8 pm\nFriday\t10 am - 6 pm\nSaturday\t10 am - 5 pm\nSunday\tCLOSED", "Accessibility": "Fully Accessible", "Restroom Type": "Single-Stall All Gender Restroom(s)", "Changing Stations": "Yes", "Additional Notes": null, "Website": "https:\/\/www.bklynlibrary.org\/locations\/williamsburgh", "Latitude": 40.706939, "Longitude": -73.957556, "Location": "POINT (-73.957556 40.706939)" }, "geometry": { "type": "Point", "coordinates": [ -73.957556, 40.706938999999842 ] } },
{ "type": "Feature", "properties": { "Facility Name": "Washington Heights Library, NYPL", "Location Type": "Library", "Operator": "NYPL", "Status": "Operational", "Open": "Year Round", "Hours of Operation": "Sunday: Closed \nMonday: 10:00 am - 7:00 pm \nTuesday: 10:00 pm - 7:00 pm \nWednesday: 10:00 am - 7:00 pm \nThursday: 10:00 pm - 7:00 pm \nFriday: 10:00 am - 5:00 pm \nSaturday: 10:00 am - 5:00 pm", "Accessibility": "Fully Accessible", "Restroom Type": "Single-Stall All Gender Restroom(s)", "Changing Stations": "Yes", "Additional Notes": null, "Website": "https:\/\/www.nypl.org\/locations\/washington-heights", "Latitude": 40.834557, "Longitude": -73.939712, "Location": "POINT (-73.939712 40.834557)" }, "geometry": { "type": "Point", "coordinates": [ -73.939712, 40.83455699999984 ] } },
{ "type": "Feature", "properties": { "Facility Name": "Matthew P. Sapolin Playground", "Location Type": "Park", "Operator": "NYC Parks", "Status": "Operational", "Open": "Year Round", "Hours of Operation": "8am-4pm, Open later seasonally", "Accessibility": "Fully Accessible", "Restroom Type": "Multi-Stall W\/M Restrooms", "Changing Stations": null, "Additional Notes": null, "Website": null, "Latitude": 40.777704, "Longitude": -73.984058, "Location": "POINT (-73.984058 40.777704)" }, "geometry": { "type": "Point", "coordinates": [ -73.984058, 40.777703999999837 ] } },
{ "type": "Feature", "properties": { "Facility Name": "Morningside Playground 123", "Location Type": "Park", "Operator": "NYC Parks", "Status": "Operational", "Open": "Seasonal", "Hours of Operation": "8am-4pm, Open later seasonally", "Accessibility": "Fully Accessible", "Restroom Type": "Multi-Stall W\/M Restrooms", "Changing Stations": null, "Additional Notes": null, "Website": null, "Latitude": 40.80998, "Longitude": -73.955946, "Location": "POINT (-73.955946 40.80998)" }, "geometry": { "type": "Point", "coordinates": [ -73.955946, 40.809979999999847 ] } },
{ "type": "Feature", "properties": { "Facility Name": "Castlewood Playground", "Location Type": "Park", "Operator": "NYC Parks", "Status": "Operational", "Open": "Year Round", "Hours of Operation": "8am-4pm, Open later seasonally", "Accessibility": "Fully Accessible", "Restroom Type": "Both Single-Stall All Gender and Multi-Stall W\/M", "Changing Stations": null, "Additional Notes": null, "Website": null, "Latitude": 40.749939, "Longitude": -73.720844, "Location": "POINT (-73.720844 40.749939)" }, "geometry": { "type": "Point", "coordinates": [ -73.720844, 40.749938999999827 ] } },
{ "type": "Feature", "properties": { "Facility Name": "Edenwald Playground", "Location Type": "Park", "Operator": "NYC Parks", "Status": "Operational", "Open": "Year Round", "Hours of Operation": "8am-4pm, Open later seasonally", "Accessibility": "Fully Accessible", "Restroom Type": "Multi-Stall W\/M Restrooms", "Changing Stations": null, "Additional Notes": null, "Website": null, "Latitude": 40.884092, "Longitude": -73.845163, "Location": "POINT (-73.845163 40.884092)" }, "geometry": { "type": "Point", "coordinates": [ -73.845163, 40.88409199999986 ] } },
{ "type": "Feature", "properties": { "Facility Name": "Maspeth Park", "Location Type": "Park", "Operator": "NYC Parks", "Status": "Operational", "Open": "Year Round", "Hours of Operation": "8am-4pm, Open later seasonally", "Accessibility": "Fully Accessible", "Restroom Type": "Multi-Stall W\/M Restrooms", "Changing Stations": null, "Additional Notes": null, "Website": null, "Latitude": 40.730899, "Longitude": -73.925415, "Location": "POINT (-73.925415 40.730899)" }, "geometry": { "type": "Point", "coordinates": [ -73.925415, 40.730898999999845 ] } },
{ "type": "Feature", "properties": { "Facility Name": "Mellett Playground", "Location Type": "Park", "Operator": "NYC Parks", "Status": "Operational", "Open": "Year Round", "Hours of Operation": "8am-4pm, Open later seasonally", "Accessibility": "Not Accessible", "Restroom Type": "Multi-Stall W\/M Restrooms", "Changing Stations": null, "Additional Notes": null, "Website": null, "Latitude": 40.597078, "Longitude": -73.957392, "Location": "POINT (-73.957392 40.597078)" }, "geometry": { "type": "Point", "coordinates": [ -73.957392, 40.59707799999984 ] } },
{ "type": "Feature", "properties": { "Facility Name": "Bildersee Playground", "Location Type": "Park", "Operator": "NYC Parks", "Status": "Operational", "Open": "Year Round", "Hours of Operation": "8am-4pm, Open later seasonally", "Accessibility": "Fully Accessible", "Restroom Type": "Multi-Stall W\/M Restrooms", "Changing Stations": null, "Additional Notes": null, "Website": null, "Latitude": 40.635952, "Longitude": -73.912189, "Location": "POINT (-73.912189 40.635952)" }, "geometry": { "type": "Point", "coordinates": [ -73.912189, 40.635951999999847 ] } },
{ "type": "Feature", "properties": { "Facility Name": "Robert E. Venable Park", "Location Type": "Park", "Operator": "NYC Parks", "Status": "Operational", "Open": "Year Round", "Hours of Operation": "8am-4pm, Open later seasonally", "Accessibility": "Fully Accessible", "Restroom Type": "Multi-Stall W\/M Restrooms", "Changing Stations": null, "Additional Notes": null, "Website": null, "Latitude": 40.674409, "Longitude": -73.865074, "Location": "POINT (-73.865074 40.674409)" }, "geometry": { "type": "Point", "coordinates": [ -73.865074, 40.674408999999827 ] } },
{ "type": "Feature", "properties": { "Facility Name": "Playground For All Children", "Location Type": "Park", "Operator": "NYC Parks", "Status": "Operational", "Open": "Seasonal", "Hours of Operation": "8am-4pm, Open later seasonally", "Accessibility": "Not Accessible", "Restroom Type": "Multi-Stall W\/M Restrooms", "Changing Stations": null, "Additional Notes": null, "Website": null, "Latitude": 40.74089, "Longitude": -73.84951, "Location": "POINT (-73.84951 40.74089)" }, "geometry": { "type": "Point", "coordinates": [ -73.84951, 40.740889999999837 ] } },
{ "type": "Feature", "properties": { "Facility Name": "Bayswater Playground", "Location Type": "Park", "Operator": "NYC Parks", "Status": "Operational", "Open": "Year Round", "Hours of Operation": "8am-4pm, Open later seasonally", "Accessibility": "Fully Accessible", "Restroom Type": "Multi-Stall W\/M Restrooms", "Changing Stations": null, "Additional Notes": null, "Website": null, "Latitude": 40.598771, "Longitude": -73.767504, "Location": "POINT (-73.767504 40.598771)" }, "geometry": { "type": "Point", "coordinates": [ -73.767504, 40.598770999999843 ] } },
{ "type": "Feature", "properties": { "Facility Name": "Central Park West", "Location Type": "Park", "Operator": "Central Park Conservancy", "Status": "Operational", "Open": "Seasonal", "Hours of Operation": "7:30am - dusk", "Accessibility": "Fully Accessible", "Restroom Type": "Multi-Stall W\/M Restrooms", "Changing Stations": null, "Additional Notes": null, "Website": null, "Latitude": 40.769186, "Longitude": -73.980801, "Location": "POINT (-73.980801 40.769186)" }, "geometry": { "type": "Point", "coordinates": [ -73.980801, 40.769185999999848 ] } },
{ "type": "Feature", "properties": { "Facility Name": "East River Waterfront Esplanade Zone 1", "Location Type": "Park", "Operator": "NYC Parks", "Status": "Operational", "Open": "Year Round", "Hours of Operation": "8am-4pm, Open later seasonally", "Accessibility": "Fully Accessible", "Restroom Type": "Multi-Stall W\/M Restrooms", "Changing Stations": null, "Additional Notes": null, "Website": null, "Latitude": 40.704736, "Longitude": -74.003405, "Location": "POINT (-74.003405 40.704736)" }, "geometry": { "type": "Point", "coordinates": [ -74.003405, 40.704735999999848 ] } },
{ "type": "Feature", "properties": { "Facility Name": "Stephen A. Schwarzman Building, NYPL", "Location Type": "Library", "Operator": "NYPL", "Status": "Operational", "Open": "Year Round", "Hours of Operation": "Sunday: Closed \nMonday: 10:00 am - 6:00 pm \nTuesday: 10:00 pm - 8:00 pm \nWednesday: 10:00 am - 8:00 pm \nThursday: 10:00 pm - 6:00 pm \nFriday: 10:00 am - 6:00 pm \nSaturday: 10:00 am - 6:00 pm", "Accessibility": "Fully Accessible", "Restroom Type": "Both Single-Stall All Gender and Multi-Stall W\/M", "Changing Stations": "\"Yes, in single-stall all gender restroom only\"", "Additional Notes": null, "Website": "https:\/\/www.nypl.org\/locations\/schwarzman", "Latitude": 40.753213, "Longitude": -73.982232, "Location": "POINT (-73.982232 40.753213)" }, "geometry": { "type": "Point", "coordinates": [ -73.982232, 40.753212999999839 ] } },
{ "type": "Feature", "properties": { "Facility Name": "St Mary's Playground East", "Location Type": "Park", "Operator": "NYC Parks", "Status": "Operational", "Open": "Year Round", "Hours of Operation": "8am-4pm, Open later seasonally", "Accessibility": "Fully Accessible", "Restroom Type": "Multi-Stall W\/M Restrooms", "Changing Stations": null, "Additional Notes": null, "Website": null, "Latitude": 40.809905, "Longitude": -73.910486, "Location": "POINT (-73.910486 40.809905)" }, "geometry": { "type": "Point", "coordinates": [ -73.910486, 40.809904999999837 ] } },
{ "type": "Feature", "properties": { "Facility Name": "Shore Road Park Zone 2", "Location Type": "Park", "Operator": "NYC Parks", "Status": "Operational", "Open": "Seasonal", "Hours of Operation": "8am-4pm, Open later seasonally", "Accessibility": "Not Accessible", "Restroom Type": "Multi-Stall W\/M Restrooms", "Changing Stations": null, "Additional Notes": null, "Website": null, "Latitude": 40.632076, "Longitude": -74.038741, "Location": "POINT (-74.038741 40.632076)" }, "geometry": { "type": "Point", "coordinates": [ -74.038741, 40.632075999999842 ] } },
{ "type": "Feature", "properties": { "Facility Name": "Harry Maze Playground", "Location Type": "Park", "Operator": "NYC Parks", "Status": "Operational", "Open": "Seasonal", "Hours of Operation": "8am-4pm, Open later seasonally", "Accessibility": "Fully Accessible", "Restroom Type": "Multi-Stall W\/M Restrooms", "Changing Stations": null, "Additional Notes": null, "Website": null, "Latitude": 40.643332, "Longitude": -73.923243, "Location": "POINT (-73.923243 40.643332)" }, "geometry": { "type": "Point", "coordinates": [ -73.923243, 40.643331999999837 ] } },
{ "type": "Feature", "properties": { "Facility Name": "Lincoln Terrace Park \/ Arthur S. Somers Playground", "Location Type": "Park", "Operator": "NYC Parks", "Status": "Operational", "Open": "Seasonal", "Hours of Operation": "8am-4pm, Open later seasonally", "Accessibility": "Not Accessible", "Restroom Type": "Multi-Stall W\/M Restrooms", "Changing Stations": null, "Additional Notes": null, "Website": null, "Latitude": 40.66637, "Longitude": -73.927571, "Location": "POINT (-73.927571 40.66637)" }, "geometry": { "type": "Point", "coordinates": [ -73.927571, 40.666369999999837 ] } },
{ "type": "Feature", "properties": { "Facility Name": "Williamsbridge Oval", "Location Type": "Park", "Operator": "NYC Parks", "Status": "Operational", "Open": "Year Round", "Hours of Operation": "8am-4pm, Open later seasonally", "Accessibility": "Fully Accessible", "Restroom Type": "Multi-Stall W\/M Restrooms", "Changing Stations": null, "Additional Notes": null, "Website": null, "Latitude": 40.876665, "Longitude": -73.878572, "Location": "POINT (-73.878572 40.876665)" }, "geometry": { "type": "Point", "coordinates": [ -73.878572, 40.876664999999846 ] } },
{ "type": "Feature", "properties": { "Facility Name": "Kips Bay Library, NYPL", "Location Type": "Library", "Operator": "NYPL", "Status": "Operational", "Open": "Year Round", "Hours of Operation": "Sunday: Closed \nMonday: 10:00 am - 6:00 pm \nTuesday: 10:00 pm - 6:00 pm \nWednesday: 10:00 am - 6:00 pm \nThursday: 10:00 pm - 6:00 pm \nFriday: 10:00 am - 6:00 pm \nSaturday: 10:00 am - 5:00 pm", "Accessibility": "Fully Accessible", "Restroom Type": "Single-Stall All Gender Restroom(s)", "Changing Stations": "Yes", "Additional Notes": null, "Website": "https:\/\/www.nypl.org\/locations\/kips-bay", "Latitude": 40.743818, "Longitude": -73.979903, "Location": "POINT (-73.979903 40.743818)" }, "geometry": { "type": "Point", "coordinates": [ -73.979903, 40.743817999999841 ] } },
{ "type": "Feature", "properties": { "Facility Name": "Tecumseh Playground", "Location Type": "Park", "Operator": "NYC Parks", "Status": "Operational", "Open": "Year Round", "Hours of Operation": "8am-4pm, Open later seasonally", "Accessibility": "Not Accessible", "Restroom Type": "Multi-Stall W\/M Restrooms", "Changing Stations": null, "Additional Notes": null, "Website": null, "Latitude": 40.781912, "Longitude": -73.978712, "Location": "POINT (-73.978712 40.781912)" }, "geometry": { "type": "Point", "coordinates": [ -73.978712, 40.781911999999835 ] } },
{ "type": "Feature", "properties": { "Facility Name": "Todt Hill-Westerleigh Library, NYPL", "Location Type": "Library", "Operator": "NYPL", "Status": "Operational", "Open": "Year Round", "Hours of Operation": "Sunday: Closed \nMonday: 10:00 am - 7:00 pm \nTuesday: 10:00 am - 7:00 pm  \nWednesday: 10:00 am - 7:00 pm   \nThursday: 10:00 am - 7:00 pm   \nFriday: 10:00 am - 5:00 pm \nSaturday: 10:00 am - 5:00 pm", "Accessibility": "Fully Accessible", "Restroom Type": "Both Single-Stall All Gender and Multi-Stall W\/M", "Changing Stations": "No", "Additional Notes": "Changing Table outside restroom", "Website": "https:\/\/www.nypl.org\/locations\/todt-hill-westerleigh", "Latitude": 40.60961, "Longitude": -74.148523, "Location": "POINT (-74.148523 40.60961)" }, "geometry": { "type": "Point", "coordinates": [ -74.148523, 40.60961 ] } },
{ "type": "Feature", "properties": { "Facility Name": "Sixteen Sycamores Playground", "Location Type": "Park", "Operator": "NYC Parks", "Status": "Operational", "Open": "Year Round", "Hours of Operation": "8am-4pm, Open later seasonally", "Accessibility": "Fully Accessible", "Restroom Type": "Multi-Stall W\/M Restrooms", "Changing Stations": null, "Additional Notes": null, "Website": null, "Latitude": 40.686723, "Longitude": -73.980995, "Location": "POINT (-73.980995 40.686723)" }, "geometry": { "type": "Point", "coordinates": [ -73.980995, 40.686722999999844 ] } },
{ "type": "Feature", "properties": { "Facility Name": "Calvert Vaux Park Playground", "Location Type": "Park", "Operator": "NYC Parks", "Status": "Operational", "Open": "Year Round", "Hours of Operation": "8am-4pm, Open later seasonally", "Accessibility": "Fully Accessible", "Restroom Type": "Multi-Stall W\/M Restrooms", "Changing Stations": null, "Additional Notes": null, "Website": null, "Latitude": 40.58813, "Longitude": -73.990264, "Location": "POINT (-73.990264 40.58813)" }, "geometry": { "type": "Point", "coordinates": [ -73.990264, 40.588129999999836 ] } },
{ "type": "Feature", "properties": { "Facility Name": "Horseshoe Playground", "Location Type": "Park", "Operator": "NYC Parks", "Status": "Operational", "Open": "Year Round", "Hours of Operation": "8am-4pm, Open later seasonally", "Accessibility": "Fully Accessible", "Restroom Type": "Multi-Stall W\/M Restrooms", "Changing Stations": null, "Additional Notes": null, "Website": null, "Latitude": 40.824235, "Longitude": -73.897815, "Location": "POINT (-73.897815 40.824235)" }, "geometry": { "type": "Point", "coordinates": [ -73.897815, 40.824234999999845 ] } },
{ "type": "Feature", "properties": { "Facility Name": "East River Playground", "Location Type": "Park", "Operator": "NYC Parks", "Status": "Operational", "Open": "Year Round", "Hours of Operation": "8am-4pm, Open later seasonally", "Accessibility": "Fully Accessible", "Restroom Type": "Multi-Stall W\/M Restrooms", "Changing Stations": null, "Additional Notes": null, "Website": null, "Latitude": 40.789193, "Longitude": -73.937893, "Location": "POINT (-73.937893 40.789193)" }, "geometry": { "type": "Point", "coordinates": [ -73.937893, 40.789192999999855 ] } },
{ "type": "Feature", "properties": { "Facility Name": "Playground 286", "Location Type": "Park", "Operator": "NYC Parks", "Status": "Operational", "Open": "Year Round", "Hours of Operation": "8am-4pm, Open later seasonally", "Accessibility": "Fully Accessible", "Restroom Type": "Multi-Stall W\/M Restrooms", "Changing Stations": null, "Additional Notes": null, "Website": null, "Latitude": 40.590608, "Longitude": -73.938475, "Location": "POINT (-73.938475 40.590608)" }, "geometry": { "type": "Point", "coordinates": [ -73.938475, 40.59060799999984 ] } },
{ "type": "Feature", "properties": { "Facility Name": "Pelham Bay Library, NYPL", "Location Type": "Library", "Operator": "NYPL", "Status": "Operational", "Open": "Year Round", "Hours of Operation": "Sunday: Closed \nMonday: 10:00 am - 6:00 pm \nTuesday: 10:00 pm - 6:00 pm \nWednesday: 10:00 am - 6:00 pm \nThursday: 10:00 pm - 6:00 pm \nFriday: 10:00 am - 5:00 pm \nSaturday: 10:00 am - 5:00 pm", "Accessibility": "Fully Accessible", "Restroom Type": "Single-Stall All Gender Restroom(s)", "Changing Stations": "Yes", "Additional Notes": null, "Website": "https:\/\/www.nypl.org\/locations\/pelham-bay", "Latitude": 40.844326, "Longitude": -73.827902, "Location": "POINT (-73.827902 40.844326)" }, "geometry": { "type": "Point", "coordinates": [ -73.827902, 40.844325999999867 ] } },
{ "type": "Feature", "properties": { "Facility Name": "Spirit Playground", "Location Type": "Park", "Operator": "NYC Parks", "Status": "Operational", "Open": "Seasonal", "Hours of Operation": "8am-4pm, Open later seasonally", "Accessibility": "Not Accessible", "Restroom Type": "Multi-Stall W\/M Restrooms", "Changing Stations": null, "Additional Notes": null, "Website": null, "Latitude": 40.761387, "Longitude": -73.941316, "Location": "POINT (-73.941316 40.761387)" }, "geometry": { "type": "Point", "coordinates": [ -73.941316, 40.761386999999836 ] } },
{ "type": "Feature", "properties": { "Facility Name": "Willow Lake Playground", "Location Type": "Park", "Operator": "NYC Parks", "Status": "Operational", "Open": "Year Round", "Hours of Operation": "8am-4pm, Open later seasonally", "Accessibility": "Not Accessible", "Restroom Type": "Multi-Stall W\/M Restrooms", "Changing Stations": null, "Additional Notes": null, "Website": null, "Latitude": 40.722504, "Longitude": -73.837091, "Location": "POINT (-73.837091 40.722504)" }, "geometry": { "type": "Point", "coordinates": [ -73.837091, 40.722503999999844 ] } },
{ "type": "Feature", "properties": { "Facility Name": "Bush Terminal Park", "Location Type": "Park", "Operator": "NYC Parks", "Status": "Operational", "Open": "Year Round", "Hours of Operation": "8am-4pm, Open later seasonally", "Accessibility": "Fully Accessible", "Restroom Type": "Multi-Stall W\/M Restrooms", "Changing Stations": null, "Additional Notes": null, "Website": null, "Latitude": 40.653348, "Longitude": -74.019219, "Location": "POINT (-74.019219 40.653348)" }, "geometry": { "type": "Point", "coordinates": [ -74.019219, 40.653347999999838 ] } },
{ "type": "Feature", "properties": { "Facility Name": "Coney Island Beach Zone 7a", "Location Type": "Park", "Operator": "NYC Parks", "Status": "Operational", "Open": "Seasonal", "Hours of Operation": "8am-4pm, Open later seasonally", "Accessibility": "Fully Accessible", "Restroom Type": "Multi-Stall W\/M Restrooms", "Changing Stations": null, "Additional Notes": null, "Website": null, "Latitude": 40.571665, "Longitude": -73.992294, "Location": "POINT (-73.992294 40.571665)" }, "geometry": { "type": "Point", "coordinates": [ -73.992294, 40.571664999999832 ] } },
{ "type": "Feature", "properties": { "Facility Name": "The Great Hill", "Location Type": "Park", "Operator": "Central Park Conservancy", "Status": "Operational", "Open": "Seasonal", "Hours of Operation": "7am - dusk", "Accessibility": "Not Accessible", "Restroom Type": "Multi-Stall W\/M Restrooms", "Changing Stations": null, "Additional Notes": null, "Website": null, "Latitude": 40.797329, "Longitude": -73.959063, "Location": "POINT (-73.959063 40.797329)" }, "geometry": { "type": "Point", "coordinates": [ -73.959063, 40.797328999999834 ] } },
{ "type": "Feature", "properties": { "Facility Name": "Story Playground", "Location Type": "Park", "Operator": "NYC Parks", "Status": "Operational", "Open": "Year Round", "Hours of Operation": "8am-4pm, Open later seasonally", "Accessibility": "Fully Accessible", "Restroom Type": "Multi-Stall W\/M Restrooms", "Changing Stations": null, "Additional Notes": null, "Website": null, "Latitude": 40.822979, "Longitude": -73.863106, "Location": "POINT (-73.863106 40.822979)" }, "geometry": { "type": "Point", "coordinates": [ -73.863106, 40.822978999999847 ] } },
{ "type": "Feature", "properties": { "Facility Name": "Golconda Playground", "Location Type": "Park", "Operator": "NYC Parks", "Status": "Operational", "Open": "Seasonal", "Hours of Operation": "8am-4pm, Open later seasonally", "Accessibility": "Not Accessible", "Restroom Type": "Multi-Stall W\/M Restrooms", "Changing Stations": null, "Additional Notes": null, "Website": null, "Latitude": 40.697972, "Longitude": -73.98284, "Location": "POINT (-73.98284 40.697972)" }, "geometry": { "type": "Point", "coordinates": [ -73.98284, 40.697971999999837 ] } },
{ "type": "Feature", "properties": { "Facility Name": "Breukelen Playground", "Location Type": "Park", "Operator": "NYC Parks", "Status": "Operational", "Open": "Year Round", "Hours of Operation": "8am-4pm, Open later seasonally", "Accessibility": "Fully Accessible", "Restroom Type": "Multi-Stall W\/M Restrooms", "Changing Stations": null, "Additional Notes": null, "Website": null, "Latitude": 40.653733, "Longitude": -73.893975, "Location": "POINT (-73.893975 40.653733)" }, "geometry": { "type": "Point", "coordinates": [ -73.893975, 40.653732999999868 ] } },
{ "type": "Feature", "properties": { "Facility Name": "River Park", "Location Type": "Park", "Operator": "NYC Parks", "Status": "Operational", "Open": "Year Round", "Hours of Operation": "8am-4pm, Open later seasonally", "Accessibility": "Fully Accessible", "Restroom Type": "Multi-Stall W\/M Restrooms", "Changing Stations": null, "Additional Notes": null, "Website": null, "Latitude": 40.843174, "Longitude": -73.877344, "Location": "POINT (-73.877344 40.843174)" }, "geometry": { "type": "Point", "coordinates": [ -73.877344, 40.843173999999841 ] } },
{ "type": "Feature", "properties": { "Facility Name": "Curtis Playground", "Location Type": "Park", "Operator": "NYC Parks", "Status": "Operational", "Open": "Year Round", "Hours of Operation": "8am-4pm, Open later seasonally", "Accessibility": "Fully Accessible", "Restroom Type": "Multi-Stall W\/M Restrooms", "Changing Stations": null, "Additional Notes": null, "Website": null, "Latitude": 40.640805, "Longitude": -73.917601, "Location": "POINT (-73.917601 40.640805)" }, "geometry": { "type": "Point", "coordinates": [ -73.917601, 40.640804999999844 ] } },
{ "type": "Feature", "properties": { "Facility Name": "Betsy Head Park", "Location Type": "Park", "Operator": "NYC Parks", "Status": "Operational", "Open": "Year Round", "Hours of Operation": "8am-4pm, Open later seasonally", "Accessibility": "Fully Accessible", "Restroom Type": "Multi-Stall W\/M Restrooms", "Changing Stations": null, "Additional Notes": null, "Website": null, "Latitude": 40.661939, "Longitude": -73.914409, "Location": "POINT (-73.914409 40.661939)" }, "geometry": { "type": "Point", "coordinates": [ -73.914409, 40.661938999999826 ] } },
{ "type": "Feature", "properties": { "Facility Name": "Highlawn Library, BPL", "Location Type": "Library", "Operator": "BPL", "Status": "Operational", "Open": "Year Round", "Hours of Operation": "Monday\t10 am - 6 pm\nTuesday\t1 pm - 8 pm\nWednesday\t10 am - 6 pm\nThursday\t10 am - 8 pm\nFriday\t10 am - 6 pm\nSaturday\t10 am - 5 pm\nSunday\tCLOSED", "Accessibility": "Fully Accessible", "Restroom Type": "Single-Stall All Gender Restroom(s)", "Changing Stations": "Yes", "Additional Notes": null, "Website": "https:\/\/www.bklynlibrary.org\/locations\/highlawn", "Latitude": 40.605701, "Longitude": -73.986248, "Location": "POINT (-73.986248 40.605701)" }, "geometry": { "type": "Point", "coordinates": [ -73.986248, 40.60570099999984 ] } },
{ "type": "Feature", "properties": { "Facility Name": "Grand Army Plaza APT", "Location Type": "Public Plaza", "Operator": "NYC DOT\/JCDecaux", "Status": "Operational", "Open": "Year Round", "Hours of Operation": "8am-8pm", "Accessibility": "Fully Accessible", "Restroom Type": "Single-Stall All Gender Restroom(s)", "Changing Stations": "No", "Additional Notes": "This unit costs $.25 to use.", "Website": "https:\/\/portal.311.nyc.gov\/article\/?kanumber=KA-02226", "Latitude": 40.672237, "Longitude": -73.969074, "Location": "POINT (-73.969074 40.672237)" }, "geometry": { "type": "Point", "coordinates": [ -73.969074, 40.672236999999846 ] } },
{ "type": "Feature", "properties": { "Facility Name": "Dyker Playground", "Location Type": "Park", "Operator": "NYC Parks", "Status": "Operational", "Open": "Year Round", "Hours of Operation": "8am-4pm, Open later seasonally", "Accessibility": "Fully Accessible", "Restroom Type": "Multi-Stall W\/M Restrooms", "Changing Stations": null, "Additional Notes": null, "Website": null, "Latitude": 40.61308, "Longitude": -74.013153, "Location": "POINT (-74.013153 40.61308)" }, "geometry": { "type": "Point", "coordinates": [ -74.013153, 40.613079999999833 ] } },
{ "type": "Feature", "properties": { "Facility Name": "Detective Keith L Williams Park", "Location Type": "Park", "Operator": "NYC Parks", "Status": "Operational", "Open": "Year Round", "Hours of Operation": "8am-4pm, Open later seasonally", "Accessibility": "Not Accessible", "Restroom Type": "Multi-Stall W\/M Restrooms", "Changing Stations": null, "Additional Notes": null, "Website": null, "Latitude": 40.70398, "Longitude": -73.785145, "Location": "POINT (-73.785145 40.70398)" }, "geometry": { "type": "Point", "coordinates": [ -73.785145, 40.703979999999831 ] } },
{ "type": "Feature", "properties": { "Facility Name": "Stockton Playground", "Location Type": "Park", "Operator": "NYC Parks", "Status": "Operational", "Open": "Year Round", "Hours of Operation": "8am-4pm, Open later seasonally", "Accessibility": "Fully Accessible", "Restroom Type": "Multi-Stall W\/M Restrooms", "Changing Stations": null, "Additional Notes": null, "Website": null, "Latitude": 40.697121, "Longitude": -73.948607, "Location": "POINT (-73.948607 40.697121)" }, "geometry": { "type": "Point", "coordinates": [ -73.948607, 40.697120999999832 ] } },
{ "type": "Feature", "properties": { "Facility Name": "Wildlife Sanctuary & 119th St. Tennis Courts", "Location Type": "Park", "Operator": "NYC Parks", "Status": "Operational", "Open": "Year Round", "Hours of Operation": "8am-4pm, Open later seasonally", "Accessibility": "Not Accessible", "Restroom Type": "Multi-Stall W\/M Restrooms", "Changing Stations": null, "Additional Notes": null, "Website": null, "Latitude": 40.811329, "Longitude": -73.965653, "Location": "POINT (-73.965653 40.811329)" }, "geometry": { "type": "Point", "coordinates": [ -73.965653, 40.81132899999983 ] } },
{ "type": "Feature", "properties": { "Facility Name": "Gun Hill Playground", "Location Type": "Park", "Operator": "NYC Parks", "Status": "Operational", "Open": "Year Round", "Hours of Operation": "8am-4pm, Open later seasonally", "Accessibility": "Fully Accessible", "Restroom Type": "Multi-Stall W\/M Restrooms", "Changing Stations": null, "Additional Notes": null, "Website": null, "Latitude": 40.874675, "Longitude": -73.865424, "Location": "POINT (-73.865424 40.874675)" }, "geometry": { "type": "Point", "coordinates": [ -73.865424, 40.87467499999984 ] } },
{ "type": "Feature", "properties": { "Facility Name": "Chatham Square Library, NYPL", "Location Type": "Library", "Operator": "NYPL", "Status": "Operational", "Open": "Year Round", "Hours of Operation": "Sunday: Closed \nMonday: 9:00 am - 7:00 pm \nTuesday: 9:00 am - 7:00 pm \nWednesday: 9:00 am - 7:00 pm \nThursday: 9:00 am - 7:00 pm \nFriday: 10:00 am - 6:00 pm \nSaturday: 10:00 am - 5:00 pm", "Accessibility": "Fully Accessible", "Restroom Type": "Single-Stall All Gender Restroom(s)", "Changing Stations": "Yes", "Additional Notes": null, "Website": "https:\/\/www.nypl.org\/locations\/chatham-square", "Latitude": 40.713341, "Longitude": -73.996491, "Location": "POINT (-73.996491 40.713341)" }, "geometry": { "type": "Point", "coordinates": [ -73.996491, 40.713340999999836 ] } },
{ "type": "Feature", "properties": { "Facility Name": "Rolph Henry Playground", "Location Type": "Park", "Operator": "NYC Parks", "Status": "Operational", "Open": "Year Round", "Hours of Operation": "8am-4pm, Open later seasonally", "Accessibility": "Not Accessible", "Restroom Type": "Multi-Stall W\/M Restrooms", "Changing Stations": null, "Additional Notes": null, "Website": null, "Latitude": 40.655685, "Longitude": -73.947495, "Location": "POINT (-73.947495 40.655685)" }, "geometry": { "type": "Point", "coordinates": [ -73.947495, 40.655684999999842 ] } },
{ "type": "Feature", "properties": { "Facility Name": "Alley Pond Park Zone 2", "Location Type": "Park", "Operator": "NYC Parks", "Status": "Operational", "Open": "Year Round", "Hours of Operation": "8am-4pm, Open later seasonally", "Accessibility": "Not Accessible", "Restroom Type": "Multi-Stall W\/M Restrooms", "Changing Stations": null, "Additional Notes": null, "Website": null, "Latitude": 40.741956, "Longitude": -73.739958, "Location": "POINT (-73.739958 40.741956)" }, "geometry": { "type": "Point", "coordinates": [ -73.739958, 40.741955999999817 ] } },
{ "type": "Feature", "properties": { "Facility Name": "Fort Hamilton Library, BPL", "Location Type": "Library", "Operator": "BPL", "Status": "Operational", "Open": "Year Round", "Hours of Operation": "Monday\t10 am - 6 pm\nTuesday\t1 pm - 8 pm\nWednesday\t10 am - 6 pm\nThursday\t10 am - 8 pm\nFriday\t10 am - 6 pm\nSaturday\t10 am - 5 pm\nSunday\tCLOSED", "Accessibility": "Fully Accessible", "Restroom Type": "Single-Stall All Gender Restroom(s)", "Changing Stations": "Yes", "Additional Notes": null, "Website": "https:\/\/www.bklynlibrary.org\/locations\/fort-hamilton", "Latitude": 40.616381, "Longitude": -74.031371, "Location": "POINT (-74.031371 40.616381)" }, "geometry": { "type": "Point", "coordinates": [ -74.031371, 40.616380999999826 ] } },
{ "type": "Feature", "properties": { "Facility Name": "Newtown Playground", "Location Type": "Park", "Operator": "NYC Parks", "Status": "Operational", "Open": "Seasonal", "Hours of Operation": "8am-4pm, Open later seasonally", "Accessibility": "Not Accessible", "Restroom Type": "Multi-Stall W\/M Restrooms", "Changing Stations": null, "Additional Notes": null, "Website": null, "Latitude": 40.73625, "Longitude": -73.869826, "Location": "POINT (-73.869826 40.73625)" }, "geometry": { "type": "Point", "coordinates": [ -73.869826, 40.736249999999842 ] } },
{ "type": "Feature", "properties": { "Facility Name": "Morningside Heights Library, NYPL", "Location Type": "Library", "Operator": "NYPL", "Status": "Operational", "Open": "Year Round", "Hours of Operation": "Sunday: Closed \nMonday: 10:00 am - 6:00 pm \nTuesday: 10:00 am - 6:00 pm\nWednesday: 10:00 am - 6:00 pm\nThursday: 10:00 am - 6:00 pm\nFriday: 10:00 am - 6:00 pm \nSaturday: 10:00 am - 5:00 pm", "Accessibility": "Fully Accessible", "Restroom Type": "Single-Stall All Gender Restroom(s)", "Changing Stations": "Yes", "Additional Notes": null, "Website": "https:\/\/www.nypl.org\/locations\/morningside-heights", "Latitude": 40.806139, "Longitude": -73.964777, "Location": "POINT (-73.964777 40.806139)" }, "geometry": { "type": "Point", "coordinates": [ -73.964777, 40.806138999999831 ] } },
{ "type": "Feature", "properties": { "Facility Name": "Christopher J. Igneri Playground", "Location Type": "Park", "Operator": "NYC Parks", "Status": "Operational", "Open": "Year Round", "Hours of Operation": "8am-4pm, Open later seasonally", "Accessibility": "Fully Accessible", "Restroom Type": "Multi-Stall W\/M Restrooms", "Changing Stations": null, "Additional Notes": null, "Website": null, "Latitude": 40.60873, "Longitude": -74.119467, "Location": "POINT (-74.119467 40.60873)" }, "geometry": { "type": "Point", "coordinates": [ -74.119467, 40.608729999999838 ] } },
{ "type": "Feature", "properties": { "Facility Name": "Silent Springs Playground", "Location Type": "Park", "Operator": "NYC Parks", "Status": "Operational", "Open": "Seasonal", "Hours of Operation": "8am-4pm, Open later seasonally", "Accessibility": "Fully Accessible", "Restroom Type": "Multi-Stall W\/M Restrooms", "Changing Stations": null, "Additional Notes": null, "Website": null, "Latitude": 40.749652, "Longitude": -73.823162, "Location": "POINT (-73.823162 40.749652)" }, "geometry": { "type": "Point", "coordinates": [ -73.823162, 40.749651999999834 ] } },
{ "type": "Feature", "properties": { "Facility Name": "Fresh Meadows Playground", "Location Type": "Park", "Operator": "NYC Parks", "Status": "Operational", "Open": null, "Hours of Operation": "8am-4pm, Open later seasonally", "Accessibility": "Not Accessible", "Restroom Type": "Multi-Stall W\/M Restrooms", "Changing Stations": null, "Additional Notes": null, "Website": null, "Latitude": 40.734447, "Longitude": -73.796195, "Location": "POINT (-73.796195 40.734447)" }, "geometry": { "type": "Point", "coordinates": [ -73.796195, 40.734446999999854 ] } },
{ "type": "Feature", "properties": { "Facility Name": "Playground 52 LII", "Location Type": "Park", "Operator": "NYC Parks", "Status": "Operational", "Open": "Year Round", "Hours of Operation": "8am-4pm, Open later seasonally", "Accessibility": "Fully Accessible", "Restroom Type": "Multi-Stall W\/M Restrooms", "Changing Stations": null, "Additional Notes": null, "Website": null, "Latitude": 40.815446, "Longitude": -73.901445, "Location": "POINT (-73.901445 40.815446)" }, "geometry": { "type": "Point", "coordinates": [ -73.901445, 40.815445999999838 ] } },
{ "type": "Feature", "properties": { "Facility Name": "Edmonds Playground", "Location Type": "Park", "Operator": "NYC Parks", "Status": "Operational", "Open": "Year Round", "Hours of Operation": "8am-4pm, Open later seasonally", "Accessibility": "Not Accessible", "Restroom Type": "Multi-Stall W\/M Restrooms", "Changing Stations": null, "Additional Notes": null, "Website": null, "Latitude": 40.689246, "Longitude": -73.971727, "Location": "POINT (-73.971727 40.689246)" }, "geometry": { "type": "Point", "coordinates": [ -73.971727, 40.689245999999848 ] } },
{ "type": "Feature", "properties": { "Facility Name": "Castle Hill Library, NYPL", "Location Type": "Library", "Operator": "NYPL", "Status": "Operational", "Open": "Year Round", "Hours of Operation": "Sunday: Closed \nMonday: 10:00 am - 6:00 pm \nTuesday: 10:00 am - 6:00 pm\nWednesday: 10:00 am - 6:00 pm\nThursday: 10:00 am - 6:00 pm\nFriday: 10:00 am - 5:00 pm \nSaturday: 10:00 am - 5:00 pm", "Accessibility": "Fully Accessible", "Restroom Type": "Single-Stall All Gender Restroom(s)", "Changing Stations": "No", "Additional Notes": null, "Website": "https:\/\/www.nypl.org\/locations\/castle-hill", "Latitude": 40.826638, "Longitude": -73.850172, "Location": "POINT (-73.850172 40.826638)" }, "geometry": { "type": "Point", "coordinates": [ -73.850172, 40.826637999999846 ] } },
{ "type": "Feature", "properties": { "Facility Name": "Kings Highway Library, BPL", "Location Type": "Library", "Operator": "BPL", "Status": "Operational", "Open": "Year Round", "Hours of Operation": "Monday\t10 am - 6 pm\nTuesday\t1 pm - 8 pm\nWednesday\t10 am - 6 pm\nThursday\t10 am - 8 pm\nFriday\t10 am - 6 pm\nSaturday\t10 am - 5 pm\nSunday\tCLOSED", "Accessibility": "Fully Accessible", "Restroom Type": "Both Single-Stall All Gender and Multi-Stall W\/M", "Changing Stations": "Yes", "Additional Notes": null, "Website": "https:\/\/www.bklynlibrary.org\/locations\/kings-highway", "Latitude": 40.610265, "Longitude": -73.953107, "Location": "POINT (-73.953107 40.610265)" }, "geometry": { "type": "Point", "coordinates": [ -73.953107, 40.610264999999835 ] } },
{ "type": "Feature", "properties": { "Facility Name": "Corporal John A. Seravalli Playground", "Location Type": "Park", "Operator": "NYC Parks", "Status": "Operational", "Open": "Year Round", "Hours of Operation": "8am-4pm, Open later seasonally", "Accessibility": "Fully Accessible", "Restroom Type": "Multi-Stall W\/M Restrooms", "Changing Stations": null, "Additional Notes": null, "Website": null, "Latitude": 40.738938, "Longitude": -74.004667, "Location": "POINT (-74.004667 40.738938)" }, "geometry": { "type": "Point", "coordinates": [ -74.004667, 40.738937999999841 ] } },
{ "type": "Feature", "properties": { "Facility Name": "Randall's Island Sunken Meadow", "Location Type": "Park", "Operator": "NYC Parks", "Status": "Operational", "Open": "Year Round", "Hours of Operation": "Fall, spring summer: 7am - 9pm. Winter: 7am - 5:30pm", "Accessibility": "Fully Accessible", "Restroom Type": null, "Changing Stations": null, "Additional Notes": null, "Website": null, "Latitude": 40.795552, "Longitude": -73.918906, "Location": "POINT (-73.918906 40.795552)" }, "geometry": { "type": "Point", "coordinates": [ -73.918906, 40.795551999999844 ] } },
{ "type": "Feature", "properties": { "Facility Name": "67th Street Library, NYPL", "Location Type": "Library", "Operator": "NYPL", "Status": "Operational", "Open": "Year Round", "Hours of Operation": "Sunday: Closed \nMonday: 11:00 am - 7:00 pm \nTuesday: 11:00 am - 7:00 pm \nWednesday: 11:00 am - 7:00 pm \nThursday: 11:00 am - 7:00 pm \nFriday: 10:00 am - 5:00 pm \nSaturday: 10:00 am - 5:00 pm", "Accessibility": "Fully Accessible", "Restroom Type": "Single-Stall All Gender Restroom(s)", "Changing Stations": "No", "Additional Notes": null, "Website": "https:\/\/www.nypl.org\/locations\/67th-street", "Latitude": 40.764923, "Longitude": -73.959551, "Location": "POINT (-73.959551 40.764923)" }, "geometry": { "type": "Point", "coordinates": [ -73.959551, 40.76492299999984 ] } },
{ "type": "Feature", "properties": { "Facility Name": "Chelsea Waterside Park", "Location Type": "Park", "Operator": "Hudson River Park", "Status": "Operational", "Open": "Year Round", "Hours of Operation": "8am - 12am", "Accessibility": "Fully Accessible", "Restroom Type": null, "Changing Stations": null, "Additional Notes": null, "Website": null, "Latitude": 40.74936, "Longitude": -74.007768, "Location": "POINT (-74.007768 40.74936)" }, "geometry": { "type": "Point", "coordinates": [ -74.007768, 40.749359999999847 ] } },
{ "type": "Feature", "properties": { "Facility Name": "Corlears Hook Park", "Location Type": "Park", "Operator": "NYC Parks", "Status": "Operational", "Open": "Year Round", "Hours of Operation": "8am-4pm, Open later seasonally", "Accessibility": "Fully Accessible", "Restroom Type": "Multi-Stall W\/M Restrooms", "Changing Stations": null, "Additional Notes": null, "Website": null, "Latitude": 40.711748, "Longitude": -73.979789, "Location": "POINT (-73.979789 40.711748)" }, "geometry": { "type": "Point", "coordinates": [ -73.979789, 40.711747999999844 ] } },
{ "type": "Feature", "properties": { "Facility Name": "Moore Homestead Playground", "Location Type": "Park", "Operator": "NYC Parks", "Status": "Operational", "Open": "Year Round", "Hours of Operation": "8am-4pm, Open later seasonally", "Accessibility": "Not Accessible", "Restroom Type": "Multi-Stall W\/M Restrooms", "Changing Stations": null, "Additional Notes": null, "Website": null, "Latitude": 40.742342, "Longitude": -73.882357, "Location": "POINT (-73.882357 40.742342)" }, "geometry": { "type": "Point", "coordinates": [ -73.882357, 40.742341999999844 ] } },
{ "type": "Feature", "properties": { "Facility Name": "Mott Haven Library, NYPL", "Location Type": "Library", "Operator": "NYPL", "Status": "Operational", "Open": "Year Round", "Hours of Operation": "Sunday: Closed \nMonday: 10:00 am - 7:00 pm \nTuesday: 10:00 pm - 7:00 pm \nWednesday: 10:00 am - 7:00 pm \nThursday: 10:00 pm - 7:00 pm \nFriday: 10:00 am - 5:00 pm \nSaturday: 10:00 am - 5:00 pm", "Accessibility": "Fully Accessible", "Restroom Type": "Single-Stall All Gender Restroom(s)", "Changing Stations": "Yes", "Additional Notes": null, "Website": "https:\/\/www.nypl.org\/locations\/mott-haven", "Latitude": 40.811598, "Longitude": -73.924383, "Location": "POINT (-73.924383 40.811598)" }, "geometry": { "type": "Point", "coordinates": [ -73.924383, 40.811597999999833 ] } },
{ "type": "Feature", "properties": { "Facility Name": "Farm Playground", "Location Type": "Park", "Operator": "NYC Parks", "Status": "Operational", "Open": "Seasonal", "Hours of Operation": "8am-4pm, Open later seasonally", "Accessibility": "Not Accessible", "Restroom Type": "Multi-Stall W\/M Restrooms", "Changing Stations": null, "Additional Notes": null, "Website": null, "Latitude": 40.736061, "Longitude": -73.777254, "Location": "POINT (-73.777254 40.736061)" }, "geometry": { "type": "Point", "coordinates": [ -73.777254, 40.736060999999829 ] } },
{ "type": "Feature", "properties": { "Facility Name": "St. Nicholas Park", "Location Type": "Park", "Operator": "NYC Parks", "Status": "Operational", "Open": "Year Round", "Hours of Operation": "8am-4pm, Open later seasonally", "Accessibility": "Not Accessible", "Restroom Type": "Multi-Stall W\/M Restrooms", "Changing Stations": null, "Additional Notes": null, "Website": null, "Latitude": 40.815639, "Longitude": -73.94903, "Location": "POINT (-73.94903 40.815639)" }, "geometry": { "type": "Point", "coordinates": [ -73.94903, 40.815638999999827 ] } },
{ "type": "Feature", "properties": { "Facility Name": "Carousel", "Location Type": "Park", "Operator": "NYC Parks", "Status": "Operational", "Open": "Seasonal", "Hours of Operation": "8am-4pm, Open later seasonally", "Accessibility": "Not Accessible", "Restroom Type": "Multi-Stall W\/M Restrooms", "Changing Stations": null, "Additional Notes": null, "Website": null, "Latitude": 40.700735, "Longitude": -73.855206, "Location": "POINT (-73.855206 40.700735)" }, "geometry": { "type": "Point", "coordinates": [ -73.855206, 40.700734999999831 ] } },
{ "type": "Feature", "properties": { "Facility Name": "Park Slope Library, BPL", "Location Type": "Library", "Operator": "BPL", "Status": "Operational", "Open": "Year Round", "Hours of Operation": "Monday\t10 am - 6 pm\nTuesday\t1 pm - 8 pm\nWednesday\t10 am - 6 pm\nThursday\t10 am - 8 pm\nFriday\t10 am - 6 pm\nSaturday\t10 am - 5 pm\nSunday\tCLOSED", "Accessibility": "Fully Accessible", "Restroom Type": "Single-Stall All Gender Restroom(s)", "Changing Stations": "Yes", "Additional Notes": null, "Website": "https:\/\/www.bklynlibrary.org\/locations\/park-slope", "Latitude": 40.668243, "Longitude": -73.983457, "Location": "POINT (-73.983457 40.668243)" }, "geometry": { "type": "Point", "coordinates": [ -73.983457, 40.668242999999826 ] } },
{ "type": "Feature", "properties": { "Facility Name": "Vito Locascio Field", "Location Type": "Park", "Operator": "NYC Parks", "Status": "Operational", "Open": "Year Round", "Hours of Operation": "8am-4pm, Open later seasonally", "Accessibility": "Fully Accessible", "Restroom Type": "Both Single-Stall All Gender and Multi-Stall W\/M", "Changing Stations": null, "Additional Notes": null, "Website": null, "Latitude": 40.670107, "Longitude": -73.844611, "Location": "POINT (-73.844611 40.670107)" }, "geometry": { "type": "Point", "coordinates": [ -73.844611, 40.670106999999845 ] } },
{ "type": "Feature", "properties": { "Facility Name": "Charleston Library, NYPL", "Location Type": "Library", "Operator": "NYPL", "Status": "Operational", "Open": "Year Round", "Hours of Operation": "Sunday: Closed \nMonday: 10:00 am - 7:00 pm \nTuesday: 10:00 am - 7:00 pm \nWednesday: 10:00 am - 7:00 pm \nThursday: 10:00 am - 7:00 pm \nFriday: 10:00 am - 5:00 pm \nSaturday: 10:00 am - 5:00 pm", "Accessibility": "Fully Accessible", "Restroom Type": "Single-Stall All Gender Restroom(s)", "Changing Stations": "Yes", "Additional Notes": null, "Website": "https:\/\/www.nypl.org\/locations\/charleston", "Latitude": 40.531061, "Longitude": -74.232184, "Location": "POINT (-74.232184 40.531061)" }, "geometry": { "type": "Point", "coordinates": [ -74.232184, 40.531060999999838 ] } },
{ "type": "Feature", "properties": { "Facility Name": "Hudson River Park Pier 45", "Location Type": "Park", "Operator": "Hudson River Park", "Status": "Operational", "Open": "Year Round", "Hours of Operation": "7am - 12am", "Accessibility": "Fully Accessible", "Restroom Type": null, "Changing Stations": null, "Additional Notes": null, "Website": null, "Latitude": 40.732905, "Longitude": -74.010783, "Location": "POINT (-74.010783 40.732905)" }, "geometry": { "type": "Point", "coordinates": [ -74.010783, 40.732904999999853 ] } },
{ "type": "Feature", "properties": { "Facility Name": "Columbus Library, NYPL", "Location Type": "Library", "Operator": "NYPL", "Status": "Operational", "Open": "Year Round", "Hours of Operation": "Sunday: Closed \nMonday: 10:00 am - 7:00 pm \nTuesday: 10:00 am - 7:00 pm  \nWednesday: 11:00 am - 7:00 pm   \nThursday: 11:00 am - 7:00 pm   \nFriday: 10:00 am - 5:00 pm \nSaturday: 10:00 am - 5:00 pm", "Accessibility": "Fully Accessible", "Restroom Type": "Single-Stall All Gender Restroom(s)", "Changing Stations": "Yes", "Additional Notes": null, "Website": "https:\/\/www.nypl.org\/locations\/columbus", "Latitude": 40.764943, "Longitude": -73.991222, "Location": "POINT (-73.991222 40.764943)" }, "geometry": { "type": "Point", "coordinates": [ -73.991222, 40.764942999999839 ] } },
{ "type": "Feature", "properties": { "Facility Name": "Canarsie Park Zone 1", "Location Type": "Park", "Operator": "NYC Parks", "Status": "Operational", "Open": "Year Round", "Hours of Operation": "8am-4pm, Open later seasonally", "Accessibility": "Fully Accessible", "Restroom Type": "Multi-Stall W\/M Restrooms", "Changing Stations": null, "Additional Notes": null, "Website": null, "Latitude": 40.62897, "Longitude": -73.895973, "Location": "POINT (-73.895973 40.62897)" }, "geometry": { "type": "Point", "coordinates": [ -73.895973, 40.628969999999846 ] } },
{ "type": "Feature", "properties": { "Facility Name": "Indian Field", "Location Type": "Park", "Operator": "NYC Parks", "Status": "Operational", "Open": "Year Round", "Hours of Operation": "8am-4pm, Open later seasonally", "Accessibility": "Fully Accessible", "Restroom Type": "Multi-Stall W\/M Restrooms", "Changing Stations": null, "Additional Notes": null, "Website": null, "Latitude": 40.895944, "Longitude": -73.879017, "Location": "POINT (-73.879017 40.895944)" }, "geometry": { "type": "Point", "coordinates": [ -73.879017, 40.895943999999837 ] } },
{ "type": "Feature", "properties": { "Facility Name": "175th Street Playground", "Location Type": "Park", "Operator": "NYC Parks", "Status": "Operational", "Open": "Seasonal", "Hours of Operation": "8am-4pm, Open later seasonally", "Accessibility": "Fully Accessible", "Restroom Type": "Multi-Stall W\/M Restrooms", "Changing Stations": null, "Additional Notes": null, "Website": null, "Latitude": 40.844555, "Longitude": -73.89466, "Location": "POINT (-73.89466 40.844555)" }, "geometry": { "type": "Point", "coordinates": [ -73.89466, 40.844554999999851 ] } },
{ "type": "Feature", "properties": { "Facility Name": "Sperandeo Brothers Playground", "Location Type": "Park", "Operator": "NYC Parks", "Status": "Operational", "Open": "Year Round", "Hours of Operation": "8am-4pm, Open later seasonally", "Accessibility": "Fully Accessible", "Restroom Type": "Multi-Stall W\/M Restrooms", "Changing Stations": null, "Additional Notes": null, "Website": null, "Latitude": 40.677632, "Longitude": -73.88425, "Location": "POINT (-73.88425 40.677632)" }, "geometry": { "type": "Point", "coordinates": [ -73.88425, 40.677631999999818 ] } },
{ "type": "Feature", "properties": { "Facility Name": "Tottenville Library, NYPL", "Location Type": "Library", "Operator": "NYPL", "Status": "Operational", "Open": "Year Round", "Hours of Operation": "Sunday: Closed \nMonday: 11:00 am - 6:00 pm \nTuesday: 11:00 am - 6:00 pm \nWednesday: 11:00 am -6:00 pm \nThursday: 11:00 am - 6:00 pm \nFriday: 10:00 am - 5:00 pm \nSaturday: 10:00 am - 5:00 pm", "Accessibility": "Fully Accessible", "Restroom Type": "Single-Stall All Gender Restroom(s)", "Changing Stations": "No", "Additional Notes": "Changing Table inside community room", "Website": "https:\/\/www.nypl.org\/locations\/tottenville", "Latitude": 40.509539, "Longitude": -74.244108, "Location": "POINT (-74.244108 40.509539)" }, "geometry": { "type": "Point", "coordinates": [ -74.244108, 40.509538999999833 ] } },
{ "type": "Feature", "properties": { "Facility Name": "Harris Playground", "Location Type": "Park", "Operator": "NYC Parks", "Status": "Operational", "Open": "Year Round", "Hours of Operation": "8am-4pm, Open later seasonally", "Accessibility": "Fully Accessible", "Restroom Type": "Multi-Stall W\/M Restrooms", "Changing Stations": null, "Additional Notes": null, "Website": null, "Latitude": 40.875284, "Longitude": -73.892699, "Location": "POINT (-73.892699 40.875284)" }, "geometry": { "type": "Point", "coordinates": [ -73.892699, 40.875283999999844 ] } },
{ "type": "Feature", "properties": { "Facility Name": "Colucci Playground", "Location Type": "Park", "Operator": "NYC Parks", "Status": "Operational", "Open": "Year Round", "Hours of Operation": "8am-4pm, Open later seasonally", "Accessibility": "Fully Accessible", "Restroom Type": "Multi-Stall W\/M Restrooms", "Changing Stations": null, "Additional Notes": null, "Website": null, "Latitude": 40.85247, "Longitude": -73.834676, "Location": "POINT (-73.834676 40.85247)" }, "geometry": { "type": "Point", "coordinates": [ -73.834676, 40.852469999999855 ] } },
{ "type": "Feature", "properties": { "Facility Name": "Marion Hopkinson Playground", "Location Type": "Park", "Operator": "NYC Parks", "Status": "Operational", "Open": "Year Round", "Hours of Operation": "8am-4pm, Open later seasonally", "Accessibility": "Fully Accessible", "Restroom Type": "Multi-Stall W\/M Restrooms", "Changing Stations": null, "Additional Notes": null, "Website": null, "Latitude": 40.681851, "Longitude": -73.913359, "Location": "POINT (-73.913359 40.681851)" }, "geometry": { "type": "Point", "coordinates": [ -73.913359, 40.681850999999838 ] } },
{ "type": "Feature", "properties": { "Facility Name": "Captain Mario Fajardo Park", "Location Type": "Park", "Operator": "NYC Parks", "Status": "Operational", "Open": "Year Round", "Hours of Operation": "8am-4pm, Open later seasonally", "Accessibility": "Fully Accessible", "Restroom Type": "Multi-Stall W\/M Restrooms", "Changing Stations": null, "Additional Notes": null, "Website": null, "Latitude": 40.745029, "Longitude": -73.817257, "Location": "POINT (-73.817257 40.745029)" }, "geometry": { "type": "Point", "coordinates": [ -73.817257, 40.745028999999846 ] } },
{ "type": "Feature", "properties": { "Facility Name": "World's Fair Playground", "Location Type": "Park", "Operator": "NYC Parks", "Status": "Operational", "Open": null, "Hours of Operation": "8am-4pm, Open later seasonally", "Accessibility": "Not Accessible", "Restroom Type": "Multi-Stall W\/M Restrooms", "Changing Stations": null, "Additional Notes": null, "Website": null, "Latitude": 40.73717, "Longitude": -73.845753, "Location": "POINT (-73.845753 40.73717)" }, "geometry": { "type": "Point", "coordinates": [ -73.845753, 40.737169999999836 ] } },
{ "type": "Feature", "properties": { "Facility Name": "Baisley Park South", "Location Type": "Park", "Operator": "NYC Parks", "Status": "Operational", "Open": "Year Round", "Hours of Operation": "8am-4pm, Open later seasonally", "Accessibility": "Not Accessible", "Restroom Type": "Multi-Stall W\/M Restrooms", "Changing Stations": null, "Additional Notes": null, "Website": null, "Latitude": 40.669127, "Longitude": -73.788667, "Location": "POINT (-73.788667 40.669127)" }, "geometry": { "type": "Point", "coordinates": [ -73.788667, 40.669126999999854 ] } },
{ "type": "Feature", "properties": { "Facility Name": "Kingsbridge Library, NYPL", "Location Type": "Library", "Operator": "NYPL", "Status": "Operational", "Open": "Year Round", "Hours of Operation": "Sunday: Closed \nMonday: 10:00 am - 7:00 pm \nTuesday: 10:00 pm - 7:00 pm \nWednesday: 10:00 am - 7:00 pm \nThursday: 10:00 pm - 7:00 pm \nFriday: 10:00 am - 5:00 pm \nSaturday: 10:00 am - 5:00 pm", "Accessibility": "Fully Accessible", "Restroom Type": "Single-Stall All Gender Restroom(s)", "Changing Stations": "Yes", "Additional Notes": null, "Website": "https:\/\/www.nypl.org\/locations\/kingsbridge", "Latitude": 40.880708, "Longitude": -73.907707, "Location": "POINT (-73.907707 40.880708)" }, "geometry": { "type": "Point", "coordinates": [ -73.907707, 40.880707999999835 ] } },
{ "type": "Feature", "properties": { "Facility Name": "Vernon Playground", "Location Type": "Park", "Operator": "NYC Parks", "Status": "Operational", "Open": "Seasonal", "Hours of Operation": "8am-4pm, Open later seasonally", "Accessibility": "Not Accessible", "Restroom Type": "Multi-Stall W\/M Restrooms", "Changing Stations": null, "Additional Notes": null, "Website": null, "Latitude": 40.757034, "Longitude": -73.947368, "Location": "POINT (-73.947368 40.757034)" }, "geometry": { "type": "Point", "coordinates": [ -73.947368, 40.757033999999813 ] } },
{ "type": "Feature", "properties": { "Facility Name": "Seward Park", "Location Type": "Park", "Operator": "NYC Parks", "Status": "Operational", "Open": "Year Round", "Hours of Operation": "8am-4pm, Open later seasonally", "Accessibility": "Fully Accessible", "Restroom Type": "Multi-Stall W\/M Restrooms", "Changing Stations": null, "Additional Notes": null, "Website": null, "Latitude": 40.714723, "Longitude": -73.989061, "Location": "POINT (-73.989061 40.714723)" }, "geometry": { "type": "Point", "coordinates": [ -73.989061, 40.714722999999836 ] } },
{ "type": "Feature", "properties": { "Facility Name": "Corona Golf Playground", "Location Type": "Park", "Operator": "NYC Parks", "Status": "Operational", "Open": "Year Round", "Hours of Operation": "8am-4pm, Open later seasonally", "Accessibility": "Not Accessible", "Restroom Type": "Multi-Stall W\/M Restrooms", "Changing Stations": null, "Additional Notes": null, "Website": null, "Latitude": 40.747759, "Longitude": -73.854036, "Location": "POINT (-73.854036 40.747759)" }, "geometry": { "type": "Point", "coordinates": [ -73.854036, 40.747758999999839 ] } },
{ "type": "Feature", "properties": { "Facility Name": "Riverbend Playground", "Location Type": "Park", "Operator": "NYC Parks", "Status": "Operational", "Open": "Year Round", "Hours of Operation": "8am-4pm, Open later seasonally", "Accessibility": "Fully Accessible", "Restroom Type": "Multi-Stall W\/M Restrooms", "Changing Stations": null, "Additional Notes": null, "Website": null, "Latitude": 40.871911, "Longitude": -73.905983, "Location": "POINT (-73.905983 40.871911)" }, "geometry": { "type": "Point", "coordinates": [ -73.905983, 40.871910999999834 ] } },
{ "type": "Feature", "properties": { "Facility Name": "Arcilla Playground", "Location Type": "Park", "Operator": "NYC Parks", "Status": "Operational", "Open": "Year Round", "Hours of Operation": "8am-4pm, Open later seasonally", "Accessibility": "Fully Accessible", "Restroom Type": "Multi-Stall W\/M Restrooms", "Changing Stations": null, "Additional Notes": null, "Website": null, "Latitude": 40.827172, "Longitude": -73.914585, "Location": "POINT (-73.914585 40.827172)" }, "geometry": { "type": "Point", "coordinates": [ -73.914585, 40.827171999999834 ] } },
{ "type": "Feature", "properties": { "Facility Name": "Star Spangled Playground", "Location Type": "Park", "Operator": "NYC Parks", "Status": "Operational", "Open": "Seasonal", "Hours of Operation": "8am-4pm, Open later seasonally", "Accessibility": "Not Accessible", "Restroom Type": "Multi-Stall W\/M Restrooms", "Changing Stations": null, "Additional Notes": null, "Website": null, "Latitude": 40.691691, "Longitude": -73.957832, "Location": "POINT (-73.957832 40.691691)" }, "geometry": { "type": "Point", "coordinates": [ -73.957832, 40.69169099999985 ] } },
{ "type": "Feature", "properties": { "Facility Name": "Northwest Reservoir", "Location Type": "Park", "Operator": "NYC Parks", "Status": "Operational", "Open": "Year Round", "Hours of Operation": "7am - dusk", "Accessibility": "Not Accessible", "Restroom Type": "Multi-Stall W\/M Restrooms", "Changing Stations": null, "Additional Notes": null, "Website": null, "Latitude": 40.789439, "Longitude": -73.961894, "Location": "POINT (-73.961894 40.789439)" }, "geometry": { "type": "Point", "coordinates": [ -73.961894, 40.789438999999852 ] } },
{ "type": "Feature", "properties": { "Facility Name": "Madison Square Park APT", "Location Type": "Public Plaza", "Operator": "NYC DOT\/JCDecaux", "Status": "Operational", "Open": "Year Round", "Hours of Operation": "8am-8pm", "Accessibility": "Fully Accessible", "Restroom Type": "Single-Stall All Gender Restroom(s)", "Changing Stations": "No", "Additional Notes": "This unit costs $.25 to use.", "Website": "https:\/\/portal.311.nyc.gov\/article\/?kanumber=KA-02226", "Latitude": 40.741309, "Longitude": -73.987845, "Location": "POINT (-73.987845 40.741309)" }, "geometry": { "type": "Point", "coordinates": [ -73.987845, 40.741308999999845 ] } },
{ "type": "Feature", "properties": { "Facility Name": "Lily Brown Playground", "Location Type": "Park", "Operator": "NYC Parks", "Status": "Operational", "Open": "Year Round", "Hours of Operation": "8am-4pm, Open later seasonally", "Accessibility": "Not Accessible", "Restroom Type": "Multi-Stall W\/M Restrooms", "Changing Stations": null, "Additional Notes": null, "Website": null, "Latitude": 40.838909, "Longitude": -73.946009, "Location": "POINT (-73.946009 40.838909)" }, "geometry": { "type": "Point", "coordinates": [ -73.946009, 40.838908999999845 ] } },
{ "type": "Feature", "properties": { "Facility Name": "Rufus King Park", "Location Type": "Park", "Operator": "NYC Parks", "Status": "Operational", "Open": "Year Round", "Hours of Operation": "8am-4pm, Open later seasonally", "Accessibility": "Fully Accessible", "Restroom Type": "Multi-Stall W\/M Restrooms", "Changing Stations": null, "Additional Notes": null, "Website": null, "Latitude": 40.703339, "Longitude": -73.803382, "Location": "POINT (-73.803382 40.703339)" }, "geometry": { "type": "Point", "coordinates": [ -73.803382, 40.703338999999843 ] } },
{ "type": "Feature", "properties": { "Facility Name": "River Run Playground", "Location Type": "Park", "Operator": "NYC Parks", "Status": "Operational", "Open": "Year Round", "Hours of Operation": "8am-4pm, Open later seasonally", "Accessibility": "Not Accessible", "Restroom Type": "Multi-Stall W\/M Restrooms", "Changing Stations": null, "Additional Notes": null, "Website": null, "Latitude": 40.78733, "Longitude": -73.982087, "Location": "POINT (-73.982087 40.78733)" }, "geometry": { "type": "Point", "coordinates": [ -73.982087, 40.787329999999834 ] } },
{ "type": "Feature", "properties": { "Facility Name": "Behagen Playground", "Location Type": "Park", "Operator": "NYC Parks", "Status": "Operational", "Open": "Seasonal", "Hours of Operation": "8am-4pm, Open later seasonally", "Accessibility": "Fully Accessible", "Restroom Type": "Multi-Stall W\/M Restrooms", "Changing Stations": null, "Additional Notes": null, "Website": null, "Latitude": 40.825528, "Longitude": -73.900952, "Location": "POINT (-73.900952 40.825528)" }, "geometry": { "type": "Point", "coordinates": [ -73.900952, 40.825527999999849 ] } },
{ "type": "Feature", "properties": { "Facility Name": "Paerdegat Library, BPL", "Location Type": "Library", "Operator": "BPL", "Status": "Operational", "Open": "Year Round", "Hours of Operation": "Monday\t10 am - 6 pm\nTuesday\t1 pm - 8 pm\nWednesday\t10 am - 6 pm\nThursday\t10 am - 8 pm\nFriday\t10 am - 6 pm\nSaturday\t10 am - 5 pm\nSunday\tCLOSED", "Accessibility": "Fully Accessible", "Restroom Type": "Both Single-Stall All Gender and Multi-Stall W\/M", "Changing Stations": "Yes", "Additional Notes": null, "Website": "https:\/\/www.bklynlibrary.org\/locations\/paerdegat", "Latitude": 40.632645, "Longitude": -73.919986, "Location": "POINT (-73.919986 40.632645)" }, "geometry": { "type": "Point", "coordinates": [ -73.919986, 40.632644999999833 ] } },
{ "type": "Feature", "properties": { "Facility Name": "Dyker Library, BPL", "Location Type": "Library", "Operator": "BPL", "Status": "Operational", "Open": "Year Round", "Hours of Operation": "Monday\t10 am - 6 pm\nTuesday\t1 pm - 8 pm\nWednesday\t10 am - 6 pm\nThursday\t10 am - 8 pm\nFriday\t10 am - 6 pm\nSaturday\t10 am - 5 pm\nSunday\tCLOSED", "Accessibility": "Fully Accessible", "Restroom Type": "Single-Stall All Gender Restroom(s)", "Changing Stations": "Yes", "Additional Notes": null, "Website": "https:\/\/www.bklynlibrary.org\/locations\/dyker", "Latitude": 40.616316, "Longitude": -74.01199, "Location": "POINT (-74.01199 40.616316)" }, "geometry": { "type": "Point", "coordinates": [ -74.01199, 40.616315999999827 ] } },
{ "type": "Feature", "properties": { "Facility Name": "Bennett Park", "Location Type": "Park", "Operator": "NYC Parks", "Status": "Operational", "Open": "Seasonal", "Hours of Operation": "8am-4pm, Open later seasonally", "Accessibility": "Not Accessible", "Restroom Type": "Multi-Stall W\/M Restrooms", "Changing Stations": null, "Additional Notes": null, "Website": null, "Latitude": 40.853219, "Longitude": -73.937948, "Location": "POINT (-73.937948 40.853219)" }, "geometry": { "type": "Point", "coordinates": [ -73.937948, 40.853218999999861 ] } },
{ "type": "Feature", "properties": { "Facility Name": "Playground", "Location Type": "Park", "Operator": "NYC Parks", "Status": "Operational", "Open": "Seasonal", "Hours of Operation": "8am-4pm, Open later seasonally", "Accessibility": "Fully Accessible", "Restroom Type": "Multi-Stall W\/M Restrooms", "Changing Stations": null, "Additional Notes": null, "Website": null, "Latitude": 40.74916, "Longitude": -73.803819, "Location": "POINT (-73.803819 40.74916)" }, "geometry": { "type": "Point", "coordinates": [ -73.803819, 40.749159999999854 ] } },
{ "type": "Feature", "properties": { "Facility Name": "Sarsfield Playground", "Location Type": "Park", "Operator": "NYC Parks", "Status": "Operational", "Open": "Year Round", "Hours of Operation": "8am-4pm, Open later seasonally", "Accessibility": "Fully Accessible", "Restroom Type": "Multi-Stall W\/M Restrooms", "Changing Stations": null, "Additional Notes": null, "Website": null, "Latitude": 40.620341, "Longitude": -73.93718, "Location": "POINT (-73.93718 40.620341)" }, "geometry": { "type": "Point", "coordinates": [ -73.93718, 40.62034099999984 ] } },
{ "type": "Feature", "properties": { "Facility Name": "153 East 53rd Street POPS", "Location Type": "Privately Owned Public Space", "Operator": "Boston Properties", "Status": "Operational", "Open": "Year Round", "Hours of Operation": "Everyday 7:00am-11:00pm", "Accessibility": "Fully Accessible", "Restroom Type": "Multi-Stall W\/M Restrooms", "Changing Stations": "Yes", "Additional Notes": null, "Website": null, "Latitude": 40.758406, "Longitude": -73.970038, "Location": "POINT (-73.970038 40.758406)" }, "geometry": { "type": "Point", "coordinates": [ -73.970038, 40.75840599999983 ] } },
{ "type": "Feature", "properties": { "Facility Name": "Whitestone Playground", "Location Type": "Park", "Operator": "NYC Parks", "Status": "Operational", "Open": "Year Round", "Hours of Operation": "8am-4pm, Open later seasonally", "Accessibility": "Not Accessible", "Restroom Type": "Multi-Stall W\/M Restrooms", "Changing Stations": null, "Additional Notes": null, "Website": null, "Latitude": 40.791879, "Longitude": -73.808312, "Location": "POINT (-73.808312 40.791879)" }, "geometry": { "type": "Point", "coordinates": [ -73.808312, 40.791878999999838 ] } },
{ "type": "Feature", "properties": { "Facility Name": "Terrace Playground", "Location Type": "Park", "Operator": "NYC Parks", "Status": "Operational", "Open": "Year Round", "Hours of Operation": "8am-4pm, Open later seasonally", "Accessibility": "Not Accessible", "Restroom Type": "Multi-Stall W\/M Restrooms", "Changing Stations": null, "Additional Notes": null, "Website": null, "Latitude": 40.613556, "Longitude": -74.098282, "Location": "POINT (-74.098282 40.613556)" }, "geometry": { "type": "Point", "coordinates": [ -74.098282, 40.613555999999839 ] } },
{ "type": "Feature", "properties": { "Facility Name": "South Of Fountain Of The Planets", "Location Type": "Park", "Operator": "NYC Parks", "Status": "Operational", "Open": "Seasonal", "Hours of Operation": "8am-4pm, Open later seasonally", "Accessibility": "Partially Accessible", "Restroom Type": "Multi-Stall W\/M Restrooms", "Changing Stations": null, "Additional Notes": null, "Website": null, "Latitude": 40.746717, "Longitude": -73.838559, "Location": "POINT (-73.838559 40.746717)" }, "geometry": { "type": "Point", "coordinates": [ -73.838559, 40.74671699999984 ] } },
{ "type": "Feature", "properties": { "Facility Name": "Raymond Bush Playground", "Location Type": "Park", "Operator": "NYC Parks", "Status": "Operational", "Open": "Year Round", "Hours of Operation": "8am-4pm, Open later seasonally", "Accessibility": "Not Accessible", "Restroom Type": "Multi-Stall W\/M Restrooms", "Changing Stations": null, "Additional Notes": null, "Website": null, "Latitude": 40.686595, "Longitude": -73.939377, "Location": "POINT (-73.939377 40.686595)" }, "geometry": { "type": "Point", "coordinates": [ -73.939377, 40.686594999999848 ] } },
{ "type": "Feature", "properties": { "Facility Name": "Hollis Playground", "Location Type": "Park", "Operator": "NYC Parks", "Status": "Operational", "Open": "Seasonal", "Hours of Operation": "8am-4pm, Open later seasonally", "Accessibility": "Not Accessible", "Restroom Type": "Multi-Stall W\/M Restrooms", "Changing Stations": null, "Additional Notes": null, "Website": null, "Latitude": 40.706719, "Longitude": -73.75313, "Location": "POINT (-73.75313 40.706719)" }, "geometry": { "type": "Point", "coordinates": [ -73.75313, 40.706718999999836 ] } },
{ "type": "Feature", "properties": { "Facility Name": "Meadow Lake Northeast", "Location Type": "Park", "Operator": "NYC Parks", "Status": "Operational", "Open": "Year Round", "Hours of Operation": "8am-4pm, Open later seasonally", "Accessibility": "Fully Accessible", "Restroom Type": "Multi-Stall W\/M Restrooms", "Changing Stations": null, "Additional Notes": null, "Website": null, "Latitude": 40.735856, "Longitude": -73.838481, "Location": "POINT (-73.838481 40.735856)" }, "geometry": { "type": "Point", "coordinates": [ -73.838481, 40.735855999999835 ] } },
{ "type": "Feature", "properties": { "Facility Name": "Astoria Heights Playground", "Location Type": "Park", "Operator": "NYC Parks", "Status": "Operational", "Open": "Year Round", "Hours of Operation": "8am-4pm, Open later seasonally", "Accessibility": "Fully Accessible", "Restroom Type": "Both Single-Stall All Gender and Multi-Stall W\/M", "Changing Stations": null, "Additional Notes": null, "Website": null, "Latitude": 40.761021, "Longitude": -73.911315, "Location": "POINT (-73.911315 40.761021)" }, "geometry": { "type": "Point", "coordinates": [ -73.911315, 40.761020999999843 ] } },
{ "type": "Feature", "properties": { "Facility Name": "St. Andrew's Playground", "Location Type": "Park", "Operator": "NYC Parks", "Status": "Operational", "Open": "Year Round", "Hours of Operation": "8am-4pm, Open later seasonally", "Accessibility": "Fully Accessible", "Restroom Type": "Multi-Stall W\/M Restrooms", "Changing Stations": null, "Additional Notes": null, "Website": null, "Latitude": 40.678808, "Longitude": -73.942012, "Location": "POINT (-73.942012 40.678808)" }, "geometry": { "type": "Point", "coordinates": [ -73.942012, 40.678807999999833 ] } },
{ "type": "Feature", "properties": { "Facility Name": "Captain Rivera Playground", "Location Type": "Park", "Operator": "NYC Parks", "Status": "Operational", "Open": "Year Round", "Hours of Operation": "8am-4pm, Open later seasonally", "Accessibility": "Fully Accessible", "Restroom Type": "Multi-Stall W\/M Restrooms", "Changing Stations": null, "Additional Notes": null, "Website": null, "Latitude": 40.817949, "Longitude": -73.906798, "Location": "POINT (-73.906798 40.817949)" }, "geometry": { "type": "Point", "coordinates": [ -73.906798, 40.817948999999849 ] } }
]
}
