{
"type": "FeatureCollection",
"crs": { "type": "name", "properties": { "name": "urn:ogc:def:crs:OGC:1.3:CRS84" } },
"features": [
{ "type": "Feature", "properties": { "GTFS Stop ID": "R01", "Station ID": 1, "Complex ID": 1, "Division": "BMT", "Line": "Astoria", "Stop Name": "Astoria-Ditmars Blvd", "Borough": "Q", "CBD": false, "Daytime Routes": "N W", "Structure": "Elevated", "Latitude": 40.775036, "Longitude": -73.912034, "North Direction Label": "Last Stop", "South Direction Label": "Manhattan", "ADA": 0, "ADA Northbound": 0, "ADA Southbound": 0, "ADA Notes": null, "restroom_count": 0 }, "geometry": { "type": "Point", "coordinates": [ -73.912034, 40.775035999999837 ] } },
{ "type": "Feature", "properties": { "GTFS Stop ID": "R03", "Station ID": 2, "Complex ID": 2, "Division": "BMT", "Line": "Astoria", "Stop Name": "Astoria Blvd", "Borough": "Q", "CBD": false, "Daytime Routes": "N W", "Structure": "Elevated", "Latitude": 40.770258, "Longitude": -73.917843, "North Direction Label": "Astoria", "South Direction Label": "Manhattan", "ADA": 1, "ADA Northbound": 1, "ADA Southbound": 1, "ADA Notes": null, "restroom_count": 0 }, "geometry": { "type": "Point", "coordinates": [ -73.917843, 40.770257999999842 ] } },
{ "type": "Feature", "properties": { "GTFS Stop ID": "R04", "Station ID": 3, "Complex ID": 3, "Division": "BMT", "Line": "Astoria", "Stop Name": "30 Av", "Borough": "Q", "CBD": false, "Daytime Routes": "N W", "Structure": "Elevated", "Latitude": 40.766779, "Longitude": -73.921479, "North Direction Label": "Astoria", "South Direction Label": "Manhattan", "ADA": 0, "ADA Northbound": 0, "ADA Southbound": 0, "ADA Notes": null, "restroom_count": 1 }, "geometry": { "type": "Point", "coordinates": [ -73.921479, 40.766778999999829 ] } },
{ "type": "Feature", "properties": { "GTFS Stop ID": "R05", "Station ID": 4, "Complex ID": 4, "Division": "BMT", "Line": "Astoria", "Stop Name": "Broadway", "Borough": "Q", "CBD": false, "Daytime Routes": "N W", "Structure": "Elevated", "Latitude": 40.76182, "Longitude": -73.925508, "North Direction Label": "Astoria", "South Direction Label": "Manhattan", "ADA": 0, "ADA Northbound": 0, "ADA Southbound": 0, "ADA Notes": null, "restroom_count": 0 }, "geometry": { "type": "Point", "coordinates": [ -73.925508, 40.761819999999837 ] } },
{ "type": "Feature", "properties": { "GTFS Stop ID": "R06", "Station ID": 5, "Complex ID": 5, "Division": "BMT", "Line": "Astoria", "Stop Name": "36 Av", "Borough": "Q", "CBD": false, "Daytime Routes": "N W", "Structure": "Elevated", "Latitude": 40.756804, "Longitude": -73.929575, "North Direction Label": "Astoria", "South Direction Label": "Manhattan", "ADA": 0, "ADA Northbound": 0, "ADA Southbound": 0, "ADA Notes": null, "restroom_count": 0 }, "geometry": { "type": "Point", "coordinates": [ -73.929575, 40.756803999999839 ] } },
{ "type": "Feature", "properties": { "GTFS Stop ID": "R08", "Station ID": 6, "Complex ID": 6, "Division": "BMT", "Line": "Astoria", "Stop Name": "39 Av-Dutch Kills", "Borough": "Q", "CBD": false, "Daytime Routes": "N W", "Structure": "Elevated", "Latitude": 40.752882, "Longitude": -73.932755, "North Direction Label": "Astoria", "South Direction Label": "Manhattan", "ADA": 0, "ADA Northbound": 0, "ADA Southbound": 0, "ADA Notes": null, "restroom_count": 0 }, "geometry": { "type": "Point", "coordinates": [ -73.932755, 40.752881999999836 ] } },
{ "type": "Feature", "properties": { "GTFS Stop ID": "R11", "Station ID": 7, "Complex ID": 613, "Division": "BMT", "Line": "Astoria", "Stop Name": "Lexington Av\/59 St", "Borough": "M", "CBD": true, "Daytime Routes": "N R W", "Structure": "Subway", "Latitude": 40.76266, "Longitude": -73.967258, "North Direction Label": "Queens", "South Direction Label": "Downtown", "ADA": 0, "ADA Northbound": 0, "ADA Southbound": 0, "ADA Notes": null, "restroom_count": 1 }, "geometry": { "type": "Point", "coordinates": [ -73.967258, 40.762659999999833 ] } },
{ "type": "Feature", "properties": { "GTFS Stop ID": "R13", "Station ID": 8, "Complex ID": 8, "Division": "BMT", "Line": "Astoria", "Stop Name": "5 Av\/59 St", "Borough": "M", "CBD": true, "Daytime Routes": "N R W", "Structure": "Subway", "Latitude": 40.764811, "Longitude": -73.973347, "North Direction Label": "Queens", "South Direction Label": "Downtown", "ADA": 0, "ADA Northbound": 0, "ADA Southbound": 0, "ADA Notes": null, "restroom_count": 0 }, "geometry": { "type": "Point", "coordinates": [ -73.973347, 40.764810999999831 ] } },
{ "type": "Feature", "properties": { "GTFS Stop ID": "R14", "Station ID": 9, "Complex ID": 9, "Division": "BMT", "Line": "Broadway - Brighton", "Stop Name": "57 St-7 Av", "Borough": "M", "CBD": true, "Daytime Routes": "N Q R W", "Structure": "Subway", "Latitude": 40.764664, "Longitude": -73.980658, "North Direction Label": "Uptown", "South Direction Label": "Downtown", "ADA": 1, "ADA Northbound": 1, "ADA Southbound": 1, "ADA Notes": null, "restroom_count": 0 }, "geometry": { "type": "Point", "coordinates": [ -73.980658, 40.764663999999847 ] } },
{ "type": "Feature", "properties": { "GTFS Stop ID": "R15", "Station ID": 10, "Complex ID": 10, "Division": "BMT", "Line": "Broadway - Brighton", "Stop Name": "49 St", "Borough": "M", "CBD": true, "Daytime Routes": "N R W", "Structure": "Subway", "Latitude": 40.759901, "Longitude": -73.984139, "North Direction Label": "Uptown", "South Direction Label": "Downtown", "ADA": 2, "ADA Northbound": 1, "ADA Southbound": 0, "ADA Notes": "Uptown only", "restroom_count": 0 }, "geometry": { "type": "Point", "coordinates": [ -73.984139, 40.759900999999836 ] } },
{ "type": "Feature", "properties": { "GTFS Stop ID": "R16", "Station ID": 11, "Complex ID": 611, "Division": "BMT", "Line": "Broadway - Brighton", "Stop Name": "Times Sq-42 St", "Borough": "M", "CBD": true, "Daytime Routes": "N Q R W", "Structure": "Subway", "Latitude": 40.754672, "Longitude": -73.986754, "North Direction Label": "Uptown", "South Direction Label": "Downtown", "ADA": 1, "ADA Northbound": 1, "ADA Southbound": 1, "ADA Notes": null, "restroom_count": 0 }, "geometry": { "type": "Point", "coordinates": [ -73.986754, 40.754671999999836 ] } },
{ "type": "Feature", "properties": { "GTFS Stop ID": "R17", "Station ID": 12, "Complex ID": 607, "Division": "BMT", "Line": "Broadway - Brighton", "Stop Name": "34 St-Herald Sq", "Borough": "M", "CBD": true, "Daytime Routes": "N Q R W", "Structure": "Subway", "Latitude": 40.749567, "Longitude": -73.98795, "North Direction Label": "Uptown", "South Direction Label": "Downtown", "ADA": 1, "ADA Northbound": 1, "ADA Southbound": 1, "ADA Notes": null, "restroom_count": 2 }, "geometry": { "type": "Point", "coordinates": [ -73.98795, 40.74956699999985 ] } },
{ "type": "Feature", "properties": { "GTFS Stop ID": "R18", "Station ID": 13, "Complex ID": 13, "Division": "BMT", "Line": "Broadway - Brighton", "Stop Name": "28 St", "Borough": "M", "CBD": true, "Daytime Routes": "R W", "Structure": "Subway", "Latitude": 40.745494, "Longitude": -73.988691, "North Direction Label": "Uptown", "South Direction Label": "Downtown", "ADA": 0, "ADA Northbound": 0, "ADA Southbound": 0, "ADA Notes": null, "restroom_count": 0 }, "geometry": { "type": "Point", "coordinates": [ -73.988691, 40.745493999999844 ] } },
{ "type": "Feature", "properties": { "GTFS Stop ID": "R19", "Station ID": 14, "Complex ID": 14, "Division": "BMT", "Line": "Broadway - Brighton", "Stop Name": "23 St", "Borough": "M", "CBD": true, "Daytime Routes": "R W", "Structure": "Subway", "Latitude": 40.741303, "Longitude": -73.989344, "North Direction Label": "Uptown", "South Direction Label": "Downtown", "ADA": 0, "ADA Northbound": 0, "ADA Southbound": 0, "ADA Notes": null, "restroom_count": 1 }, "geometry": { "type": "Point", "coordinates": [ -73.989344, 40.741302999999853 ] } },
{ "type": "Feature", "properties": { "GTFS Stop ID": "R20", "Station ID": 15, "Complex ID": 602, "Division": "BMT", "Line": "Broadway - Brighton", "Stop Name": "14 St-Union Sq", "Borough": "M", "CBD": true, "Daytime Routes": "N Q R W", "Structure": "Subway", "Latitude": 40.735736, "Longitude": -73.990568, "North Direction Label": "Uptown", "South Direction Label": "Downtown", "ADA": 1, "ADA Northbound": 1, "ADA Southbound": 1, "ADA Notes": null, "restroom_count": 1 }, "geometry": { "type": "Point", "coordinates": [ -73.990568, 40.735735999999854 ] } },
{ "type": "Feature", "properties": { "GTFS Stop ID": "R21", "Station ID": 16, "Complex ID": 16, "Division": "BMT", "Line": "Broadway - Brighton", "Stop Name": "8 St-NYU", "Borough": "M", "CBD": true, "Daytime Routes": "R W", "Structure": "Subway", "Latitude": 40.730328, "Longitude": -73.992629, "North Direction Label": "Uptown", "South Direction Label": "Downtown", "ADA": 0, "ADA Northbound": 0, "ADA Southbound": 0, "ADA Notes": null, "restroom_count": 0 }, "geometry": { "type": "Point", "coordinates": [ -73.992629, 40.730327999999851 ] } },
{ "type": "Feature", "properties": { "GTFS Stop ID": "R22", "Station ID": 17, "Complex ID": 17, "Division": "BMT", "Line": "Broadway - Brighton", "Stop Name": "Prince St", "Borough": "M", "CBD": true, "Daytime Routes": "R W", "Structure": "Subway", "Latitude": 40.724329, "Longitude": -73.997702, "North Direction Label": "Uptown", "South Direction Label": "Downtown", "ADA": 0, "ADA Northbound": 0, "ADA Southbound": 0, "ADA Notes": null, "restroom_count": 0 }, "geometry": { "type": "Point", "coordinates": [ -73.997702, 40.72432899999982 ] } },
{ "type": "Feature", "properties": { "GTFS Stop ID": "R23", "Station ID": 18, "Complex ID": 623, "Division": "BMT", "Line": "Broadway", "Stop Name": "Canal St", "Borough": "M", "CBD": true, "Daytime Routes": "R W", "Structure": "Subway", "Latitude": 40.719527, "Longitude": -74.001775, "North Direction Label": "Uptown", "South Direction Label": "Downtown", "ADA": 0, "ADA Northbound": 0, "ADA Southbound": 0, "ADA Notes": null, "restroom_count": 0 }, "geometry": { "type": "Point", "coordinates": [ -74.001775, 40.719526999999843 ] } },
{ "type": "Feature", "properties": { "GTFS Stop ID": "Q01", "Station ID": 19, "Complex ID": 623, "Division": "BMT", "Line": "Manhattan Bridge", "Stop Name": "Canal St", "Borough": "M", "CBD": true, "Daytime Routes": "N Q", "Structure": "Subway", "Latitude": 40.718383, "Longitude": -74.00046, "North Direction Label": "Uptown", "South Direction Label": "Downtown", "ADA": 0, "ADA Northbound": 0, "ADA Southbound": 0, "ADA Notes": null, "restroom_count": 0 }, "geometry": { "type": "Point", "coordinates": [ -74.00046, 40.718382999999847 ] } },
{ "type": "Feature", "properties": { "GTFS Stop ID": "R24", "Station ID": 20, "Complex ID": 20, "Division": "BMT", "Line": "Broadway", "Stop Name": "City Hall", "Borough": "M", "CBD": true, "Daytime Routes": "R W", "Structure": "Subway", "Latitude": 40.713282, "Longitude": -74.006978, "North Direction Label": "Uptown", "South Direction Label": "Downtown", "ADA": 0, "ADA Northbound": 0, "ADA Southbound": 0, "ADA Notes": null, "restroom_count": 1 }, "geometry": { "type": "Point", "coordinates": [ -74.006978, 40.71328199999985 ] } },
{ "type": "Feature", "properties": { "GTFS Stop ID": "R25", "Station ID": 21, "Complex ID": 624, "Division": "BMT", "Line": "Broadway", "Stop Name": "Cortlandt St", "Borough": "M", "CBD": true, "Daytime Routes": "R W", "Structure": "Subway", "Latitude": 40.710668, "Longitude": -74.011029, "North Direction Label": "Uptown", "South Direction Label": "Downtown", "ADA": 1, "ADA Northbound": 1, "ADA Southbound": 1, "ADA Notes": null, "restroom_count": 0 }, "geometry": { "type": "Point", "coordinates": [ -74.011029, 40.710667999999842 ] } },
{ "type": "Feature", "properties": { "GTFS Stop ID": "R26", "Station ID": 22, "Complex ID": 22, "Division": "BMT", "Line": "Broadway", "Stop Name": "Rector St", "Borough": "M", "CBD": true, "Daytime Routes": "R W", "Structure": "Subway", "Latitude": 40.70722, "Longitude": -74.013342, "North Direction Label": "Uptown", "South Direction Label": "Downtown", "ADA": 0, "ADA Northbound": 0, "ADA Southbound": 0, "ADA Notes": null, "restroom_count": 0 }, "geometry": { "type": "Point", "coordinates": [ -74.013342, 40.707219999999843 ] } },
{ "type": "Feature", "properties": { "GTFS Stop ID": "R27", "Station ID": 23, "Complex ID": 635, "Division": "BMT", "Line": "Broadway", "Stop Name": "Whitehall St-South Ferry", "Borough": "M", "CBD": true, "Daytime Routes": "R W", "Structure": "Subway", "Latitude": 40.703087, "Longitude": -74.012994, "North Direction Label": "Uptown", "South Direction Label": "Downtown", "ADA": 0, "ADA Northbound": 0, "ADA Southbound": 0, "ADA Notes": null, "restroom_count": 0 }, "geometry": { "type": "Point", "coordinates": [ -74.012994, 40.703086999999826 ] } },
{ "type": "Feature", "properties": { "GTFS Stop ID": "R28", "Station ID": 24, "Complex ID": 620, "Division": "BMT", "Line": "Broadway", "Stop Name": "Court St", "Borough": "Bk", "CBD": false, "Daytime Routes": "R", "Structure": "Subway", "Latitude": 40.6941, "Longitude": -73.991777, "North Direction Label": "Manhattan", "South Direction Label": "Southbound", "ADA": 0, "ADA Northbound": 0, "ADA Southbound": 0, "ADA Notes": null, "restroom_count": 2 }, "geometry": { "type": "Point", "coordinates": [ -73.991777, 40.694099999999828 ] } },
{ "type": "Feature", "properties": { "GTFS Stop ID": "R29", "Station ID": 25, "Complex ID": 636, "Division": "BMT", "Line": "Broadway", "Stop Name": "Jay St-MetroTech", "Borough": "Bk", "CBD": false, "Daytime Routes": "R", "Structure": "Subway", "Latitude": 40.69218, "Longitude": -73.985942, "North Direction Label": "Manhattan", "South Direction Label": "Southbound", "ADA": 1, "ADA Northbound": 1, "ADA Southbound": 1, "ADA Notes": null, "restroom_count": 0 }, "geometry": { "type": "Point", "coordinates": [ -73.985942, 40.692179999999844 ] } },
{ "type": "Feature", "properties": { "GTFS Stop ID": "R30", "Station ID": 26, "Complex ID": 26, "Division": "BMT", "Line": "Broadway - Brighton", "Stop Name": "DeKalb Av", "Borough": "Bk", "CBD": false, "Daytime Routes": "B Q R", "Structure": "Subway", "Latitude": 40.690635, "Longitude": -73.981824, "North Direction Label": "Manhattan", "South Direction Label": "Southbound", "ADA": 1, "ADA Northbound": 1, "ADA Southbound": 1, "ADA Notes": null, "restroom_count": 0 }, "geometry": { "type": "Point", "coordinates": [ -73.981824, 40.690634999999837 ] } },
{ "type": "Feature", "properties": { "GTFS Stop ID": "R31", "Station ID": 27, "Complex ID": 617, "Division": "BMT", "Line": "4th Av", "Stop Name": "Atlantic Av-Barclays Ctr", "Borough": "Bk", "CBD": false, "Daytime Routes": "D N R", "Structure": "Subway", "Latitude": 40.683666, "Longitude": -73.97881, "North Direction Label": "Manhattan", "South Direction Label": "Southbound", "ADA": 1, "ADA Northbound": 1, "ADA Southbound": 1, "ADA Notes": null, "restroom_count": 1 }, "geometry": { "type": "Point", "coordinates": [ -73.97881, 40.683665999999853 ] } },
{ "type": "Feature", "properties": { "GTFS Stop ID": "R32", "Station ID": 28, "Complex ID": 28, "Division": "BMT", "Line": "4th Av", "Stop Name": "Union St", "Borough": "Bk", "CBD": false, "Daytime Routes": "R", "Structure": "Subway", "Latitude": 40.677316, "Longitude": -73.98311, "North Direction Label": "Manhattan", "South Direction Label": "Southbound", "ADA": 0, "ADA Northbound": 0, "ADA Southbound": 0, "ADA Notes": null, "restroom_count": 0 }, "geometry": { "type": "Point", "coordinates": [ -73.98311, 40.677315999999834 ] } },
{ "type": "Feature", "properties": { "GTFS Stop ID": "R33", "Station ID": 29, "Complex ID": 608, "Division": "BMT", "Line": "4th Av", "Stop Name": "4 Av-9 St", "Borough": "Bk", "CBD": false, "Daytime Routes": "R", "Structure": "Subway", "Latitude": 40.670847, "Longitude": -73.988302, "North Direction Label": "Manhattan", "South Direction Label": "Southbound", "ADA": 0, "ADA Northbound": 0, "ADA Southbound": 0, "ADA Notes": null, "restroom_count": 0 }, "geometry": { "type": "Point", "coordinates": [ -73.988302, 40.670846999999853 ] } },
{ "type": "Feature", "properties": { "GTFS Stop ID": "R34", "Station ID": 30, "Complex ID": 30, "Division": "BMT", "Line": "4th Av", "Stop Name": "Prospect Av", "Borough": "Bk", "CBD": false, "Daytime Routes": "R", "Structure": "Subway", "Latitude": 40.665414, "Longitude": -73.992872, "North Direction Label": "Manhattan", "South Direction Label": "Southbound", "ADA": 0, "ADA Northbound": 0, "ADA Southbound": 0, "ADA Notes": null, "restroom_count": 0 }, "geometry": { "type": "Point", "coordinates": [ -73.992872, 40.665413999999828 ] } },
{ "type": "Feature", "properties": { "GTFS Stop ID": "R35", "Station ID": 31, "Complex ID": 31, "Division": "BMT", "Line": "4th Av", "Stop Name": "25 St", "Borough": "Bk", "CBD": false, "Daytime Routes": "R", "Structure": "Subway", "Latitude": 40.660397, "Longitude": -73.998091, "North Direction Label": "Manhattan", "South Direction Label": "Southbound", "ADA": 0, "ADA Northbound": 0, "ADA Southbound": 0, "ADA Notes": null, "restroom_count": 0 }, "geometry": { "type": "Point", "coordinates": [ -73.998091, 40.66039699999984 ] } },
{ "type": "Feature", "properties": { "GTFS Stop ID": "R36", "Station ID": 32, "Complex ID": 32, "Division": "BMT", "Line": "4th Av", "Stop Name": "36 St", "Borough": "Bk", "CBD": false, "Daytime Routes": "D N R", "Structure": "Subway", "Latitude": 40.655144, "Longitude": -74.003549, "North Direction Label": "Manhattan", "South Direction Label": "Southbound", "ADA": 0, "ADA Northbound": 0, "ADA Southbound": 0, "ADA Notes": null, "restroom_count": 0 }, "geometry": { "type": "Point", "coordinates": [ -74.003549, 40.655143999999815 ] } },
{ "type": "Feature", "properties": { "GTFS Stop ID": "R39", "Station ID": 33, "Complex ID": 33, "Division": "BMT", "Line": "4th Av", "Stop Name": "45 St", "Borough": "Bk", "CBD": false, "Daytime Routes": "R", "Structure": "Subway", "Latitude": 40.648939, "Longitude": -74.010006, "North Direction Label": "Manhattan", "South Direction Label": "Southbound", "ADA": 0, "ADA Northbound": 0, "ADA Southbound": 0, "ADA Notes": null, "restroom_count": 1 }, "geometry": { "type": "Point", "coordinates": [ -74.010006, 40.648938999999842 ] } },
{ "type": "Feature", "properties": { "GTFS Stop ID": "R40", "Station ID": 34, "Complex ID": 34, "Division": "BMT", "Line": "4th Av", "Stop Name": "53 St", "Borough": "Bk", "CBD": false, "Daytime Routes": "R", "Structure": "Subway", "Latitude": 40.645069, "Longitude": -74.014034, "North Direction Label": "Manhattan", "South Direction Label": "Southbound", "ADA": 0, "ADA Northbound": 0, "ADA Southbound": 0, "ADA Notes": null, "restroom_count": 1 }, "geometry": { "type": "Point", "coordinates": [ -74.014034, 40.645068999999843 ] } },
{ "type": "Feature", "properties": { "GTFS Stop ID": "R41", "Station ID": 35, "Complex ID": 35, "Division": "BMT", "Line": "4th Av", "Stop Name": "59 St", "Borough": "Bk", "CBD": false, "Daytime Routes": "N R", "Structure": "Subway", "Latitude": 40.641362, "Longitude": -74.017881, "North Direction Label": "Manhattan", "South Direction Label": "Southbound", "ADA": 1, "ADA Northbound": 1, "ADA Southbound": 1, "ADA Notes": null, "restroom_count": 0 }, "geometry": { "type": "Point", "coordinates": [ -74.017881, 40.641361999999837 ] } },
{ "type": "Feature", "properties": { "GTFS Stop ID": "R42", "Station ID": 36, "Complex ID": 36, "Division": "BMT", "Line": "4th Av", "Stop Name": "Bay Ridge Av", "Borough": "Bk", "CBD": false, "Daytime Routes": "R", "Structure": "Subway", "Latitude": 40.634967, "Longitude": -74.023377, "North Direction Label": "Manhattan", "South Direction Label": "Bay Ridge", "ADA": 0, "ADA Northbound": 0, "ADA Southbound": 0, "ADA Notes": null, "restroom_count": 0 }, "geometry": { "type": "Point", "coordinates": [ -74.023377, 40.634966999999833 ] } },
{ "type": "Feature", "properties": { "GTFS Stop ID": "R43", "Station ID": 37, "Complex ID": 37, "Division": "BMT", "Line": "4th Av", "Stop Name": "77 St", "Borough": "Bk", "CBD": false, "Daytime Routes": "R", "Structure": "Subway", "Latitude": 40.629742, "Longitude": -74.02551, "North Direction Label": "Manhattan", "South Direction Label": "Bay Ridge", "ADA": 0, "ADA Northbound": 0, "ADA Southbound": 0, "ADA Notes": null, "restroom_count": 0 }, "geometry": { "type": "Point", "coordinates": [ -74.02551, 40.62974199999983 ] } },
{ "type": "Feature", "properties": { "GTFS Stop ID": "R44", "Station ID": 38, "Complex ID": 38, "Division": "BMT", "Line": "4th Av", "Stop Name": "86 St", "Borough": "Bk", "CBD": false, "Daytime Routes": "R", "Structure": "Subway", "Latitude": 40.622687, "Longitude": -74.028398, "North Direction Label": "Manhattan", "South Direction Label": "Bay Ridge", "ADA": 1, "ADA Northbound": 1, "ADA Southbound": 1, "ADA Notes": null, "restroom_count": 0 }, "geometry": { "type": "Point", "coordinates": [ -74.028398, 40.622686999999821 ] } },
{ "type": "Feature", "properties": { "GTFS Stop ID": "R45", "Station ID": 39, "Complex ID": 39, "Division": "BMT", "Line": "4th Av", "Stop Name": "Bay Ridge-95 St", "Borough": "Bk", "CBD": false, "Daytime Routes": "R", "Structure": "Subway", "Latitude": 40.616622, "Longitude": -74.030876, "North Direction Label": "Manhattan", "South Direction Label": "Last Stop", "ADA": 0, "ADA Northbound": 0, "ADA Southbound": 0, "ADA Notes": null, "restroom_count": 1 }, "geometry": { "type": "Point", "coordinates": [ -74.030876, 40.616621999999829 ] } },
{ "type": "Feature", "properties": { "GTFS Stop ID": "D24", "Station ID": 40, "Complex ID": 617, "Division": "BMT", "Line": "Broadway - Brighton", "Stop Name": "Atlantic Av-Barclays Ctr", "Borough": "Bk", "CBD": false, "Daytime Routes": "B Q", "Structure": "Subway", "Latitude": 40.68446, "Longitude": -73.97689, "North Direction Label": "Manhattan", "South Direction Label": "Southbound", "ADA": 1, "ADA Northbound": 1, "ADA Southbound": 1, "ADA Notes": null, "restroom_count": 1 }, "geometry": { "type": "Point", "coordinates": [ -73.97689, 40.684459999999838 ] } },
{ "type": "Feature", "properties": { "GTFS Stop ID": "D25", "Station ID": 41, "Complex ID": 41, "Division": "BMT", "Line": "Broadway - Brighton", "Stop Name": "7 Av", "Borough": "Bk", "CBD": false, "Daytime Routes": "B Q", "Structure": "Subway", "Latitude": 40.67705, "Longitude": -73.972367, "North Direction Label": "Manhattan", "South Direction Label": "Southbound", "ADA": 0, "ADA Northbound": 0, "ADA Southbound": 0, "ADA Notes": null, "restroom_count": 0 }, "geometry": { "type": "Point", "coordinates": [ -73.972367, 40.677049999999838 ] } },
{ "type": "Feature", "properties": { "GTFS Stop ID": "D26", "Station ID": 42, "Complex ID": 42, "Division": "BMT", "Line": "Broadway - Brighton", "Stop Name": "Prospect Park", "Borough": "Bk", "CBD": false, "Daytime Routes": "B Q S", "Structure": "Open Cut", "Latitude": 40.661614, "Longitude": -73.962246, "North Direction Label": "Northbound", "South Direction Label": "Southbound", "ADA": 1, "ADA Northbound": 1, "ADA Southbound": 1, "ADA Notes": null, "restroom_count": 2 }, "geometry": { "type": "Point", "coordinates": [ -73.962246, 40.661613999999837 ] } },
{ "type": "Feature", "properties": { "GTFS Stop ID": "D27", "Station ID": 43, "Complex ID": 43, "Division": "BMT", "Line": "Broadway - Brighton", "Stop Name": "Parkside Av", "Borough": "Bk", "CBD": false, "Daytime Routes": "Q", "Structure": "Open Cut", "Latitude": 40.655292, "Longitude": -73.961495, "North Direction Label": "Manhattan", "South Direction Label": "Southbound", "ADA": 0, "ADA Northbound": 0, "ADA Southbound": 0, "ADA Notes": null, "restroom_count": 0 }, "geometry": { "type": "Point", "coordinates": [ -73.961495, 40.655291999999854 ] } },
{ "type": "Feature", "properties": { "GTFS Stop ID": "D28", "Station ID": 44, "Complex ID": 44, "Division": "BMT", "Line": "Broadway - Brighton", "Stop Name": "Church Av", "Borough": "Bk", "CBD": false, "Daytime Routes": "B Q", "Structure": "Open Cut", "Latitude": 40.650527, "Longitude": -73.962982, "North Direction Label": "Manhattan", "South Direction Label": "Southbound", "ADA": 0, "ADA Northbound": 0, "ADA Southbound": 0, "ADA Notes": null, "restroom_count": 0 }, "geometry": { "type": "Point", "coordinates": [ -73.962982, 40.650526999999826 ] } },
{ "type": "Feature", "properties": { "GTFS Stop ID": "D29", "Station ID": 45, "Complex ID": 45, "Division": "BMT", "Line": "Broadway - Brighton", "Stop Name": "Beverley Rd", "Borough": "Bk", "CBD": false, "Daytime Routes": "Q", "Structure": "Open Cut", "Latitude": 40.644031, "Longitude": -73.964492, "North Direction Label": "Manhattan", "South Direction Label": "Southbound", "ADA": 0, "ADA Northbound": 0, "ADA Southbound": 0, "ADA Notes": null, "restroom_count": 0 }, "geometry": { "type": "Point", "coordinates": [ -73.964492, 40.644030999999821 ] } },
{ "type": "Feature", "properties": { "GTFS Stop ID": "D30", "Station ID": 46, "Complex ID": 46, "Division": "BMT", "Line": "Broadway - Brighton", "Stop Name": "Cortelyou Rd", "Borough": "Bk", "CBD": false, "Daytime Routes": "Q", "Structure": "Open Cut", "Latitude": 40.640927, "Longitude": -73.963891, "North Direction Label": "Manhattan", "South Direction Label": "Southbound", "ADA": 0, "ADA Northbound": 0, "ADA Southbound": 0, "ADA Notes": null, "restroom_count": 1 }, "geometry": { "type": "Point", "coordinates": [ -73.963891, 40.640926999999841 ] } },
{ "type": "Feature", "properties": { "GTFS Stop ID": "D31", "Station ID": 47, "Complex ID": 47, "Division": "BMT", "Line": "Broadway - Brighton", "Stop Name": "Newkirk Plaza", "Borough": "Bk", "CBD": false, "Daytime Routes": "B Q", "Structure": "Open Cut", "Latitude": 40.635082, "Longitude": -73.962793, "North Direction Label": "Manhattan", "South Direction Label": "Southbound", "ADA": 0, "ADA Northbound": 0, "ADA Southbound": 0, "ADA Notes": null, "restroom_count": 0 }, "geometry": { "type": "Point", "coordinates": [ -73.962793, 40.635081999999834 ] } },
{ "type": "Feature", "properties": { "GTFS Stop ID": "D32", "Station ID": 48, "Complex ID": 48, "Division": "BMT", "Line": "Broadway - Brighton", "Stop Name": "Avenue H", "Borough": "Bk", "CBD": false, "Daytime Routes": "Q", "Structure": "Open Cut", "Latitude": 40.62927, "Longitude": -73.961639, "North Direction Label": "Manhattan", "South Direction Label": "Southbound", "ADA": 1, "ADA Northbound": 1, "ADA Southbound": 1, "ADA Notes": null, "restroom_count": 0 }, "geometry": { "type": "Point", "coordinates": [ -73.961639, 40.629269999999842 ] } },
{ "type": "Feature", "properties": { "GTFS Stop ID": "D33", "Station ID": 49, "Complex ID": 49, "Division": "BMT", "Line": "Broadway - Brighton", "Stop Name": "Avenue J", "Borough": "Bk", "CBD": false, "Daytime Routes": "Q", "Structure": "Open Cut", "Latitude": 40.625039, "Longitude": -73.960803, "North Direction Label": "Manhattan", "South Direction Label": "Southbound", "ADA": 0, "ADA Northbound": 0, "ADA Southbound": 0, "ADA Notes": null, "restroom_count": 1 }, "geometry": { "type": "Point", "coordinates": [ -73.960803, 40.625038999999838 ] } },
{ "type": "Feature", "properties": { "GTFS Stop ID": "D34", "Station ID": 50, "Complex ID": 50, "Division": "BMT", "Line": "Broadway - Brighton", "Stop Name": "Avenue M", "Borough": "Bk", "CBD": false, "Daytime Routes": "Q", "Structure": "Open Cut", "Latitude": 40.617618, "Longitude": -73.959399, "North Direction Label": "Manhattan", "South Direction Label": "Southbound", "ADA": 0, "ADA Northbound": 0, "ADA Southbound": 0, "ADA Notes": null, "restroom_count": 0 }, "geometry": { "type": "Point", "coordinates": [ -73.959399, 40.617617999999815 ] } },
{ "type": "Feature", "properties": { "GTFS Stop ID": "D35", "Station ID": 51, "Complex ID": 51, "Division": "BMT", "Line": "Broadway - Brighton", "Stop Name": "Kings Hwy", "Borough": "Bk", "CBD": false, "Daytime Routes": "B Q", "Structure": "Open Cut", "Latitude": 40.60867, "Longitude": -73.957734, "North Direction Label": "Manhattan", "South Direction Label": "Southbound", "ADA": 1, "ADA Northbound": 1, "ADA Southbound": 1, "ADA Notes": null, "restroom_count": 0 }, "geometry": { "type": "Point", "coordinates": [ -73.957734, 40.608669999999833 ] } },
{ "type": "Feature", "properties": { "GTFS Stop ID": "D37", "Station ID": 52, "Complex ID": 52, "Division": "BMT", "Line": "Broadway - Brighton", "Stop Name": "Avenue U", "Borough": "Bk", "CBD": false, "Daytime Routes": "Q", "Structure": "Open Cut", "Latitude": 40.5993, "Longitude": -73.955929, "North Direction Label": "Manhattan", "South Direction Label": "Southbound", "ADA": 0, "ADA Northbound": 0, "ADA Southbound": 0, "ADA Notes": null, "restroom_count": 0 }, "geometry": { "type": "Point", "coordinates": [ -73.955929, 40.599299999999836 ] } },
{ "type": "Feature", "properties": { "GTFS Stop ID": "D38", "Station ID": 53, "Complex ID": 53, "Division": "BMT", "Line": "Broadway - Brighton", "Stop Name": "Neck Rd", "Borough": "Bk", "CBD": false, "Daytime Routes": "Q", "Structure": "Open Cut", "Latitude": 40.595246, "Longitude": -73.955161, "North Direction Label": "Manhattan", "South Direction Label": "Southbound", "ADA": 0, "ADA Northbound": 0, "ADA Southbound": 0, "ADA Notes": null, "restroom_count": 0 }, "geometry": { "type": "Point", "coordinates": [ -73.955161, 40.595245999999825 ] } },
{ "type": "Feature", "properties": { "GTFS Stop ID": "D39", "Station ID": 54, "Complex ID": 54, "Division": "BMT", "Line": "Broadway - Brighton", "Stop Name": "Sheepshead Bay", "Borough": "Bk", "CBD": false, "Daytime Routes": "B Q", "Structure": "Open Cut", "Latitude": 40.586896, "Longitude": -73.954155, "North Direction Label": "Manhattan", "South Direction Label": "Southbound", "ADA": 0, "ADA Northbound": 0, "ADA Southbound": 0, "ADA Notes": null, "restroom_count": 1 }, "geometry": { "type": "Point", "coordinates": [ -73.954155, 40.586895999999832 ] } },
{ "type": "Feature", "properties": { "GTFS Stop ID": "D40", "Station ID": 55, "Complex ID": 55, "Division": "BMT", "Line": "Broadway - Brighton", "Stop Name": "Brighton Beach", "Borough": "Bk", "CBD": false, "Daytime Routes": "B Q", "Structure": "Elevated", "Latitude": 40.577621, "Longitude": -73.961376, "North Direction Label": "Manhattan", "South Direction Label": "Southbound", "ADA": 0, "ADA Northbound": 0, "ADA Southbound": 0, "ADA Notes": null, "restroom_count": 0 }, "geometry": { "type": "Point", "coordinates": [ -73.961376, 40.577620999999837 ] } },
{ "type": "Feature", "properties": { "GTFS Stop ID": "D41", "Station ID": 56, "Complex ID": 56, "Division": "BMT", "Line": "Broadway - Brighton", "Stop Name": "Ocean Pkwy", "Borough": "Bk", "CBD": false, "Daytime Routes": "Q", "Structure": "Elevated", "Latitude": 40.576312, "Longitude": -73.968501, "North Direction Label": "Manhattan", "South Direction Label": "Coney Island", "ADA": 0, "ADA Northbound": 0, "ADA Southbound": 0, "ADA Notes": null, "restroom_count": 2 }, "geometry": { "type": "Point", "coordinates": [ -73.968501, 40.576311999999838 ] } },
{ "type": "Feature", "properties": { "GTFS Stop ID": "D42", "Station ID": 57, "Complex ID": 57, "Division": "BMT", "Line": "Broadway - Brighton", "Stop Name": "W 8 St-NY Aquarium", "Borough": "Bk", "CBD": false, "Daytime Routes": "F Q", "Structure": "Elevated", "Latitude": 40.576127, "Longitude": -73.975939, "North Direction Label": "Manhattan", "South Direction Label": "Coney Island", "ADA": 0, "ADA Northbound": 0, "ADA Southbound": 0, "ADA Notes": null, "restroom_count": 0 }, "geometry": { "type": "Point", "coordinates": [ -73.975939, 40.576126999999843 ] } },
{ "type": "Feature", "properties": { "GTFS Stop ID": "D43", "Station ID": 58, "Complex ID": 58, "Division": "BMT", "Line": "Sea Beach \/ West End \/ Culver \/ Brighton", "Stop Name": "Coney Island-Stillwell Av", "Borough": "Bk", "CBD": false, "Daytime Routes": "D F N Q", "Structure": "Viaduct", "Latitude": 40.577422, "Longitude": -73.981233, "North Direction Label": "Manhattan", "South Direction Label": "Last Stop", "ADA": 1, "ADA Northbound": 1, "ADA Southbound": 1, "ADA Notes": null, "restroom_count": 0 }, "geometry": { "type": "Point", "coordinates": [ -73.981233, 40.577421999999856 ] } },
{ "type": "Feature", "properties": { "GTFS Stop ID": "B12", "Station ID": 59, "Complex ID": 59, "Division": "BMT", "Line": "West End", "Stop Name": "9 Av", "Borough": "Bk", "CBD": false, "Daytime Routes": "D", "Structure": "Open Cut", "Latitude": 40.646292, "Longitude": -73.994324, "North Direction Label": "Manhattan", "South Direction Label": "Southbound", "ADA": 0, "ADA Northbound": 0, "ADA Southbound": 0, "ADA Notes": null, "restroom_count": 0 }, "geometry": { "type": "Point", "coordinates": [ -73.994324, 40.646291999999853 ] } },
{ "type": "Feature", "properties": { "GTFS Stop ID": "B13", "Station ID": 60, "Complex ID": 60, "Division": "BMT", "Line": "West End", "Stop Name": "Fort Hamilton Pkwy", "Borough": "Bk", "CBD": false, "Daytime Routes": "D", "Structure": "Elevated", "Latitude": 40.640914, "Longitude": -73.994304, "North Direction Label": "Manhattan", "South Direction Label": "Southbound", "ADA": 0, "ADA Northbound": 0, "ADA Southbound": 0, "ADA Notes": null, "restroom_count": 0 }, "geometry": { "type": "Point", "coordinates": [ -73.994304, 40.640913999999839 ] } },
{ "type": "Feature", "properties": { "GTFS Stop ID": "B14", "Station ID": 61, "Complex ID": 61, "Division": "BMT", "Line": "West End", "Stop Name": "50 St", "Borough": "Bk", "CBD": false, "Daytime Routes": "D", "Structure": "Elevated", "Latitude": 40.63626, "Longitude": -73.994791, "North Direction Label": "Manhattan", "South Direction Label": "Southbound", "ADA": 0, "ADA Northbound": 0, "ADA Southbound": 0, "ADA Notes": null, "restroom_count": 0 }, "geometry": { "type": "Point", "coordinates": [ -73.994791, 40.636259999999837 ] } },
{ "type": "Feature", "properties": { "GTFS Stop ID": "B15", "Station ID": 62, "Complex ID": 62, "Division": "BMT", "Line": "West End", "Stop Name": "55 St", "Borough": "Bk", "CBD": false, "Daytime Routes": "D", "Structure": "Elevated", "Latitude": 40.631435, "Longitude": -73.995476, "North Direction Label": "Manhattan", "South Direction Label": "Southbound", "ADA": 0, "ADA Northbound": 0, "ADA Southbound": 0, "ADA Notes": null, "restroom_count": 0 }, "geometry": { "type": "Point", "coordinates": [ -73.995476, 40.631434999999847 ] } },
{ "type": "Feature", "properties": { "GTFS Stop ID": "B16", "Station ID": 63, "Complex ID": 615, "Division": "BMT", "Line": "West End", "Stop Name": "62 St", "Borough": "Bk", "CBD": false, "Daytime Routes": "D", "Structure": "Elevated", "Latitude": 40.626472, "Longitude": -73.996895, "North Direction Label": "Manhattan", "South Direction Label": "Southbound", "ADA": 1, "ADA Northbound": 1, "ADA Southbound": 1, "ADA Notes": null, "restroom_count": 0 }, "geometry": { "type": "Point", "coordinates": [ -73.996895, 40.626471999999829 ] } },
{ "type": "Feature", "properties": { "GTFS Stop ID": "B17", "Station ID": 64, "Complex ID": 64, "Division": "BMT", "Line": "West End", "Stop Name": "71 St", "Borough": "Bk", "CBD": false, "Daytime Routes": "D", "Structure": "Elevated", "Latitude": 40.619589, "Longitude": -73.998864, "North Direction Label": "Manhattan", "South Direction Label": "Southbound", "ADA": 0, "ADA Northbound": 0, "ADA Southbound": 0, "ADA Notes": null, "restroom_count": 0 }, "geometry": { "type": "Point", "coordinates": [ -73.998864, 40.619588999999834 ] } },
{ "type": "Feature", "properties": { "GTFS Stop ID": "B18", "Station ID": 65, "Complex ID": 65, "Division": "BMT", "Line": "West End", "Stop Name": "79 St", "Borough": "Bk", "CBD": false, "Daytime Routes": "D", "Structure": "Elevated", "Latitude": 40.613501, "Longitude": -74.00061, "North Direction Label": "Manhattan", "South Direction Label": "Southbound", "ADA": 0, "ADA Northbound": 0, "ADA Southbound": 0, "ADA Notes": null, "restroom_count": 0 }, "geometry": { "type": "Point", "coordinates": [ -74.00061, 40.613500999999843 ] } },
{ "type": "Feature", "properties": { "GTFS Stop ID": "B19", "Station ID": 66, "Complex ID": 66, "Division": "BMT", "Line": "West End", "Stop Name": "18 Av", "Borough": "Bk", "CBD": false, "Daytime Routes": "D", "Structure": "Elevated", "Latitude": 40.607954, "Longitude": -74.001736, "North Direction Label": "Manhattan", "South Direction Label": "Southbound", "ADA": 0, "ADA Northbound": 0, "ADA Southbound": 0, "ADA Notes": null, "restroom_count": 1 }, "geometry": { "type": "Point", "coordinates": [ -74.001736, 40.60795399999985 ] } },
{ "type": "Feature", "properties": { "GTFS Stop ID": "B20", "Station ID": 67, "Complex ID": 67, "Division": "BMT", "Line": "West End", "Stop Name": "20 Av", "Borough": "Bk", "CBD": false, "Daytime Routes": "D", "Structure": "Elevated", "Latitude": 40.604556, "Longitude": -73.998168, "North Direction Label": "Manhattan", "South Direction Label": "Southbound", "ADA": 0, "ADA Northbound": 0, "ADA Southbound": 0, "ADA Notes": null, "restroom_count": 0 }, "geometry": { "type": "Point", "coordinates": [ -73.998168, 40.604555999999825 ] } },
{ "type": "Feature", "properties": { "GTFS Stop ID": "B21", "Station ID": 68, "Complex ID": 68, "Division": "BMT", "Line": "West End", "Stop Name": "Bay Pkwy", "Borough": "Bk", "CBD": false, "Daytime Routes": "D", "Structure": "Elevated", "Latitude": 40.601875, "Longitude": -73.993728, "North Direction Label": "Manhattan", "South Direction Label": "Southbound", "ADA": 1, "ADA Northbound": 1, "ADA Southbound": 1, "ADA Notes": null, "restroom_count": 0 }, "geometry": { "type": "Point", "coordinates": [ -73.993728, 40.601874999999843 ] } },
{ "type": "Feature", "properties": { "GTFS Stop ID": "B22", "Station ID": 69, "Complex ID": 69, "Division": "BMT", "Line": "West End", "Stop Name": "25 Av", "Borough": "Bk", "CBD": false, "Daytime Routes": "D", "Structure": "Elevated", "Latitude": 40.597704, "Longitude": -73.986829, "North Direction Label": "Manhattan", "South Direction Label": "Coney Island", "ADA": 0, "ADA Northbound": 0, "ADA Southbound": 0, "ADA Notes": null, "restroom_count": 0 }, "geometry": { "type": "Point", "coordinates": [ -73.986829, 40.59770399999983 ] } },
{ "type": "Feature", "properties": { "GTFS Stop ID": "B23", "Station ID": 70, "Complex ID": 70, "Division": "BMT", "Line": "West End", "Stop Name": "Bay 50 St", "Borough": "Bk", "CBD": false, "Daytime Routes": "D", "Structure": "Elevated", "Latitude": 40.588841, "Longitude": -73.983765, "North Direction Label": "Manhattan", "South Direction Label": "Coney Island", "ADA": 0, "ADA Northbound": 0, "ADA Southbound": 0, "ADA Notes": null, "restroom_count": 0 }, "geometry": { "type": "Point", "coordinates": [ -73.983765, 40.588840999999839 ] } },
{ "type": "Feature", "properties": { "GTFS Stop ID": "N02", "Station ID": 71, "Complex ID": 71, "Division": "BMT", "Line": "Sea Beach", "Stop Name": "8 Av", "Borough": "Bk", "CBD": false, "Daytime Routes": "N", "Structure": "Open Cut", "Latitude": 40.635064, "Longitude": -74.011719, "North Direction Label": "Manhattan", "South Direction Label": "Coney Island", "ADA": 1, "ADA Northbound": 1, "ADA Southbound": 1, "ADA Notes": null, "restroom_count": 0 }, "geometry": { "type": "Point", "coordinates": [ -74.011719, 40.635063999999829 ] } },
{ "type": "Feature", "properties": { "GTFS Stop ID": "N03", "Station ID": 72, "Complex ID": 72, "Division": "BMT", "Line": "Sea Beach", "Stop Name": "Fort Hamilton Pkwy", "Borough": "Bk", "CBD": false, "Daytime Routes": "N", "Structure": "Open Cut", "Latitude": 40.631386, "Longitude": -74.005351, "North Direction Label": "Manhattan", "South Direction Label": "Coney Island", "ADA": 0, "ADA Northbound": 0, "ADA Southbound": 0, "ADA Notes": null, "restroom_count": 0 }, "geometry": { "type": "Point", "coordinates": [ -74.005351, 40.631385999999843 ] } },
{ "type": "Feature", "properties": { "GTFS Stop ID": "N04", "Station ID": 73, "Complex ID": 615, "Division": "BMT", "Line": "Sea Beach", "Stop Name": "New Utrecht Av", "Borough": "Bk", "CBD": false, "Daytime Routes": "N", "Structure": "Open Cut", "Latitude": 40.624842, "Longitude": -73.996353, "North Direction Label": "Manhattan", "South Direction Label": "Coney Island", "ADA": 1, "ADA Northbound": 1, "ADA Southbound": 1, "ADA Notes": null, "restroom_count": 0 }, "geometry": { "type": "Point", "coordinates": [ -73.996353, 40.624841999999838 ] } },
{ "type": "Feature", "properties": { "GTFS Stop ID": "N05", "Station ID": 74, "Complex ID": 74, "Division": "BMT", "Line": "Sea Beach", "Stop Name": "18 Av", "Borough": "Bk", "CBD": false, "Daytime Routes": "N", "Structure": "Open Cut", "Latitude": 40.620671, "Longitude": -73.990414, "North Direction Label": "Manhattan", "South Direction Label": "Coney Island", "ADA": 0, "ADA Northbound": 0, "ADA Southbound": 0, "ADA Notes": null, "restroom_count": 0 }, "geometry": { "type": "Point", "coordinates": [ -73.990414, 40.620670999999838 ] } },
{ "type": "Feature", "properties": { "GTFS Stop ID": "N06", "Station ID": 75, "Complex ID": 75, "Division": "BMT", "Line": "Sea Beach", "Stop Name": "20 Av", "Borough": "Bk", "CBD": false, "Daytime Routes": "N", "Structure": "Open Cut", "Latitude": 40.61741, "Longitude": -73.985026, "North Direction Label": "Manhattan", "South Direction Label": "Coney Island", "ADA": 0, "ADA Northbound": 0, "ADA Southbound": 0, "ADA Notes": null, "restroom_count": 0 }, "geometry": { "type": "Point", "coordinates": [ -73.985026, 40.617409999999836 ] } },
{ "type": "Feature", "properties": { "GTFS Stop ID": "N07", "Station ID": 76, "Complex ID": 76, "Division": "BMT", "Line": "Sea Beach", "Stop Name": "Bay Pkwy", "Borough": "Bk", "CBD": false, "Daytime Routes": "N", "Structure": "Open Cut", "Latitude": 40.611815, "Longitude": -73.981848, "North Direction Label": "Manhattan", "South Direction Label": "Coney Island", "ADA": 0, "ADA Northbound": 0, "ADA Southbound": 0, "ADA Notes": null, "restroom_count": 0 }, "geometry": { "type": "Point", "coordinates": [ -73.981848, 40.611814999999829 ] } },
{ "type": "Feature", "properties": { "GTFS Stop ID": "N08", "Station ID": 77, "Complex ID": 77, "Division": "BMT", "Line": "Sea Beach", "Stop Name": "Kings Hwy", "Borough": "Bk", "CBD": false, "Daytime Routes": "N", "Structure": "Open Cut", "Latitude": 40.603923, "Longitude": -73.980353, "North Direction Label": "Manhattan", "South Direction Label": "Coney Island", "ADA": 0, "ADA Northbound": 0, "ADA Southbound": 0, "ADA Notes": null, "restroom_count": 0 }, "geometry": { "type": "Point", "coordinates": [ -73.980353, 40.603922999999838 ] } },
{ "type": "Feature", "properties": { "GTFS Stop ID": "N09", "Station ID": 78, "Complex ID": 78, "Division": "BMT", "Line": "Sea Beach", "Stop Name": "Avenue U", "Borough": "Bk", "CBD": false, "Daytime Routes": "N", "Structure": "Open Cut", "Latitude": 40.597473, "Longitude": -73.979137, "North Direction Label": "Manhattan", "South Direction Label": "Coney Island", "ADA": 0, "ADA Northbound": 0, "ADA Southbound": 0, "ADA Notes": null, "restroom_count": 0 }, "geometry": { "type": "Point", "coordinates": [ -73.979137, 40.597472999999852 ] } },
{ "type": "Feature", "properties": { "GTFS Stop ID": "N10", "Station ID": 79, "Complex ID": 79, "Division": "BMT", "Line": "Sea Beach", "Stop Name": "86 St", "Borough": "Bk", "CBD": false, "Daytime Routes": "N", "Structure": "Open Cut", "Latitude": 40.592721, "Longitude": -73.97823, "North Direction Label": "Manhattan", "South Direction Label": "Coney Island", "ADA": 0, "ADA Northbound": 0, "ADA Southbound": 0, "ADA Notes": null, "restroom_count": 0 }, "geometry": { "type": "Point", "coordinates": [ -73.97823, 40.592720999999834 ] } },
{ "type": "Feature", "properties": { "GTFS Stop ID": "J12", "Station ID": 80, "Complex ID": 80, "Division": "BMT", "Line": "Jamaica", "Stop Name": "121 St", "Borough": "Q", "CBD": false, "Daytime Routes": "J Z", "Structure": "Elevated", "Latitude": 40.700492, "Longitude": -73.828294, "North Direction Label": "Jamaica", "South Direction Label": "Manhattan", "ADA": 0, "ADA Northbound": 0, "ADA Southbound": 0, "ADA Notes": null, "restroom_count": 0 }, "geometry": { "type": "Point", "coordinates": [ -73.828294, 40.700491999999841 ] } },
{ "type": "Feature", "properties": { "GTFS Stop ID": "J13", "Station ID": 81, "Complex ID": 81, "Division": "BMT", "Line": "Jamaica", "Stop Name": "111 St", "Borough": "Q", "CBD": false, "Daytime Routes": "J", "Structure": "Elevated", "Latitude": 40.697418, "Longitude": -73.836345, "North Direction Label": "Jamaica", "South Direction Label": "Manhattan", "ADA": 0, "ADA Northbound": 0, "ADA Southbound": 0, "ADA Notes": null, "restroom_count": 0 }, "geometry": { "type": "Point", "coordinates": [ -73.836345, 40.697417999999843 ] } },
{ "type": "Feature", "properties": { "GTFS Stop ID": "J14", "Station ID": 82, "Complex ID": 82, "Division": "BMT", "Line": "Jamaica", "Stop Name": "104 St", "Borough": "Q", "CBD": false, "Daytime Routes": "J Z", "Structure": "Elevated", "Latitude": 40.695178, "Longitude": -73.84433, "North Direction Label": "Jamaica", "South Direction Label": "Manhattan", "ADA": 0, "ADA Northbound": 0, "ADA Southbound": 0, "ADA Notes": null, "restroom_count": 0 }, "geometry": { "type": "Point", "coordinates": [ -73.84433, 40.695177999999842 ] } },
{ "type": "Feature", "properties": { "GTFS Stop ID": "J15", "Station ID": 83, "Complex ID": 83, "Division": "BMT", "Line": "Jamaica", "Stop Name": "Woodhaven Blvd", "Borough": "Q", "CBD": false, "Daytime Routes": "J Z", "Structure": "Elevated", "Latitude": 40.693879, "Longitude": -73.851576, "North Direction Label": "Jamaica", "South Direction Label": "Manhattan", "ADA": 1, "ADA Northbound": 1, "ADA Southbound": 1, "ADA Notes": null, "restroom_count": 0 }, "geometry": { "type": "Point", "coordinates": [ -73.851576, 40.693878999999832 ] } },
{ "type": "Feature", "properties": { "GTFS Stop ID": "J16", "Station ID": 84, "Complex ID": 84, "Division": "BMT", "Line": "Jamaica", "Stop Name": "85 St-Forest Pkwy", "Borough": "Q", "CBD": false, "Daytime Routes": "J", "Structure": "Elevated", "Latitude": 40.692435, "Longitude": -73.86001, "North Direction Label": "Jamaica", "South Direction Label": "Manhattan", "ADA": 0, "ADA Northbound": 0, "ADA Southbound": 0, "ADA Notes": null, "restroom_count": 0 }, "geometry": { "type": "Point", "coordinates": [ -73.86001, 40.692434999999861 ] } },
{ "type": "Feature", "properties": { "GTFS Stop ID": "J17", "Station ID": 85, "Complex ID": 85, "Division": "BMT", "Line": "Jamaica", "Stop Name": "75 St-Elderts Ln", "Borough": "Q", "CBD": false, "Daytime Routes": "J Z", "Structure": "Elevated", "Latitude": 40.691324, "Longitude": -73.867139, "North Direction Label": "Jamaica", "South Direction Label": "Manhattan", "ADA": 0, "ADA Northbound": 0, "ADA Southbound": 0, "ADA Notes": null, "restroom_count": 0 }, "geometry": { "type": "Point", "coordinates": [ -73.867139, 40.691323999999838 ] } },
{ "type": "Feature", "properties": { "GTFS Stop ID": "J19", "Station ID": 86, "Complex ID": 86, "Division": "BMT", "Line": "Jamaica", "Stop Name": "Cypress Hills", "Borough": "Bk", "CBD": false, "Daytime Routes": "J", "Structure": "Elevated", "Latitude": 40.689941, "Longitude": -73.87255, "North Direction Label": "Queens", "South Direction Label": "Manhattan", "ADA": 0, "ADA Northbound": 0, "ADA Southbound": 0, "ADA Notes": null, "restroom_count": 0 }, "geometry": { "type": "Point", "coordinates": [ -73.87255, 40.689940999999834 ] } },
{ "type": "Feature", "properties": { "GTFS Stop ID": "J20", "Station ID": 87, "Complex ID": 87, "Division": "BMT", "Line": "Jamaica", "Stop Name": "Crescent St", "Borough": "Bk", "CBD": false, "Daytime Routes": "J Z", "Structure": "Elevated", "Latitude": 40.683194, "Longitude": -73.873785, "North Direction Label": "Outbound", "South Direction Label": "Manhattan", "ADA": 0, "ADA Northbound": 0, "ADA Southbound": 0, "ADA Notes": null, "restroom_count": 0 }, "geometry": { "type": "Point", "coordinates": [ -73.873785, 40.683193999999844 ] } },
{ "type": "Feature", "properties": { "GTFS Stop ID": "J21", "Station ID": 88, "Complex ID": 88, "Division": "BMT", "Line": "Jamaica", "Stop Name": "Norwood Av", "Borough": "Bk", "CBD": false, "Daytime Routes": "J Z", "Structure": "Elevated", "Latitude": 40.68141, "Longitude": -73.880039, "North Direction Label": "Outbound", "South Direction Label": "Manhattan", "ADA": 0, "ADA Northbound": 0, "ADA Southbound": 0, "ADA Notes": null, "restroom_count": 0 }, "geometry": { "type": "Point", "coordinates": [ -73.880039, 40.681409999999843 ] } },
{ "type": "Feature", "properties": { "GTFS Stop ID": "J22", "Station ID": 89, "Complex ID": 89, "Division": "BMT", "Line": "Jamaica", "Stop Name": "Cleveland St", "Borough": "Bk", "CBD": false, "Daytime Routes": "J", "Structure": "Elevated", "Latitude": 40.679947, "Longitude": -73.884639, "North Direction Label": "Outbound", "South Direction Label": "Manhattan", "ADA": 0, "ADA Northbound": 0, "ADA Southbound": 0, "ADA Notes": null, "restroom_count": 1 }, "geometry": { "type": "Point", "coordinates": [ -73.884639, 40.679946999999828 ] } },
{ "type": "Feature", "properties": { "GTFS Stop ID": "J23", "Station ID": 90, "Complex ID": 90, "Division": "BMT", "Line": "Jamaica", "Stop Name": "Van Siclen Av", "Borough": "Bk", "CBD": false, "Daytime Routes": "J Z", "Structure": "Elevated", "Latitude": 40.678024, "Longitude": -73.891688, "North Direction Label": "Outbound", "South Direction Label": "Manhattan", "ADA": 0, "ADA Northbound": 0, "ADA Southbound": 0, "ADA Notes": null, "restroom_count": 0 }, "geometry": { "type": "Point", "coordinates": [ -73.891688, 40.67802399999983 ] } },
{ "type": "Feature", "properties": { "GTFS Stop ID": "J24", "Station ID": 91, "Complex ID": 91, "Division": "BMT", "Line": "Jamaica", "Stop Name": "Alabama Av", "Borough": "Bk", "CBD": false, "Daytime Routes": "J Z", "Structure": "Elevated", "Latitude": 40.676992, "Longitude": -73.898654, "North Direction Label": "Outbound", "South Direction Label": "Manhattan", "ADA": 0, "ADA Northbound": 0, "ADA Southbound": 0, "ADA Notes": null, "restroom_count": 0 }, "geometry": { "type": "Point", "coordinates": [ -73.898654, 40.676991999999828 ] } },
{ "type": "Feature", "properties": { "GTFS Stop ID": "J27", "Station ID": 92, "Complex ID": 621, "Division": "BMT", "Line": "Jamaica", "Stop Name": "Broadway Junction", "Borough": "Bk", "CBD": false, "Daytime Routes": "J Z", "Structure": "Elevated", "Latitude": 40.679498, "Longitude": -73.904512, "North Direction Label": "Outbound", "South Direction Label": "Manhattan", "ADA": 0, "ADA Northbound": 0, "ADA Southbound": 0, "ADA Notes": null, "restroom_count": 0 }, "geometry": { "type": "Point", "coordinates": [ -73.904512, 40.679497999999846 ] } },
{ "type": "Feature", "properties": { "GTFS Stop ID": "J28", "Station ID": 93, "Complex ID": 93, "Division": "BMT", "Line": "Jamaica", "Stop Name": "Chauncey St", "Borough": "Bk", "CBD": false, "Daytime Routes": "J Z", "Structure": "Elevated", "Latitude": 40.682893, "Longitude": -73.910456, "North Direction Label": "Outbound", "South Direction Label": "Manhattan", "ADA": 0, "ADA Northbound": 0, "ADA Southbound": 0, "ADA Notes": null, "restroom_count": 0 }, "geometry": { "type": "Point", "coordinates": [ -73.910456, 40.682892999999851 ] } },
{ "type": "Feature", "properties": { "GTFS Stop ID": "J29", "Station ID": 94, "Complex ID": 94, "Division": "BMT", "Line": "Jamaica", "Stop Name": "Halsey St", "Borough": "Bk", "CBD": false, "Daytime Routes": "J", "Structure": "Elevated", "Latitude": 40.68637, "Longitude": -73.916559, "North Direction Label": "Outbound", "South Direction Label": "Manhattan", "ADA": 0, "ADA Northbound": 0, "ADA Southbound": 0, "ADA Notes": null, "restroom_count": 1 }, "geometry": { "type": "Point", "coordinates": [ -73.916559, 40.68637 ] } },
{ "type": "Feature", "properties": { "GTFS Stop ID": "J30", "Station ID": 95, "Complex ID": 95, "Division": "BMT", "Line": "Jamaica", "Stop Name": "Gates Av", "Borough": "Bk", "CBD": false, "Daytime Routes": "J Z", "Structure": "Elevated", "Latitude": 40.68963, "Longitude": -73.92227, "North Direction Label": "Outbound", "South Direction Label": "Manhattan", "ADA": 0, "ADA Northbound": 0, "ADA Southbound": 0, "ADA Notes": null, "restroom_count": 0 }, "geometry": { "type": "Point", "coordinates": [ -73.92227, 40.689629999999845 ] } },
{ "type": "Feature", "properties": { "GTFS Stop ID": "J31", "Station ID": 96, "Complex ID": 96, "Division": "BMT", "Line": "Jamaica", "Stop Name": "Kosciuszko St", "Borough": "Bk", "CBD": false, "Daytime Routes": "J", "Structure": "Elevated", "Latitude": 40.693342, "Longitude": -73.928814, "North Direction Label": "Outbound", "South Direction Label": "Manhattan", "ADA": 0, "ADA Northbound": 0, "ADA Southbound": 0, "ADA Notes": null, "restroom_count": 1 }, "geometry": { "type": "Point", "coordinates": [ -73.928814, 40.693341999999838 ] } },
{ "type": "Feature", "properties": { "GTFS Stop ID": "M11", "Station ID": 97, "Complex ID": 97, "Division": "BMT", "Line": "Jamaica", "Stop Name": "Myrtle Av", "Borough": "Bk", "CBD": false, "Daytime Routes": "M J Z", "Structure": "Elevated", "Latitude": 40.697207, "Longitude": -73.935657, "North Direction Label": "Outbound", "South Direction Label": "Manhattan", "ADA": 0, "ADA Northbound": 0, "ADA Southbound": 0, "ADA Notes": null, "restroom_count": 0 }, "geometry": { "type": "Point", "coordinates": [ -73.935657, 40.69720699999985 ] } },
{ "type": "Feature", "properties": { "GTFS Stop ID": "M12", "Station ID": 98, "Complex ID": 98, "Division": "BMT", "Line": "Jamaica", "Stop Name": "Flushing Av", "Borough": "Bk", "CBD": false, "Daytime Routes": "M J", "Structure": "Elevated", "Latitude": 40.70026, "Longitude": -73.941126, "North Direction Label": "Outbound", "South Direction Label": "Manhattan", "ADA": 1, "ADA Northbound": 1, "ADA Southbound": 1, "ADA Notes": null, "restroom_count": 1 }, "geometry": { "type": "Point", "coordinates": [ -73.941126, 40.700259999999822 ] } },
{ "type": "Feature", "properties": { "GTFS Stop ID": "M13", "Station ID": 99, "Complex ID": 99, "Division": "BMT", "Line": "Jamaica", "Stop Name": "Lorimer St", "Borough": "Bk", "CBD": false, "Daytime Routes": "M J", "Structure": "Elevated", "Latitude": 40.703869, "Longitude": -73.947408, "North Direction Label": "Outbound", "South Direction Label": "Manhattan", "ADA": 0, "ADA Northbound": 0, "ADA Southbound": 0, "ADA Notes": null, "restroom_count": 1 }, "geometry": { "type": "Point", "coordinates": [ -73.947408, 40.703868999999841 ] } },
{ "type": "Feature", "properties": { "GTFS Stop ID": "M14", "Station ID": 100, "Complex ID": 100, "Division": "BMT", "Line": "Jamaica", "Stop Name": "Hewes St", "Borough": "Bk", "CBD": false, "Daytime Routes": "M J", "Structure": "Elevated", "Latitude": 40.70687, "Longitude": -73.953431, "North Direction Label": "Outbound", "South Direction Label": "Manhattan", "ADA": 0, "ADA Northbound": 0, "ADA Southbound": 0, "ADA Notes": null, "restroom_count": 0 }, "geometry": { "type": "Point", "coordinates": [ -73.953431, 40.706869999999839 ] } },
{ "type": "Feature", "properties": { "GTFS Stop ID": "M16", "Station ID": 101, "Complex ID": 101, "Division": "BMT", "Line": "Jamaica", "Stop Name": "Marcy Av", "Borough": "Bk", "CBD": false, "Daytime Routes": "M J Z", "Structure": "Elevated", "Latitude": 40.708359, "Longitude": -73.957757, "North Direction Label": "Outbound", "South Direction Label": "Manhattan", "ADA": 1, "ADA Northbound": 1, "ADA Southbound": 1, "ADA Notes": null, "restroom_count": 2 }, "geometry": { "type": "Point", "coordinates": [ -73.957757, 40.708358999999831 ] } },
{ "type": "Feature", "properties": { "GTFS Stop ID": "M18", "Station ID": 102, "Complex ID": 625, "Division": "BMT", "Line": "Jamaica", "Stop Name": "Delancey St-Essex St", "Borough": "M", "CBD": true, "Daytime Routes": "M J Z", "Structure": "Subway", "Latitude": 40.718315, "Longitude": -73.987437, "North Direction Label": "Brooklyn", "South Direction Label": "Inbound", "ADA": 0, "ADA Northbound": 0, "ADA Southbound": 0, "ADA Notes": null, "restroom_count": 0 }, "geometry": { "type": "Point", "coordinates": [ -73.987437, 40.718314999999841 ] } },
{ "type": "Feature", "properties": { "GTFS Stop ID": "M19", "Station ID": 103, "Complex ID": 103, "Division": "BMT", "Line": "Jamaica", "Stop Name": "Bowery", "Borough": "M", "CBD": true, "Daytime Routes": "J Z", "Structure": "Subway", "Latitude": 40.72028, "Longitude": -73.993915, "North Direction Label": "Brooklyn", "South Direction Label": "Downtown", "ADA": 0, "ADA Northbound": 0, "ADA Southbound": 0, "ADA Notes": null, "restroom_count": 1 }, "geometry": { "type": "Point", "coordinates": [ -73.993915, 40.720279999999846 ] } },
{ "type": "Feature", "properties": { "GTFS Stop ID": "M20", "Station ID": 104, "Complex ID": 623, "Division": "BMT", "Line": "Jamaica", "Stop Name": "Canal St", "Borough": "M", "CBD": true, "Daytime Routes": "J Z", "Structure": "Subway", "Latitude": 40.718092, "Longitude": -73.999892, "North Direction Label": "Brooklyn", "South Direction Label": "Downtown", "ADA": 0, "ADA Northbound": 0, "ADA Southbound": 0, "ADA Notes": null, "restroom_count": 0 }, "geometry": { "type": "Point", "coordinates": [ -73.999892, 40.718091999999842 ] } },
{ "type": "Feature", "properties": { "GTFS Stop ID": "M21", "Station ID": 105, "Complex ID": 622, "Division": "BMT", "Line": "Jamaica", "Stop Name": "Chambers St", "Borough": "M", "CBD": true, "Daytime Routes": "J Z", "Structure": "Subway", "Latitude": 40.713243, "Longitude": -74.003401, "North Direction Label": "Brooklyn", "South Direction Label": "Downtown", "ADA": 1, "ADA Northbound": 1, "ADA Southbound": 1, "ADA Notes": null, "restroom_count": 0 }, "geometry": { "type": "Point", "coordinates": [ -74.003401, 40.713242999999842 ] } },
{ "type": "Feature", "properties": { "GTFS Stop ID": "M22", "Station ID": 106, "Complex ID": 628, "Division": "BMT", "Line": "Jamaica", "Stop Name": "Fulton St", "Borough": "M", "CBD": true, "Daytime Routes": "J Z", "Structure": "Subway", "Latitude": 40.710374, "Longitude": -74.007582, "North Direction Label": "Brooklyn", "South Direction Label": "Downtown", "ADA": 1, "ADA Northbound": 1, "ADA Southbound": 1, "ADA Notes": null, "restroom_count": 0 }, "geometry": { "type": "Point", "coordinates": [ -74.007582, 40.710373999999838 ] } },
{ "type": "Feature", "properties": { "GTFS Stop ID": "M23", "Station ID": 107, "Complex ID": 107, "Division": "BMT", "Line": "Jamaica", "Stop Name": "Broad St", "Borough": "M", "CBD": true, "Daytime Routes": "J Z", "Structure": "Subway", "Latitude": 40.706476, "Longitude": -74.011056, "North Direction Label": "Brooklyn", "South Direction Label": "Last Stop", "ADA": 0, "ADA Northbound": 0, "ADA Southbound": 0, "ADA Notes": null, "restroom_count": 0 }, "geometry": { "type": "Point", "coordinates": [ -74.011056, 40.706475999999846 ] } },
{ "type": "Feature", "properties": { "GTFS Stop ID": "M01", "Station ID": 108, "Complex ID": 108, "Division": "BMT", "Line": "Myrtle Av", "Stop Name": "Middle Village-Metropolitan Av", "Borough": "Q", "CBD": false, "Daytime Routes": "M", "Structure": "Elevated", "Latitude": 40.711396, "Longitude": -73.889601, "North Direction Label": "Inbound", "South Direction Label": "Last Stop", "ADA": 1, "ADA Northbound": 1, "ADA Southbound": 1, "ADA Notes": null, "restroom_count": 0 }, "geometry": { "type": "Point", "coordinates": [ -73.889601, 40.71139599999983 ] } },
{ "type": "Feature", "properties": { "GTFS Stop ID": "M04", "Station ID": 109, "Complex ID": 109, "Division": "BMT", "Line": "Myrtle Av", "Stop Name": "Fresh Pond Rd", "Borough": "Q", "CBD": false, "Daytime Routes": "M", "Structure": "Elevated", "Latitude": 40.706186, "Longitude": -73.895877, "North Direction Label": "Inbound", "South Direction Label": "Middle Village", "ADA": 0, "ADA Northbound": 0, "ADA Southbound": 0, "ADA Notes": null, "restroom_count": 0 }, "geometry": { "type": "Point", "coordinates": [ -73.895877, 40.706185999999846 ] } },
{ "type": "Feature", "properties": { "GTFS Stop ID": "M05", "Station ID": 110, "Complex ID": 110, "Division": "BMT", "Line": "Myrtle Av", "Stop Name": "Forest Av", "Borough": "Q", "CBD": false, "Daytime Routes": "M", "Structure": "Elevated", "Latitude": 40.704423, "Longitude": -73.903077, "North Direction Label": "Inbound", "South Direction Label": "Middle Village", "ADA": 0, "ADA Northbound": 0, "ADA Southbound": 0, "ADA Notes": null, "restroom_count": 1 }, "geometry": { "type": "Point", "coordinates": [ -73.903077, 40.704422999999849 ] } },
{ "type": "Feature", "properties": { "GTFS Stop ID": "M06", "Station ID": 111, "Complex ID": 111, "Division": "BMT", "Line": "Myrtle Av", "Stop Name": "Seneca Av", "Borough": "Q", "CBD": false, "Daytime Routes": "M", "Structure": "Elevated", "Latitude": 40.702762, "Longitude": -73.90774, "North Direction Label": "Inbound", "South Direction Label": "Middle Village", "ADA": 0, "ADA Northbound": 0, "ADA Southbound": 0, "ADA Notes": null, "restroom_count": 0 }, "geometry": { "type": "Point", "coordinates": [ -73.90774, 40.702761999999822 ] } },
{ "type": "Feature", "properties": { "GTFS Stop ID": "M08", "Station ID": 112, "Complex ID": 630, "Division": "BMT", "Line": "Myrtle Av", "Stop Name": "Myrtle-Wyckoff Avs", "Borough": "Bk", "CBD": false, "Daytime Routes": "M", "Structure": "Elevated", "Latitude": 40.69943, "Longitude": -73.912385, "North Direction Label": "Inbound", "South Direction Label": "Middle Village", "ADA": 1, "ADA Northbound": 1, "ADA Southbound": 1, "ADA Notes": null, "restroom_count": 0 }, "geometry": { "type": "Point", "coordinates": [ -73.912385, 40.699429999999836 ] } },
{ "type": "Feature", "properties": { "GTFS Stop ID": "M09", "Station ID": 113, "Complex ID": 113, "Division": "BMT", "Line": "Myrtle Av", "Stop Name": "Knickerbocker Av", "Borough": "Bk", "CBD": false, "Daytime Routes": "M", "Structure": "Elevated", "Latitude": 40.698664, "Longitude": -73.919711, "North Direction Label": "Inbound", "South Direction Label": "Middle Village", "ADA": 0, "ADA Northbound": 0, "ADA Southbound": 0, "ADA Notes": null, "restroom_count": 0 }, "geometry": { "type": "Point", "coordinates": [ -73.919711, 40.698663999999845 ] } },
{ "type": "Feature", "properties": { "GTFS Stop ID": "M10", "Station ID": 114, "Complex ID": 114, "Division": "BMT", "Line": "Myrtle Av", "Stop Name": "Central Av", "Borough": "Bk", "CBD": false, "Daytime Routes": "M", "Structure": "Elevated", "Latitude": 40.697857, "Longitude": -73.927397, "North Direction Label": "Inbound", "South Direction Label": "Middle Village", "ADA": 0, "ADA Northbound": 0, "ADA Southbound": 0, "ADA Notes": null, "restroom_count": 0 }, "geometry": { "type": "Point", "coordinates": [ -73.927397, 40.697856999999843 ] } },
{ "type": "Feature", "properties": { "GTFS Stop ID": "L01", "Station ID": 115, "Complex ID": 618, "Division": "BMT", "Line": "Canarsie", "Stop Name": "8 Av", "Borough": "M", "CBD": true, "Daytime Routes": "L", "Structure": "Subway", "Latitude": 40.739777, "Longitude": -74.002578, "North Direction Label": "Last Stop", "South Direction Label": "Brooklyn", "ADA": 1, "ADA Northbound": 1, "ADA Southbound": 1, "ADA Notes": null, "restroom_count": 1 }, "geometry": { "type": "Point", "coordinates": [ -74.002578, 40.739776999999847 ] } },
{ "type": "Feature", "properties": { "GTFS Stop ID": "L02", "Station ID": 116, "Complex ID": 601, "Division": "BMT", "Line": "Canarsie", "Stop Name": "6 Av", "Borough": "M", "CBD": true, "Daytime Routes": "L", "Structure": "Subway", "Latitude": 40.737335, "Longitude": -73.996786, "North Direction Label": "West Side", "South Direction Label": "Brooklyn", "ADA": 1, "ADA Northbound": 1, "ADA Southbound": 1, "ADA Notes": null, "restroom_count": 0 }, "geometry": { "type": "Point", "coordinates": [ -73.996786, 40.737334999999845 ] } },
{ "type": "Feature", "properties": { "GTFS Stop ID": "L03", "Station ID": 117, "Complex ID": 602, "Division": "BMT", "Line": "Canarsie", "Stop Name": "14 St-Union Sq", "Borough": "M", "CBD": true, "Daytime Routes": "L", "Structure": "Subway", "Latitude": 40.734789, "Longitude": -73.99073, "North Direction Label": "West Side", "South Direction Label": "Brooklyn", "ADA": 1, "ADA Northbound": 1, "ADA Southbound": 1, "ADA Notes": null, "restroom_count": 1 }, "geometry": { "type": "Point", "coordinates": [ -73.99073, 40.734788999999829 ] } },
{ "type": "Feature", "properties": { "GTFS Stop ID": "L05", "Station ID": 118, "Complex ID": 118, "Division": "BMT", "Line": "Canarsie", "Stop Name": "3 Av", "Borough": "M", "CBD": true, "Daytime Routes": "L", "Structure": "Subway", "Latitude": 40.732849, "Longitude": -73.986122, "North Direction Label": "West Side", "South Direction Label": "Brooklyn", "ADA": 0, "ADA Northbound": 0, "ADA Southbound": 0, "ADA Notes": null, "restroom_count": 0 }, "geometry": { "type": "Point", "coordinates": [ -73.986122, 40.732848999999852 ] } },
{ "type": "Feature", "properties": { "GTFS Stop ID": "L06", "Station ID": 119, "Complex ID": 119, "Division": "BMT", "Line": "Canarsie", "Stop Name": "1 Av", "Borough": "M", "CBD": true, "Daytime Routes": "L", "Structure": "Subway", "Latitude": 40.730953, "Longitude": -73.981628, "North Direction Label": "West Side", "South Direction Label": "Brooklyn", "ADA": 1, "ADA Northbound": 1, "ADA Southbound": 1, "ADA Notes": null, "restroom_count": 0 }, "geometry": { "type": "Point", "coordinates": [ -73.981628, 40.730952999999836 ] } },
{ "type": "Feature", "properties": { "GTFS Stop ID": "L08", "Station ID": 120, "Complex ID": 120, "Division": "BMT", "Line": "Canarsie", "Stop Name": "Bedford Av", "Borough": "Bk", "CBD": false, "Daytime Routes": "L", "Structure": "Subway", "Latitude": 40.717304, "Longitude": -73.956872, "North Direction Label": "Manhattan", "South Direction Label": "Outbound", "ADA": 1, "ADA Northbound": 1, "ADA Southbound": 1, "ADA Notes": null, "restroom_count": 0 }, "geometry": { "type": "Point", "coordinates": [ -73.956872, 40.717303999999835 ] } },
{ "type": "Feature", "properties": { "GTFS Stop ID": "L10", "Station ID": 121, "Complex ID": 629, "Division": "BMT", "Line": "Canarsie", "Stop Name": "Lorimer St", "Borough": "Bk", "CBD": false, "Daytime Routes": "L", "Structure": "Subway", "Latitude": 40.714063, "Longitude": -73.950275, "North Direction Label": "Manhattan", "South Direction Label": "Outbound", "ADA": 1, "ADA Northbound": 1, "ADA Southbound": 1, "ADA Notes": null, "restroom_count": 0 }, "geometry": { "type": "Point", "coordinates": [ -73.950275, 40.71406299999984 ] } },
{ "type": "Feature", "properties": { "GTFS Stop ID": "L11", "Station ID": 122, "Complex ID": 122, "Division": "BMT", "Line": "Canarsie", "Stop Name": "Graham Av", "Borough": "Bk", "CBD": false, "Daytime Routes": "L", "Structure": "Subway", "Latitude": 40.714565, "Longitude": -73.944053, "North Direction Label": "Manhattan", "South Direction Label": "Outbound", "ADA": 0, "ADA Northbound": 0, "ADA Southbound": 0, "ADA Notes": null, "restroom_count": 0 }, "geometry": { "type": "Point", "coordinates": [ -73.944053, 40.714564999999851 ] } },
{ "type": "Feature", "properties": { "GTFS Stop ID": "L12", "Station ID": 123, "Complex ID": 123, "Division": "BMT", "Line": "Canarsie", "Stop Name": "Grand St", "Borough": "Bk", "CBD": false, "Daytime Routes": "L", "Structure": "Subway", "Latitude": 40.711926, "Longitude": -73.94067, "North Direction Label": "Manhattan", "South Direction Label": "Outbound", "ADA": 1, "ADA Northbound": 1, "ADA Southbound": 1, "ADA Notes": null, "restroom_count": 0 }, "geometry": { "type": "Point", "coordinates": [ -73.94067, 40.711925999999856 ] } },
{ "type": "Feature", "properties": { "GTFS Stop ID": "L13", "Station ID": 124, "Complex ID": 124, "Division": "BMT", "Line": "Canarsie", "Stop Name": "Montrose Av", "Borough": "Bk", "CBD": false, "Daytime Routes": "L", "Structure": "Subway", "Latitude": 40.707739, "Longitude": -73.93985, "North Direction Label": "Manhattan", "South Direction Label": "Outbound", "ADA": 0, "ADA Northbound": 0, "ADA Southbound": 0, "ADA Notes": null, "restroom_count": 1 }, "geometry": { "type": "Point", "coordinates": [ -73.93985, 40.707738999999847 ] } },
{ "type": "Feature", "properties": { "GTFS Stop ID": "L14", "Station ID": 125, "Complex ID": 125, "Division": "BMT", "Line": "Canarsie", "Stop Name": "Morgan Av", "Borough": "Bk", "CBD": false, "Daytime Routes": "L", "Structure": "Subway", "Latitude": 40.706152, "Longitude": -73.933147, "North Direction Label": "Manhattan", "South Direction Label": "Outbound", "ADA": 0, "ADA Northbound": 0, "ADA Southbound": 0, "ADA Notes": null, "restroom_count": 0 }, "geometry": { "type": "Point", "coordinates": [ -73.933147, 40.706151999999832 ] } },
{ "type": "Feature", "properties": { "GTFS Stop ID": "L15", "Station ID": 126, "Complex ID": 126, "Division": "BMT", "Line": "Canarsie", "Stop Name": "Jefferson St", "Borough": "Bk", "CBD": false, "Daytime Routes": "L", "Structure": "Subway", "Latitude": 40.706607, "Longitude": -73.922913, "North Direction Label": "Manhattan", "South Direction Label": "Outbound", "ADA": 0, "ADA Northbound": 0, "ADA Southbound": 0, "ADA Notes": null, "restroom_count": 0 }, "geometry": { "type": "Point", "coordinates": [ -73.922913, 40.706606999999842 ] } },
{ "type": "Feature", "properties": { "GTFS Stop ID": "L16", "Station ID": 127, "Complex ID": 127, "Division": "BMT", "Line": "Canarsie", "Stop Name": "DeKalb Av", "Borough": "Bk", "CBD": false, "Daytime Routes": "L", "Structure": "Subway", "Latitude": 40.703811, "Longitude": -73.918425, "North Direction Label": "Manhattan", "South Direction Label": "Outbound", "ADA": 0, "ADA Northbound": 0, "ADA Southbound": 0, "ADA Notes": null, "restroom_count": 0 }, "geometry": { "type": "Point", "coordinates": [ -73.918425, 40.703810999999831 ] } },
{ "type": "Feature", "properties": { "GTFS Stop ID": "L17", "Station ID": 128, "Complex ID": 630, "Division": "BMT", "Line": "Canarsie", "Stop Name": "Myrtle-Wyckoff Avs", "Borough": "Bk", "CBD": false, "Daytime Routes": "L", "Structure": "Subway", "Latitude": 40.699814, "Longitude": -73.911586, "North Direction Label": "Manhattan", "South Direction Label": "Outbound", "ADA": 1, "ADA Northbound": 1, "ADA Southbound": 1, "ADA Notes": null, "restroom_count": 0 }, "geometry": { "type": "Point", "coordinates": [ -73.911586, 40.69981399999984 ] } },
{ "type": "Feature", "properties": { "GTFS Stop ID": "L19", "Station ID": 129, "Complex ID": 129, "Division": "BMT", "Line": "Canarsie", "Stop Name": "Halsey St", "Borough": "Q", "CBD": false, "Daytime Routes": "L", "Structure": "Subway", "Latitude": 40.695602, "Longitude": -73.904084, "North Direction Label": "Manhattan", "South Direction Label": "Outbound", "ADA": 0, "ADA Northbound": 0, "ADA Southbound": 0, "ADA Notes": null, "restroom_count": 0 }, "geometry": { "type": "Point", "coordinates": [ -73.904084, 40.695601999999845 ] } },
{ "type": "Feature", "properties": { "GTFS Stop ID": "L20", "Station ID": 130, "Complex ID": 130, "Division": "BMT", "Line": "Canarsie", "Stop Name": "Wilson Av", "Borough": "Bk", "CBD": false, "Daytime Routes": "L", "Structure": "Subway", "Latitude": 40.688764, "Longitude": -73.904046, "North Direction Label": "Manhattan", "South Direction Label": "Outbound", "ADA": 2, "ADA Northbound": 1, "ADA Southbound": 0, "ADA Notes": "Manhattan-bound only", "restroom_count": 0 }, "geometry": { "type": "Point", "coordinates": [ -73.904046, 40.688763999999843 ] } },
{ "type": "Feature", "properties": { "GTFS Stop ID": "L21", "Station ID": 131, "Complex ID": 131, "Division": "BMT", "Line": "Canarsie", "Stop Name": "Bushwick Av-Aberdeen St", "Borough": "Bk", "CBD": false, "Daytime Routes": "L", "Structure": "Subway", "Latitude": 40.682829, "Longitude": -73.905249, "North Direction Label": "Manhattan", "South Direction Label": "Outbound", "ADA": 0, "ADA Northbound": 0, "ADA Southbound": 0, "ADA Notes": null, "restroom_count": 1 }, "geometry": { "type": "Point", "coordinates": [ -73.905249, 40.682828999999835 ] } },
{ "type": "Feature", "properties": { "GTFS Stop ID": "L22", "Station ID": 132, "Complex ID": 621, "Division": "BMT", "Line": "Canarsie", "Stop Name": "Broadway Junction", "Borough": "Bk", "CBD": false, "Daytime Routes": "L", "Structure": "Elevated", "Latitude": 40.678856, "Longitude": -73.90324, "North Direction Label": "Manhattan", "South Direction Label": "Outbound", "ADA": 0, "ADA Northbound": 0, "ADA Southbound": 0, "ADA Notes": null, "restroom_count": 0 }, "geometry": { "type": "Point", "coordinates": [ -73.90324, 40.678855999999833 ] } },
{ "type": "Feature", "properties": { "GTFS Stop ID": "L24", "Station ID": 133, "Complex ID": 133, "Division": "BMT", "Line": "Canarsie", "Stop Name": "Atlantic Av", "Borough": "Bk", "CBD": false, "Daytime Routes": "L", "Structure": "Elevated", "Latitude": 40.675345, "Longitude": -73.903097, "North Direction Label": "Manhattan", "South Direction Label": "Canarsie", "ADA": 0, "ADA Northbound": 0, "ADA Southbound": 0, "ADA Notes": null, "restroom_count": 0 }, "geometry": { "type": "Point", "coordinates": [ -73.903097, 40.675344999999837 ] } },
{ "type": "Feature", "properties": { "GTFS Stop ID": "L25", "Station ID": 134, "Complex ID": 134, "Division": "BMT", "Line": "Canarsie", "Stop Name": "Sutter Av", "Borough": "Bk", "CBD": false, "Daytime Routes": "L", "Structure": "Elevated", "Latitude": 40.669367, "Longitude": -73.901975, "North Direction Label": "Manhattan", "South Direction Label": "Canarsie", "ADA": 0, "ADA Northbound": 0, "ADA Southbound": 0, "ADA Notes": null, "restroom_count": 0 }, "geometry": { "type": "Point", "coordinates": [ -73.901975, 40.669366999999845 ] } },
{ "type": "Feature", "properties": { "GTFS Stop ID": "L26", "Station ID": 135, "Complex ID": 135, "Division": "BMT", "Line": "Canarsie", "Stop Name": "Livonia Av", "Borough": "Bk", "CBD": false, "Daytime Routes": "L", "Structure": "Elevated", "Latitude": 40.664038, "Longitude": -73.900571, "North Direction Label": "Manhattan", "South Direction Label": "Canarsie", "ADA": 1, "ADA Northbound": 1, "ADA Southbound": 1, "ADA Notes": null, "restroom_count": 0 }, "geometry": { "type": "Point", "coordinates": [ -73.900571, 40.664037999999842 ] } },
{ "type": "Feature", "properties": { "GTFS Stop ID": "L27", "Station ID": 136, "Complex ID": 136, "Division": "BMT", "Line": "Canarsie", "Stop Name": "New Lots Av", "Borough": "Bk", "CBD": false, "Daytime Routes": "L", "Structure": "Elevated", "Latitude": 40.658733, "Longitude": -73.899232, "North Direction Label": "Manhattan", "South Direction Label": "Canarsie", "ADA": 0, "ADA Northbound": 0, "ADA Southbound": 0, "ADA Notes": null, "restroom_count": 0 }, "geometry": { "type": "Point", "coordinates": [ -73.899232, 40.658732999999835 ] } },
{ "type": "Feature", "properties": { "GTFS Stop ID": "L28", "Station ID": 137, "Complex ID": 137, "Division": "BMT", "Line": "Canarsie", "Stop Name": "East 105 St", "Borough": "Bk", "CBD": false, "Daytime Routes": "L", "Structure": "At Grade", "Latitude": 40.650573, "Longitude": -73.899485, "North Direction Label": "Manhattan", "South Direction Label": "Canarsie", "ADA": 0, "ADA Northbound": 0, "ADA Southbound": 0, "ADA Notes": null, "restroom_count": 0 }, "geometry": { "type": "Point", "coordinates": [ -73.899485, 40.650572999999845 ] } },
{ "type": "Feature", "properties": { "GTFS Stop ID": "L29", "Station ID": 138, "Complex ID": 138, "Division": "BMT", "Line": "Canarsie", "Stop Name": "Canarsie-Rockaway Pkwy", "Borough": "Bk", "CBD": false, "Daytime Routes": "L", "Structure": "At Grade", "Latitude": 40.646654, "Longitude": -73.90185, "North Direction Label": "Manhattan", "South Direction Label": "Last Stop", "ADA": 1, "ADA Northbound": 1, "ADA Southbound": 1, "ADA Notes": null, "restroom_count": 1 }, "geometry": { "type": "Point", "coordinates": [ -73.90185, 40.646653999999828 ] } },
{ "type": "Feature", "properties": { "GTFS Stop ID": "S01", "Station ID": 139, "Complex ID": 627, "Division": "BMT", "Line": "Franklin Shuttle", "Stop Name": "Franklin Av", "Borough": "Bk", "CBD": false, "Daytime Routes": "S", "Structure": "Elevated", "Latitude": 40.680596, "Longitude": -73.955827, "North Direction Label": "Last Stop", "South Direction Label": "Prospect Park", "ADA": 1, "ADA Northbound": 1, "ADA Southbound": 1, "ADA Notes": null, "restroom_count": 0 }, "geometry": { "type": "Point", "coordinates": [ -73.955827, 40.680595999999852 ] } },
{ "type": "Feature", "properties": { "GTFS Stop ID": "S03", "Station ID": 141, "Complex ID": 141, "Division": "BMT", "Line": "Franklin Shuttle", "Stop Name": "Park Pl", "Borough": "Bk", "CBD": false, "Daytime Routes": "S", "Structure": "Open Cut", "Latitude": 40.674772, "Longitude": -73.957624, "North Direction Label": "Franklin Av", "South Direction Label": "Prospect Park", "ADA": 1, "ADA Northbound": 1, "ADA Southbound": 1, "ADA Notes": null, "restroom_count": 0 }, "geometry": { "type": "Point", "coordinates": [ -73.957624, 40.674771999999827 ] } },
{ "type": "Feature", "properties": { "GTFS Stop ID": "S04", "Station ID": 142, "Complex ID": 626, "Division": "BMT", "Line": "Franklin Shuttle", "Stop Name": "Botanic Garden", "Borough": "Bk", "CBD": false, "Daytime Routes": "S", "Structure": "Open Cut", "Latitude": 40.670343, "Longitude": -73.959245, "North Direction Label": "Franklin Av", "South Direction Label": "Prospect Park", "ADA": 0, "ADA Northbound": 0, "ADA Southbound": 0, "ADA Notes": null, "restroom_count": 0 }, "geometry": { "type": "Point", "coordinates": [ -73.959245, 40.670342999999839 ] } },
{ "type": "Feature", "properties": { "GTFS Stop ID": "A02", "Station ID": 143, "Complex ID": 143, "Division": "IND", "Line": "8th Av - Fulton St", "Stop Name": "Inwood-207 St", "Borough": "M", "CBD": false, "Daytime Routes": "A", "Structure": "Subway", "Latitude": 40.868072, "Longitude": -73.919899, "North Direction Label": "Last Stop", "South Direction Label": "Downtown", "ADA": 1, "ADA Northbound": 1, "ADA Southbound": 1, "ADA Notes": null, "restroom_count": 0 }, "geometry": { "type": "Point", "coordinates": [ -73.919899, 40.868071999999835 ] } },
{ "type": "Feature", "properties": { "GTFS Stop ID": "A03", "Station ID": 144, "Complex ID": 144, "Division": "IND", "Line": "8th Av - Fulton St", "Stop Name": "Dyckman St", "Borough": "M", "CBD": false, "Daytime Routes": "A", "Structure": "Subway", "Latitude": 40.865491, "Longitude": -73.927271, "North Direction Label": "Uptown", "South Direction Label": "Downtown", "ADA": 0, "ADA Northbound": 0, "ADA Southbound": 0, "ADA Notes": null, "restroom_count": 1 }, "geometry": { "type": "Point", "coordinates": [ -73.927271, 40.865490999999842 ] } },
{ "type": "Feature", "properties": { "GTFS Stop ID": "A05", "Station ID": 145, "Complex ID": 145, "Division": "IND", "Line": "8th Av - Fulton St", "Stop Name": "190 St", "Borough": "M", "CBD": false, "Daytime Routes": "A", "Structure": "Subway", "Latitude": 40.859022, "Longitude": -73.93418, "North Direction Label": "Uptown", "South Direction Label": "Downtown", "ADA": 0, "ADA Northbound": 0, "ADA Southbound": 0, "ADA Notes": null, "restroom_count": 0 }, "geometry": { "type": "Point", "coordinates": [ -73.93418, 40.859021999999825 ] } },
{ "type": "Feature", "properties": { "GTFS Stop ID": "A06", "Station ID": 146, "Complex ID": 146, "Division": "IND", "Line": "8th Av - Fulton St", "Stop Name": "181 St", "Borough": "M", "CBD": false, "Daytime Routes": "A", "Structure": "Subway", "Latitude": 40.851695, "Longitude": -73.937969, "North Direction Label": "Uptown", "South Direction Label": "Downtown", "ADA": 1, "ADA Northbound": 1, "ADA Southbound": 1, "ADA Notes": null, "restroom_count": 1 }, "geometry": { "type": "Point", "coordinates": [ -73.937969, 40.851694999999836 ] } },
{ "type": "Feature", "properties": { "GTFS Stop ID": "A07", "Station ID": 147, "Complex ID": 147, "Division": "IND", "Line": "8th Av - Fulton St", "Stop Name": "175 St", "Borough": "M", "CBD": false, "Daytime Routes": "A", "Structure": "Subway", "Latitude": 40.847391, "Longitude": -73.939704, "North Direction Label": "Uptown", "South Direction Label": "Downtown", "ADA": 1, "ADA Northbound": 1, "ADA Southbound": 1, "ADA Notes": null, "restroom_count": 1 }, "geometry": { "type": "Point", "coordinates": [ -73.939704, 40.847390999999838 ] } },
{ "type": "Feature", "properties": { "GTFS Stop ID": "A09", "Station ID": 148, "Complex ID": 605, "Division": "IND", "Line": "8th Av - Fulton St", "Stop Name": "168 St", "Borough": "M", "CBD": false, "Daytime Routes": "A C", "Structure": "Subway", "Latitude": 40.840719, "Longitude": -73.939561, "North Direction Label": "Uptown", "South Direction Label": "Downtown", "ADA": 1, "ADA Northbound": 1, "ADA Southbound": 1, "ADA Notes": null, "restroom_count": 1 }, "geometry": { "type": "Point", "coordinates": [ -73.939561, 40.840718999999851 ] } },
{ "type": "Feature", "properties": { "GTFS Stop ID": "A10", "Station ID": 149, "Complex ID": 149, "Division": "IND", "Line": "8th Av - Fulton St", "Stop Name": "163 St-Amsterdam Av", "Borough": "M", "CBD": false, "Daytime Routes": "C", "Structure": "Subway", "Latitude": 40.836013, "Longitude": -73.939892, "North Direction Label": "Uptown", "South Direction Label": "Downtown", "ADA": 0, "ADA Northbound": 0, "ADA Southbound": 0, "ADA Notes": null, "restroom_count": 1 }, "geometry": { "type": "Point", "coordinates": [ -73.939892, 40.836012999999831 ] } },
{ "type": "Feature", "properties": { "GTFS Stop ID": "A11", "Station ID": 150, "Complex ID": 150, "Division": "IND", "Line": "8th Av - Fulton St", "Stop Name": "155 St", "Borough": "M", "CBD": false, "Daytime Routes": "C", "Structure": "Subway", "Latitude": 40.830518, "Longitude": -73.941514, "North Direction Label": "Uptown", "South Direction Label": "Downtown", "ADA": 0, "ADA Northbound": 0, "ADA Southbound": 0, "ADA Notes": null, "restroom_count": 1 }, "geometry": { "type": "Point", "coordinates": [ -73.941514, 40.830517999999842 ] } },
{ "type": "Feature", "properties": { "GTFS Stop ID": "A12", "Station ID": 151, "Complex ID": 151, "Division": "IND", "Line": "8th Av - Fulton St", "Stop Name": "145 St", "Borough": "M", "CBD": false, "Daytime Routes": "A C", "Structure": "Subway", "Latitude": 40.824783, "Longitude": -73.944216, "North Direction Label": "Uptown", "South Direction Label": "Downtown", "ADA": 0, "ADA Northbound": 0, "ADA Southbound": 0, "ADA Notes": null, "restroom_count": 0 }, "geometry": { "type": "Point", "coordinates": [ -73.944216, 40.82478299999984 ] } },
{ "type": "Feature", "properties": { "GTFS Stop ID": "D13", "Station ID": 151, "Complex ID": 151, "Division": "IND", "Line": "Concourse", "Stop Name": "145 St", "Borough": "M", "CBD": false, "Daytime Routes": "B D", "Structure": "Subway", "Latitude": 40.824783, "Longitude": -73.944216, "North Direction Label": "Uptown", "South Direction Label": "Downtown", "ADA": 0, "ADA Northbound": 0, "ADA Southbound": 0, "ADA Notes": null, "restroom_count": 0 }, "geometry": { "type": "Point", "coordinates": [ -73.944216, 40.82478299999984 ] } },
{ "type": "Feature", "properties": { "GTFS Stop ID": "A14", "Station ID": 152, "Complex ID": 152, "Division": "IND", "Line": "8th Av - Fulton St", "Stop Name": "135 St", "Borough": "M", "CBD": false, "Daytime Routes": "C B", "Structure": "Subway", "Latitude": 40.817894, "Longitude": -73.947649, "North Direction Label": "Uptown", "South Direction Label": "Downtown", "ADA": 0, "ADA Northbound": 0, "ADA Southbound": 0, "ADA Notes": null, "restroom_count": 0 }, "geometry": { "type": "Point", "coordinates": [ -73.947649, 40.817893999999853 ] } },
{ "type": "Feature", "properties": { "GTFS Stop ID": "A15", "Station ID": 153, "Complex ID": 153, "Division": "IND", "Line": "8th Av - Fulton St", "Stop Name": "125 St", "Borough": "M", "CBD": false, "Daytime Routes": "A C B D", "Structure": "Subway", "Latitude": 40.811109, "Longitude": -73.952343, "North Direction Label": "Uptown", "South Direction Label": "Downtown", "ADA": 1, "ADA Northbound": 1, "ADA Southbound": 1, "ADA Notes": null, "restroom_count": 0 }, "geometry": { "type": "Point", "coordinates": [ -73.952343, 40.811108999999838 ] } },
{ "type": "Feature", "properties": { "GTFS Stop ID": "A16", "Station ID": 154, "Complex ID": 154, "Division": "IND", "Line": "8th Av - Fulton St", "Stop Name": "116 St", "Borough": "M", "CBD": false, "Daytime Routes": "C B", "Structure": "Subway", "Latitude": 40.805085, "Longitude": -73.954882, "North Direction Label": "Uptown", "South Direction Label": "Downtown", "ADA": 0, "ADA Northbound": 0, "ADA Southbound": 0, "ADA Notes": null, "restroom_count": 0 }, "geometry": { "type": "Point", "coordinates": [ -73.954882, 40.805084999999842 ] } },
{ "type": "Feature", "properties": { "GTFS Stop ID": "A17", "Station ID": 155, "Complex ID": 155, "Division": "IND", "Line": "8th Av - Fulton St", "Stop Name": "Cathedral Pkwy (110 St)", "Borough": "M", "CBD": false, "Daytime Routes": "C B", "Structure": "Subway", "Latitude": 40.800603, "Longitude": -73.958161, "North Direction Label": "Uptown", "South Direction Label": "Downtown", "ADA": 0, "ADA Northbound": 0, "ADA Southbound": 0, "ADA Notes": null, "restroom_count": 0 }, "geometry": { "type": "Point", "coordinates": [ -73.958161, 40.80060299999986 ] } },
{ "type": "Feature", "properties": { "GTFS Stop ID": "A18", "Station ID": 156, "Complex ID": 156, "Division": "IND", "Line": "8th Av - Fulton St", "Stop Name": "103 St", "Borough": "M", "CBD": false, "Daytime Routes": "C B", "Structure": "Subway", "Latitude": 40.796092, "Longitude": -73.961454, "North Direction Label": "Uptown", "South Direction Label": "Downtown", "ADA": 0, "ADA Northbound": 0, "ADA Southbound": 0, "ADA Notes": null, "restroom_count": 0 }, "geometry": { "type": "Point", "coordinates": [ -73.961454, 40.796091999999838 ] } },
{ "type": "Feature", "properties": { "GTFS Stop ID": "A19", "Station ID": 157, "Complex ID": 157, "Division": "IND", "Line": "8th Av - Fulton St", "Stop Name": "96 St", "Borough": "M", "CBD": false, "Daytime Routes": "C B", "Structure": "Subway", "Latitude": 40.791642, "Longitude": -73.964696, "North Direction Label": "Uptown", "South Direction Label": "Downtown", "ADA": 0, "ADA Northbound": 0, "ADA Southbound": 0, "ADA Notes": null, "restroom_count": 0 }, "geometry": { "type": "Point", "coordinates": [ -73.964696, 40.791641999999861 ] } },
{ "type": "Feature", "properties": { "GTFS Stop ID": "A20", "Station ID": 158, "Complex ID": 158, "Division": "IND", "Line": "8th Av - Fulton St", "Stop Name": "86 St", "Borough": "M", "CBD": false, "Daytime Routes": "C B", "Structure": "Subway", "Latitude": 40.785868, "Longitude": -73.968916, "North Direction Label": "Uptown", "South Direction Label": "Downtown", "ADA": 0, "ADA Northbound": 0, "ADA Southbound": 0, "ADA Notes": null, "restroom_count": 0 }, "geometry": { "type": "Point", "coordinates": [ -73.968916, 40.785867999999823 ] } },
{ "type": "Feature", "properties": { "GTFS Stop ID": "A21", "Station ID": 159, "Complex ID": 159, "Division": "IND", "Line": "8th Av - Fulton St", "Stop Name": "81 St-Museum of Natural History", "Borough": "M", "CBD": false, "Daytime Routes": "C B", "Structure": "Subway", "Latitude": 40.781433, "Longitude": -73.972143, "North Direction Label": "Uptown", "South Direction Label": "Downtown", "ADA": 0, "ADA Northbound": 0, "ADA Southbound": 0, "ADA Notes": null, "restroom_count": 0 }, "geometry": { "type": "Point", "coordinates": [ -73.972143, 40.781432999999851 ] } },
{ "type": "Feature", "properties": { "GTFS Stop ID": "A22", "Station ID": 160, "Complex ID": 160, "Division": "IND", "Line": "8th Av - Fulton St", "Stop Name": "72 St", "Borough": "M", "CBD": false, "Daytime Routes": "C B", "Structure": "Subway", "Latitude": 40.775594, "Longitude": -73.97641, "North Direction Label": "Uptown", "South Direction Label": "Downtown", "ADA": 0, "ADA Northbound": 0, "ADA Southbound": 0, "ADA Notes": null, "restroom_count": 0 }, "geometry": { "type": "Point", "coordinates": [ -73.97641, 40.775593999999842 ] } },
{ "type": "Feature", "properties": { "GTFS Stop ID": "A24", "Station ID": 161, "Complex ID": 614, "Division": "IND", "Line": "8th Av - Fulton St", "Stop Name": "59 St-Columbus Circle", "Borough": "M", "CBD": true, "Daytime Routes": "A C B D", "Structure": "Subway", "Latitude": 40.768296, "Longitude": -73.981736, "North Direction Label": "Uptown", "South Direction Label": "Downtown", "ADA": 1, "ADA Northbound": 1, "ADA Southbound": 1, "ADA Notes": null, "restroom_count": 1 }, "geometry": { "type": "Point", "coordinates": [ -73.981736, 40.768295999999843 ] } },
{ "type": "Feature", "properties": { "GTFS Stop ID": "A25", "Station ID": 162, "Complex ID": 162, "Division": "IND", "Line": "8th Av - Fulton St", "Stop Name": "50 St", "Borough": "M", "CBD": true, "Daytime Routes": "C E", "Structure": "Subway", "Latitude": 40.762456, "Longitude": -73.985984, "North Direction Label": "Uptown", "South Direction Label": "Downtown", "ADA": 2, "ADA Northbound": 0, "ADA Southbound": 1, "ADA Notes": "Downtown only", "restroom_count": 1 }, "geometry": { "type": "Point", "coordinates": [ -73.985984, 40.762455999999851 ] } },
{ "type": "Feature", "properties": { "GTFS Stop ID": "A27", "Station ID": 163, "Complex ID": 611, "Division": "IND", "Line": "8th Av - Fulton St", "Stop Name": "42 St-Port Authority Bus Terminal", "Borough": "M", "CBD": true, "Daytime Routes": "A C E", "Structure": "Subway", "Latitude": 40.757308, "Longitude": -73.989735, "North Direction Label": "Uptown", "South Direction Label": "Downtown", "ADA": 1, "ADA Northbound": 1, "ADA Southbound": 1, "ADA Notes": null, "restroom_count": 0 }, "geometry": { "type": "Point", "coordinates": [ -73.989735, 40.757307999999838 ] } },
{ "type": "Feature", "properties": { "GTFS Stop ID": "A28", "Station ID": 164, "Complex ID": 164, "Division": "IND", "Line": "8th Av - Fulton St", "Stop Name": "34 St-Penn Station", "Borough": "M", "CBD": true, "Daytime Routes": "A C E", "Structure": "Subway", "Latitude": 40.752287, "Longitude": -73.993391, "North Direction Label": "Uptown", "South Direction Label": "Downtown", "ADA": 1, "ADA Northbound": 1, "ADA Southbound": 1, "ADA Notes": null, "restroom_count": 0 }, "geometry": { "type": "Point", "coordinates": [ -73.993391, 40.752286999999818 ] } },
{ "type": "Feature", "properties": { "GTFS Stop ID": "A30", "Station ID": 165, "Complex ID": 165, "Division": "IND", "Line": "8th Av - Fulton St", "Stop Name": "23 St", "Borough": "M", "CBD": true, "Daytime Routes": "C E", "Structure": "Subway", "Latitude": 40.745906, "Longitude": -73.998041, "North Direction Label": "Uptown", "South Direction Label": "Downtown", "ADA": 0, "ADA Northbound": 0, "ADA Southbound": 0, "ADA Notes": null, "restroom_count": 0 }, "geometry": { "type": "Point", "coordinates": [ -73.998041, 40.745905999999835 ] } },
{ "type": "Feature", "properties": { "GTFS Stop ID": "A31", "Station ID": 166, "Complex ID": 618, "Division": "IND", "Line": "8th Av - Fulton St", "Stop Name": "14 St", "Borough": "M", "CBD": true, "Daytime Routes": "A C E", "Structure": "Subway", "Latitude": 40.740893, "Longitude": -74.00169, "North Direction Label": "Uptown", "South Direction Label": "Downtown", "ADA": 1, "ADA Northbound": 1, "ADA Southbound": 1, "ADA Notes": null, "restroom_count": 0 }, "geometry": { "type": "Point", "coordinates": [ -74.00169, 40.740892999999836 ] } },
{ "type": "Feature", "properties": { "GTFS Stop ID": "A32", "Station ID": 167, "Complex ID": 167, "Division": "IND", "Line": "8th Av - Fulton St", "Stop Name": "W 4 St-Wash Sq", "Borough": "M", "CBD": true, "Daytime Routes": "A C E", "Structure": "Subway", "Latitude": 40.732338, "Longitude": -74.000495, "North Direction Label": "Uptown", "South Direction Label": "Downtown", "ADA": 1, "ADA Northbound": 1, "ADA Southbound": 1, "ADA Notes": null, "restroom_count": 0 }, "geometry": { "type": "Point", "coordinates": [ -74.000495, 40.732337999999842 ] } },
{ "type": "Feature", "properties": { "GTFS Stop ID": "D20", "Station ID": 167, "Complex ID": 167, "Division": "IND", "Line": "6th Av - Culver", "Stop Name": "W 4 St-Wash Sq", "Borough": "M", "CBD": true, "Daytime Routes": "B D F M", "Structure": "Subway", "Latitude": 40.732338, "Longitude": -74.000495, "North Direction Label": "Uptown", "South Direction Label": "Downtown", "ADA": 1, "ADA Northbound": 1, "ADA Southbound": 1, "ADA Notes": null, "restroom_count": 0 }, "geometry": { "type": "Point", "coordinates": [ -74.000495, 40.732337999999842 ] } },
{ "type": "Feature", "properties": { "GTFS Stop ID": "A33", "Station ID": 168, "Complex ID": 168, "Division": "IND", "Line": "8th Av - Fulton St", "Stop Name": "Spring St", "Borough": "M", "CBD": true, "Daytime Routes": "C E", "Structure": "Subway", "Latitude": 40.726227, "Longitude": -74.003739, "North Direction Label": "Uptown", "South Direction Label": "Downtown", "ADA": 0, "ADA Northbound": 0, "ADA Southbound": 0, "ADA Notes": null, "restroom_count": 1 }, "geometry": { "type": "Point", "coordinates": [ -74.003739, 40.726226999999852 ] } },
{ "type": "Feature", "properties": { "GTFS Stop ID": "A34", "Station ID": 169, "Complex ID": 169, "Division": "IND", "Line": "8th Av - Fulton St", "Stop Name": "Canal St", "Borough": "M", "CBD": true, "Daytime Routes": "A C E", "Structure": "Subway", "Latitude": 40.720824, "Longitude": -74.005229, "North Direction Label": "Uptown", "South Direction Label": "Downtown", "ADA": 0, "ADA Northbound": 0, "ADA Southbound": 0, "ADA Notes": null, "restroom_count": 0 }, "geometry": { "type": "Point", "coordinates": [ -74.005229, 40.720823999999844 ] } },
{ "type": "Feature", "properties": { "GTFS Stop ID": "A36", "Station ID": 170, "Complex ID": 624, "Division": "IND", "Line": "8th Av - Fulton St", "Stop Name": "Chambers St", "Borough": "M", "CBD": true, "Daytime Routes": "A C", "Structure": "Subway", "Latitude": 40.714111, "Longitude": -74.008585, "North Direction Label": "Uptown", "South Direction Label": "Brooklyn", "ADA": 0, "ADA Northbound": 0, "ADA Southbound": 0, "ADA Notes": null, "restroom_count": 1 }, "geometry": { "type": "Point", "coordinates": [ -74.008585, 40.714110999999832 ] } },
{ "type": "Feature", "properties": { "GTFS Stop ID": "E01", "Station ID": 171, "Complex ID": 624, "Division": "IND", "Line": "8th Av - Fulton St", "Stop Name": "World Trade Center", "Borough": "M", "CBD": true, "Daytime Routes": "E", "Structure": "Subway", "Latitude": 40.712582, "Longitude": -74.009781, "North Direction Label": "Uptown", "South Direction Label": "Last Stop", "ADA": 1, "ADA Northbound": 1, "ADA Southbound": 1, "ADA Notes": null, "restroom_count": 1 }, "geometry": { "type": "Point", "coordinates": [ -74.009781, 40.712581999999841 ] } },
{ "type": "Feature", "properties": { "GTFS Stop ID": "A38", "Station ID": 172, "Complex ID": 628, "Division": "IND", "Line": "8th Av - Fulton St", "Stop Name": "Fulton St", "Borough": "M", "CBD": true, "Daytime Routes": "A C", "Structure": "Subway", "Latitude": 40.710197, "Longitude": -74.007691, "North Direction Label": "Uptown", "South Direction Label": "Brooklyn", "ADA": 1, "ADA Northbound": 1, "ADA Southbound": 1, "ADA Notes": null, "restroom_count": 0 }, "geometry": { "type": "Point", "coordinates": [ -74.007691, 40.710196999999837 ] } },
{ "type": "Feature", "properties": { "GTFS Stop ID": "A40", "Station ID": 173, "Complex ID": 173, "Division": "IND", "Line": "8th Av - Fulton St", "Stop Name": "High St", "Borough": "Bk", "CBD": false, "Daytime Routes": "A C", "Structure": "Subway", "Latitude": 40.699337, "Longitude": -73.990531, "North Direction Label": "Manhattan", "South Direction Label": "Outbound", "ADA": 0, "ADA Northbound": 0, "ADA Southbound": 0, "ADA Notes": null, "restroom_count": 1 }, "geometry": { "type": "Point", "coordinates": [ -73.990531, 40.699336999999829 ] } },
{ "type": "Feature", "properties": { "GTFS Stop ID": "A41", "Station ID": 174, "Complex ID": 636, "Division": "IND", "Line": "8th Av - Fulton St", "Stop Name": "Jay St-MetroTech", "Borough": "Bk", "CBD": false, "Daytime Routes": "A C F", "Structure": "Subway", "Latitude": 40.692338, "Longitude": -73.987342, "North Direction Label": "Manhattan", "South Direction Label": "Outbound", "ADA": 1, "ADA Northbound": 1, "ADA Southbound": 1, "ADA Notes": null, "restroom_count": 0 }, "geometry": { "type": "Point", "coordinates": [ -73.987342, 40.692337999999836 ] } },
{ "type": "Feature", "properties": { "GTFS Stop ID": "A42", "Station ID": 175, "Complex ID": 175, "Division": "IND", "Line": "8th Av - Fulton St", "Stop Name": "Hoyt-Schermerhorn Sts", "Borough": "Bk", "CBD": false, "Daytime Routes": "A C G", "Structure": "Subway", "Latitude": 40.688484, "Longitude": -73.985001, "North Direction Label": "Westbound", "South Direction Label": "Queens", "ADA": 0, "ADA Northbound": 0, "ADA Southbound": 0, "ADA Notes": null, "restroom_count": 0 }, "geometry": { "type": "Point", "coordinates": [ -73.985001, 40.688483999999839 ] } },
{ "type": "Feature", "properties": { "GTFS Stop ID": "A43", "Station ID": 176, "Complex ID": 176, "Division": "IND", "Line": "8th Av - Fulton St", "Stop Name": "Lafayette Av", "Borough": "Bk", "CBD": false, "Daytime Routes": "C", "Structure": "Subway", "Latitude": 40.686113, "Longitude": -73.973946, "North Direction Label": "Manhattan", "South Direction Label": "Outbound", "ADA": 0, "ADA Northbound": 0, "ADA Southbound": 0, "ADA Notes": null, "restroom_count": 0 }, "geometry": { "type": "Point", "coordinates": [ -73.973946, 40.686112999999828 ] } },
{ "type": "Feature", "properties": { "GTFS Stop ID": "A44", "Station ID": 177, "Complex ID": 177, "Division": "IND", "Line": "8th Av - Fulton St", "Stop Name": "Clinton-Washington Avs", "Borough": "Bk", "CBD": false, "Daytime Routes": "C", "Structure": "Subway", "Latitude": 40.683263, "Longitude": -73.965838, "North Direction Label": "Manhattan", "South Direction Label": "Outbound", "ADA": 0, "ADA Northbound": 0, "ADA Southbound": 0, "ADA Notes": null, "restroom_count": 0 }, "geometry": { "type": "Point", "coordinates": [ -73.965838, 40.683262999999847 ] } },
{ "type": "Feature", "properties": { "GTFS Stop ID": "A45", "Station ID": 178, "Complex ID": 627, "Division": "IND", "Line": "8th Av - Fulton St", "Stop Name": "Franklin Av", "Borough": "Bk", "CBD": false, "Daytime Routes": "C", "Structure": "Subway", "Latitude": 40.68138, "Longitude": -73.956848, "North Direction Label": "Manhattan", "South Direction Label": "Outbound", "ADA": 1, "ADA Northbound": 1, "ADA Southbound": 1, "ADA Notes": null, "restroom_count": 1 }, "geometry": { "type": "Point", "coordinates": [ -73.956848, 40.681379999999848 ] } },
{ "type": "Feature", "properties": { "GTFS Stop ID": "A46", "Station ID": 179, "Complex ID": 179, "Division": "IND", "Line": "8th Av - Fulton St", "Stop Name": "Nostrand Av", "Borough": "Bk", "CBD": false, "Daytime Routes": "A C", "Structure": "Subway", "Latitude": 40.680438, "Longitude": -73.950426, "North Direction Label": "Manhattan", "South Direction Label": "Outbound", "ADA": 0, "ADA Northbound": 0, "ADA Southbound": 0, "ADA Notes": null, "restroom_count": 0 }, "geometry": { "type": "Point", "coordinates": [ -73.950426, 40.680437999999818 ] } },
{ "type": "Feature", "properties": { "GTFS Stop ID": "A47", "Station ID": 180, "Complex ID": 180, "Division": "IND", "Line": "8th Av - Fulton St", "Stop Name": "Kingston-Throop Avs", "Borough": "Bk", "CBD": false, "Daytime Routes": "C", "Structure": "Subway", "Latitude": 40.679921, "Longitude": -73.940858, "North Direction Label": "Manhattan", "South Direction Label": "Outbound", "ADA": 0, "ADA Northbound": 0, "ADA Southbound": 0, "ADA Notes": null, "restroom_count": 1 }, "geometry": { "type": "Point", "coordinates": [ -73.940858, 40.679920999999844 ] } },
{ "type": "Feature", "properties": { "GTFS Stop ID": "A48", "Station ID": 181, "Complex ID": 181, "Division": "IND", "Line": "8th Av - Fulton St", "Stop Name": "Utica Av", "Borough": "Bk", "CBD": false, "Daytime Routes": "A C", "Structure": "Subway", "Latitude": 40.679364, "Longitude": -73.930729, "North Direction Label": "Manhattan", "South Direction Label": "Outbound", "ADA": 1, "ADA Northbound": 1, "ADA Southbound": 1, "ADA Notes": null, "restroom_count": 1 }, "geometry": { "type": "Point", "coordinates": [ -73.930729, 40.67936399999985 ] } },
{ "type": "Feature", "properties": { "GTFS Stop ID": "A49", "Station ID": 182, "Complex ID": 182, "Division": "IND", "Line": "8th Av - Fulton St", "Stop Name": "Ralph Av", "Borough": "Bk", "CBD": false, "Daytime Routes": "C", "Structure": "Subway", "Latitude": 40.678822, "Longitude": -73.920786, "North Direction Label": "Manhattan", "South Direction Label": "Outbound", "ADA": 0, "ADA Northbound": 0, "ADA Southbound": 0, "ADA Notes": null, "restroom_count": 1 }, "geometry": { "type": "Point", "coordinates": [ -73.920786, 40.678821999999826 ] } },
{ "type": "Feature", "properties": { "GTFS Stop ID": "A50", "Station ID": 183, "Complex ID": 183, "Division": "IND", "Line": "8th Av - Fulton St", "Stop Name": "Rockaway Av", "Borough": "Bk", "CBD": false, "Daytime Routes": "C", "Structure": "Subway", "Latitude": 40.67834, "Longitude": -73.911946, "North Direction Label": "Manhattan", "South Direction Label": "Outbound", "ADA": 0, "ADA Northbound": 0, "ADA Southbound": 0, "ADA Notes": null, "restroom_count": 0 }, "geometry": { "type": "Point", "coordinates": [ -73.911946, 40.678339999999849 ] } },
{ "type": "Feature", "properties": { "GTFS Stop ID": "A51", "Station ID": 184, "Complex ID": 621, "Division": "IND", "Line": "8th Av - Fulton St", "Stop Name": "Broadway Junction", "Borough": "Bk", "CBD": false, "Daytime Routes": "A C", "Structure": "Subway", "Latitude": 40.678334, "Longitude": -73.905316, "North Direction Label": "Manhattan", "South Direction Label": "Outbound", "ADA": 0, "ADA Northbound": 0, "ADA Southbound": 0, "ADA Notes": null, "restroom_count": 0 }, "geometry": { "type": "Point", "coordinates": [ -73.905316, 40.678333999999829 ] } },
{ "type": "Feature", "properties": { "GTFS Stop ID": "A52", "Station ID": 185, "Complex ID": 185, "Division": "IND", "Line": "8th Av - Fulton St", "Stop Name": "Liberty Av", "Borough": "Bk", "CBD": false, "Daytime Routes": "C", "Structure": "Subway", "Latitude": 40.674542, "Longitude": -73.896548, "North Direction Label": "Manhattan", "South Direction Label": "Outbound", "ADA": 0, "ADA Northbound": 0, "ADA Southbound": 0, "ADA Notes": null, "restroom_count": 0 }, "geometry": { "type": "Point", "coordinates": [ -73.896548, 40.67454199999986 ] } },
{ "type": "Feature", "properties": { "GTFS Stop ID": "A53", "Station ID": 186, "Complex ID": 186, "Division": "IND", "Line": "8th Av - Fulton St", "Stop Name": "Van Siclen Av", "Borough": "Bk", "CBD": false, "Daytime Routes": "C", "Structure": "Subway", "Latitude": 40.67271, "Longitude": -73.890358, "North Direction Label": "Manhattan", "South Direction Label": "Outbound", "ADA": 0, "ADA Northbound": 0, "ADA Southbound": 0, "ADA Notes": null, "restroom_count": 0 }, "geometry": { "type": "Point", "coordinates": [ -73.890358, 40.672709999999839 ] } },
{ "type": "Feature", "properties": { "GTFS Stop ID": "A54", "Station ID": 187, "Complex ID": 187, "Division": "IND", "Line": "8th Av - Fulton St", "Stop Name": "Shepherd Av", "Borough": "Bk", "CBD": false, "Daytime Routes": "C", "Structure": "Subway", "Latitude": 40.67413, "Longitude": -73.88075, "North Direction Label": "Manhattan", "South Direction Label": "Outbound", "ADA": 0, "ADA Northbound": 0, "ADA Southbound": 0, "ADA Notes": null, "restroom_count": 0 }, "geometry": { "type": "Point", "coordinates": [ -73.88075, 40.674129999999828 ] } },
{ "type": "Feature", "properties": { "GTFS Stop ID": "A55", "Station ID": 188, "Complex ID": 188, "Division": "IND", "Line": "8th Av - Fulton St", "Stop Name": "Euclid Av", "Borough": "Bk", "CBD": false, "Daytime Routes": "A C", "Structure": "Subway", "Latitude": 40.675377, "Longitude": -73.872106, "North Direction Label": "Manhattan", "South Direction Label": "Queens", "ADA": 1, "ADA Northbound": 1, "ADA Southbound": 1, "ADA Notes": null, "restroom_count": 0 }, "geometry": { "type": "Point", "coordinates": [ -73.872106, 40.675376999999834 ] } },
{ "type": "Feature", "properties": { "GTFS Stop ID": "A57", "Station ID": 189, "Complex ID": 189, "Division": "IND", "Line": "Liberty Av", "Stop Name": "Grant Av", "Borough": "Bk", "CBD": false, "Daytime Routes": "A", "Structure": "Subway", "Latitude": 40.677044, "Longitude": -73.86505, "North Direction Label": "Manhattan", "South Direction Label": "Queens", "ADA": 0, "ADA Northbound": 0, "ADA Southbound": 0, "ADA Notes": null, "restroom_count": 0 }, "geometry": { "type": "Point", "coordinates": [ -73.86505, 40.67704399999986 ] } },
{ "type": "Feature", "properties": { "GTFS Stop ID": "A59", "Station ID": 190, "Complex ID": 190, "Division": "IND", "Line": "Liberty Av", "Stop Name": "80 St", "Borough": "Q", "CBD": false, "Daytime Routes": "A", "Structure": "Elevated", "Latitude": 40.679371, "Longitude": -73.858992, "North Direction Label": "Manhattan", "South Direction Label": "Outbound", "ADA": 0, "ADA Northbound": 0, "ADA Southbound": 0, "ADA Notes": null, "restroom_count": 0 }, "geometry": { "type": "Point", "coordinates": [ -73.858992, 40.67937099999984 ] } },
{ "type": "Feature", "properties": { "GTFS Stop ID": "A60", "Station ID": 191, "Complex ID": 191, "Division": "IND", "Line": "Liberty Av", "Stop Name": "88 St", "Borough": "Q", "CBD": false, "Daytime Routes": "A", "Structure": "Elevated", "Latitude": 40.679843, "Longitude": -73.85147, "North Direction Label": "Manhattan", "South Direction Label": "Outbound", "ADA": 0, "ADA Northbound": 0, "ADA Southbound": 0, "ADA Notes": null, "restroom_count": 0 }, "geometry": { "type": "Point", "coordinates": [ -73.85147, 40.679842999999842 ] } },
{ "type": "Feature", "properties": { "GTFS Stop ID": "A61", "Station ID": 192, "Complex ID": 192, "Division": "IND", "Line": "Liberty Av", "Stop Name": "Rockaway Blvd", "Borough": "Q", "CBD": false, "Daytime Routes": "A", "Structure": "Elevated", "Latitude": 40.680429, "Longitude": -73.843853, "North Direction Label": "Manhattan", "South Direction Label": "Outbound", "ADA": 0, "ADA Northbound": 0, "ADA Southbound": 0, "ADA Notes": null, "restroom_count": 0 }, "geometry": { "type": "Point", "coordinates": [ -73.843853, 40.680428999999833 ] } },
{ "type": "Feature", "properties": { "GTFS Stop ID": "A63", "Station ID": 193, "Complex ID": 193, "Division": "IND", "Line": "Liberty Av", "Stop Name": "104 St", "Borough": "Q", "CBD": false, "Daytime Routes": "A", "Structure": "Elevated", "Latitude": 40.681711, "Longitude": -73.837683, "North Direction Label": "Manhattan", "South Direction Label": "Ozone Park", "ADA": 0, "ADA Northbound": 0, "ADA Southbound": 0, "ADA Notes": null, "restroom_count": 1 }, "geometry": { "type": "Point", "coordinates": [ -73.837683, 40.681710999999837 ] } },
{ "type": "Feature", "properties": { "GTFS Stop ID": "A64", "Station ID": 194, "Complex ID": 194, "Division": "IND", "Line": "Liberty Av", "Stop Name": "111 St", "Borough": "Q", "CBD": false, "Daytime Routes": "A", "Structure": "Elevated", "Latitude": 40.684331, "Longitude": -73.832163, "North Direction Label": "Manhattan", "South Direction Label": "Ozone Park", "ADA": 0, "ADA Northbound": 0, "ADA Southbound": 0, "ADA Notes": null, "restroom_count": 0 }, "geometry": { "type": "Point", "coordinates": [ -73.832163, 40.684330999999851 ] } },
{ "type": "Feature", "properties": { "GTFS Stop ID": "A65", "Station ID": 195, "Complex ID": 195, "Division": "IND", "Line": "Liberty Av", "Stop Name": "Ozone Park-Lefferts Blvd", "Borough": "Q", "CBD": false, "Daytime Routes": "A", "Structure": "Elevated", "Latitude": 40.685951, "Longitude": -73.825798, "North Direction Label": "Manhattan", "South Direction Label": "Last Stop", "ADA": 1, "ADA Northbound": 1, "ADA Southbound": 1, "ADA Notes": null, "restroom_count": 0 }, "geometry": { "type": "Point", "coordinates": [ -73.825798, 40.685950999999839 ] } },
{ "type": "Feature", "properties": { "GTFS Stop ID": "H01", "Station ID": 196, "Complex ID": 196, "Division": "IND", "Line": "Rockaway", "Stop Name": "Aqueduct Racetrack", "Borough": "Q", "CBD": false, "Daytime Routes": "A", "Structure": "At Grade", "Latitude": 40.672097, "Longitude": -73.835919, "North Direction Label": "Manhattan", "South Direction Label": "Rockaways", "ADA": 1, "ADA Northbound": 1, "ADA Southbound": 1, "ADA Notes": null, "restroom_count": 0 }, "geometry": { "type": "Point", "coordinates": [ -73.835919, 40.672096999999845 ] } },
{ "type": "Feature", "properties": { "GTFS Stop ID": "H02", "Station ID": 197, "Complex ID": 197, "Division": "IND", "Line": "Rockaway", "Stop Name": "Aqueduct-N Conduit Av", "Borough": "Q", "CBD": false, "Daytime Routes": "A", "Structure": "At Grade", "Latitude": 40.668234, "Longitude": -73.834058, "North Direction Label": "Manhattan", "South Direction Label": "Rockaways", "ADA": 0, "ADA Northbound": 0, "ADA Southbound": 0, "ADA Notes": null, "restroom_count": 0 }, "geometry": { "type": "Point", "coordinates": [ -73.834058, 40.668233999999835 ] } },
{ "type": "Feature", "properties": { "GTFS Stop ID": "H03", "Station ID": 198, "Complex ID": 198, "Division": "IND", "Line": "Rockaway", "Stop Name": "Howard Beach-JFK Airport", "Borough": "Q", "CBD": false, "Daytime Routes": "A", "Structure": "At Grade", "Latitude": 40.660476, "Longitude": -73.830301, "North Direction Label": "Manhattan", "South Direction Label": "Rockaways", "ADA": 1, "ADA Northbound": 1, "ADA Southbound": 1, "ADA Notes": null, "restroom_count": 0 }, "geometry": { "type": "Point", "coordinates": [ -73.830301, 40.660475999999854 ] } },
{ "type": "Feature", "properties": { "GTFS Stop ID": "H04", "Station ID": 199, "Complex ID": 199, "Division": "IND", "Line": "Rockaway", "Stop Name": "Broad Channel", "Borough": "Q", "CBD": false, "Daytime Routes": "A S", "Structure": "At Grade", "Latitude": 40.608382, "Longitude": -73.815925, "North Direction Label": "Inbound", "South Direction Label": "Rockaways", "ADA": 0, "ADA Northbound": 0, "ADA Southbound": 0, "ADA Notes": null, "restroom_count": 0 }, "geometry": { "type": "Point", "coordinates": [ -73.815925, 40.608381999999828 ] } },
{ "type": "Feature", "properties": { "GTFS Stop ID": "H12", "Station ID": 200, "Complex ID": 200, "Division": "IND", "Line": "Rockaway", "Stop Name": "Beach 90 St", "Borough": "Q", "CBD": false, "Daytime Routes": "A S", "Structure": "Viaduct", "Latitude": 40.588034, "Longitude": -73.813641, "North Direction Label": "Inbound", "South Direction Label": "Rockaway Park", "ADA": 0, "ADA Northbound": 0, "ADA Southbound": 0, "ADA Notes": null, "restroom_count": 0 }, "geometry": { "type": "Point", "coordinates": [ -73.813641, 40.58803399999983 ] } },
{ "type": "Feature", "properties": { "GTFS Stop ID": "H13", "Station ID": 201, "Complex ID": 201, "Division": "IND", "Line": "Rockaway", "Stop Name": "Beach 98 St", "Borough": "Q", "CBD": false, "Daytime Routes": "A S", "Structure": "Viaduct", "Latitude": 40.585307, "Longitude": -73.820558, "North Direction Label": "Inbound", "South Direction Label": "Rockaway Park", "ADA": 0, "ADA Northbound": 0, "ADA Southbound": 0, "ADA Notes": null, "restroom_count": 0 }, "geometry": { "type": "Point", "coordinates": [ -73.820558, 40.585306999999844 ] } },
{ "type": "Feature", "properties": { "GTFS Stop ID": "H14", "Station ID": 202, "Complex ID": 202, "Division": "IND", "Line": "Rockaway", "Stop Name": "Beach 105 St", "Borough": "Q", "CBD": false, "Daytime Routes": "A S", "Structure": "Viaduct", "Latitude": 40.583209, "Longitude": -73.827559, "North Direction Label": "Inbound", "South Direction Label": "Rockaway Park", "ADA": 0, "ADA Northbound": 0, "ADA Southbound": 0, "ADA Notes": null, "restroom_count": 0 }, "geometry": { "type": "Point", "coordinates": [ -73.827559, 40.583208999999833 ] } },
{ "type": "Feature", "properties": { "GTFS Stop ID": "H15", "Station ID": 203, "Complex ID": 203, "Division": "IND", "Line": "Rockaway", "Stop Name": "Rockaway Park-Beach 116 St", "Borough": "Q", "CBD": false, "Daytime Routes": "A S", "Structure": "At Grade", "Latitude": 40.580903, "Longitude": -73.835592, "North Direction Label": "Inbound", "South Direction Label": "Last Stop", "ADA": 1, "ADA Northbound": 1, "ADA Southbound": 1, "ADA Notes": null, "restroom_count": 0 }, "geometry": { "type": "Point", "coordinates": [ -73.835592, 40.580902999999836 ] } },
{ "type": "Feature", "properties": { "GTFS Stop ID": "H06", "Station ID": 204, "Complex ID": 204, "Division": "IND", "Line": "Rockaway", "Stop Name": "Beach 67 St", "Borough": "Q", "CBD": false, "Daytime Routes": "A", "Structure": "Viaduct", "Latitude": 40.590927, "Longitude": -73.796924, "North Direction Label": "Manhattan", "South Direction Label": "Far Rockaway", "ADA": 1, "ADA Northbound": 1, "ADA Southbound": 1, "ADA Notes": null, "restroom_count": 0 }, "geometry": { "type": "Point", "coordinates": [ -73.796924, 40.590926999999837 ] } },
{ "type": "Feature", "properties": { "GTFS Stop ID": "H07", "Station ID": 205, "Complex ID": 205, "Division": "IND", "Line": "Rockaway", "Stop Name": "Beach 60 St", "Borough": "Q", "CBD": false, "Daytime Routes": "A", "Structure": "Viaduct", "Latitude": 40.592374, "Longitude": -73.788522, "North Direction Label": "Manhattan", "South Direction Label": "Far Rockaway", "ADA": 0, "ADA Northbound": 0, "ADA Southbound": 0, "ADA Notes": null, "restroom_count": 0 }, "geometry": { "type": "Point", "coordinates": [ -73.788522, 40.592373999999829 ] } },
{ "type": "Feature", "properties": { "GTFS Stop ID": "H08", "Station ID": 206, "Complex ID": 206, "Division": "IND", "Line": "Rockaway", "Stop Name": "Beach 44 St", "Borough": "Q", "CBD": false, "Daytime Routes": "A", "Structure": "Viaduct", "Latitude": 40.592943, "Longitude": -73.776013, "North Direction Label": "Manhattan", "South Direction Label": "Far Rockaway", "ADA": 0, "ADA Northbound": 0, "ADA Southbound": 0, "ADA Notes": null, "restroom_count": 0 }, "geometry": { "type": "Point", "coordinates": [ -73.776013, 40.592942999999828 ] } },
{ "type": "Feature", "properties": { "GTFS Stop ID": "H09", "Station ID": 207, "Complex ID": 207, "Division": "IND", "Line": "Rockaway", "Stop Name": "Beach 36 St", "Borough": "Q", "CBD": false, "Daytime Routes": "A", "Structure": "Viaduct", "Latitude": 40.595398, "Longitude": -73.768175, "North Direction Label": "Manhattan", "South Direction Label": "Far Rockaway", "ADA": 0, "ADA Northbound": 0, "ADA Southbound": 0, "ADA Notes": null, "restroom_count": 0 }, "geometry": { "type": "Point", "coordinates": [ -73.768175, 40.59539799999984 ] } },
{ "type": "Feature", "properties": { "GTFS Stop ID": "H10", "Station ID": 208, "Complex ID": 208, "Division": "IND", "Line": "Rockaway", "Stop Name": "Beach 25 St", "Borough": "Q", "CBD": false, "Daytime Routes": "A", "Structure": "Viaduct", "Latitude": 40.600066, "Longitude": -73.761353, "North Direction Label": "Manhattan", "South Direction Label": "Far Rockaway", "ADA": 0, "ADA Northbound": 0, "ADA Southbound": 0, "ADA Notes": null, "restroom_count": 0 }, "geometry": { "type": "Point", "coordinates": [ -73.761353, 40.600065999999842 ] } },
{ "type": "Feature", "properties": { "GTFS Stop ID": "H11", "Station ID": 209, "Complex ID": 209, "Division": "IND", "Line": "Rockaway", "Stop Name": "Far Rockaway-Mott Av", "Borough": "Q", "CBD": false, "Daytime Routes": "A", "Structure": "Viaduct", "Latitude": 40.603995, "Longitude": -73.755405, "North Direction Label": "Manhattan", "South Direction Label": "Last Stop", "ADA": 1, "ADA Northbound": 1, "ADA Southbound": 1, "ADA Notes": null, "restroom_count": 0 }, "geometry": { "type": "Point", "coordinates": [ -73.755405, 40.603994999999834 ] } },
{ "type": "Feature", "properties": { "GTFS Stop ID": "D01", "Station ID": 210, "Complex ID": 210, "Division": "IND", "Line": "Concourse", "Stop Name": "Norwood-205 St", "Borough": "Bx", "CBD": false, "Daytime Routes": "D", "Structure": "Subway", "Latitude": 40.874811, "Longitude": -73.878855, "North Direction Label": "Last Stop", "South Direction Label": "Manhattan", "ADA": 0, "ADA Northbound": 0, "ADA Southbound": 0, "ADA Notes": null, "restroom_count": 2 }, "geometry": { "type": "Point", "coordinates": [ -73.878855, 40.874810999999838 ] } },
{ "type": "Feature", "properties": { "GTFS Stop ID": "D03", "Station ID": 211, "Complex ID": 211, "Division": "IND", "Line": "Concourse", "Stop Name": "Bedford Park Blvd", "Borough": "Bx", "CBD": false, "Daytime Routes": "B D", "Structure": "Subway", "Latitude": 40.873244, "Longitude": -73.887138, "North Direction Label": "Northbound", "South Direction Label": "Manhattan", "ADA": 1, "ADA Northbound": 1, "ADA Southbound": 1, "ADA Notes": null, "restroom_count": 0 }, "geometry": { "type": "Point", "coordinates": [ -73.887138, 40.87324399999985 ] } },
{ "type": "Feature", "properties": { "GTFS Stop ID": "D04", "Station ID": 212, "Complex ID": 212, "Division": "IND", "Line": "Concourse", "Stop Name": "Kingsbridge Rd", "Borough": "Bx", "CBD": false, "Daytime Routes": "B D", "Structure": "Subway", "Latitude": 40.866978, "Longitude": -73.893509, "North Direction Label": "Northbound", "South Direction Label": "Manhattan", "ADA": 1, "ADA Northbound": 1, "ADA Southbound": 1, "ADA Notes": null, "restroom_count": 0 }, "geometry": { "type": "Point", "coordinates": [ -73.893509, 40.866977999999847 ] } },
{ "type": "Feature", "properties": { "GTFS Stop ID": "D05", "Station ID": 213, "Complex ID": 213, "Division": "IND", "Line": "Concourse", "Stop Name": "Fordham Rd", "Borough": "Bx", "CBD": false, "Daytime Routes": "B D", "Structure": "Subway", "Latitude": 40.861296, "Longitude": -73.897749, "North Direction Label": "Northbound", "South Direction Label": "Manhattan", "ADA": 0, "ADA Northbound": 0, "ADA Southbound": 0, "ADA Notes": null, "restroom_count": 0 }, "geometry": { "type": "Point", "coordinates": [ -73.897749, 40.861295999999854 ] } },
{ "type": "Feature", "properties": { "GTFS Stop ID": "D06", "Station ID": 214, "Complex ID": 214, "Division": "IND", "Line": "Concourse", "Stop Name": "182-183 Sts", "Borough": "Bx", "CBD": false, "Daytime Routes": "B D", "Structure": "Subway", "Latitude": 40.856093, "Longitude": -73.900741, "North Direction Label": "Northbound", "South Direction Label": "Manhattan", "ADA": 0, "ADA Northbound": 0, "ADA Southbound": 0, "ADA Notes": null, "restroom_count": 1 }, "geometry": { "type": "Point", "coordinates": [ -73.900741, 40.856092999999831 ] } },
{ "type": "Feature", "properties": { "GTFS Stop ID": "D07", "Station ID": 215, "Complex ID": 215, "Division": "IND", "Line": "Concourse", "Stop Name": "Tremont Av", "Borough": "Bx", "CBD": false, "Daytime Routes": "B D", "Structure": "Subway", "Latitude": 40.85041, "Longitude": -73.905227, "North Direction Label": "Northbound", "South Direction Label": "Manhattan", "ADA": 1, "ADA Northbound": 1, "ADA Southbound": 1, "ADA Notes": null, "restroom_count": 0 }, "geometry": { "type": "Point", "coordinates": [ -73.905227, 40.85041 ] } },
{ "type": "Feature", "properties": { "GTFS Stop ID": "D08", "Station ID": 216, "Complex ID": 216, "Division": "IND", "Line": "Concourse", "Stop Name": "174-175 Sts", "Borough": "Bx", "CBD": false, "Daytime Routes": "B D", "Structure": "Subway", "Latitude": 40.8459, "Longitude": -73.910136, "North Direction Label": "Northbound", "South Direction Label": "Manhattan", "ADA": 0, "ADA Northbound": 0, "ADA Southbound": 0, "ADA Notes": null, "restroom_count": 1 }, "geometry": { "type": "Point", "coordinates": [ -73.910136, 40.845899999999844 ] } },
{ "type": "Feature", "properties": { "GTFS Stop ID": "D09", "Station ID": 217, "Complex ID": 217, "Division": "IND", "Line": "Concourse", "Stop Name": "170 St", "Borough": "Bx", "CBD": false, "Daytime Routes": "B D", "Structure": "Subway", "Latitude": 40.839306, "Longitude": -73.9134, "North Direction Label": "Northbound", "South Direction Label": "Manhattan", "ADA": 0, "ADA Northbound": 0, "ADA Southbound": 0, "ADA Notes": null, "restroom_count": 0 }, "geometry": { "type": "Point", "coordinates": [ -73.9134, 40.839305999999837 ] } },
{ "type": "Feature", "properties": { "GTFS Stop ID": "D10", "Station ID": 218, "Complex ID": 218, "Division": "IND", "Line": "Concourse", "Stop Name": "167 St", "Borough": "Bx", "CBD": false, "Daytime Routes": "B D", "Structure": "Subway", "Latitude": 40.833771, "Longitude": -73.91844, "North Direction Label": "Northbound", "South Direction Label": "Manhattan", "ADA": 0, "ADA Northbound": 0, "ADA Southbound": 0, "ADA Notes": null, "restroom_count": 0 }, "geometry": { "type": "Point", "coordinates": [ -73.91844, 40.833770999999842 ] } },
{ "type": "Feature", "properties": { "GTFS Stop ID": "D11", "Station ID": 219, "Complex ID": 604, "Division": "IND", "Line": "Concourse", "Stop Name": "161 St-Yankee Stadium", "Borough": "Bx", "CBD": false, "Daytime Routes": "B D", "Structure": "Subway", "Latitude": 40.827905, "Longitude": -73.925651, "North Direction Label": "Northbound", "South Direction Label": "Manhattan", "ADA": 1, "ADA Northbound": 1, "ADA Southbound": 1, "ADA Notes": null, "restroom_count": 1 }, "geometry": { "type": "Point", "coordinates": [ -73.925651, 40.827904999999845 ] } },
{ "type": "Feature", "properties": { "GTFS Stop ID": "D12", "Station ID": 220, "Complex ID": 220, "Division": "IND", "Line": "Concourse", "Stop Name": "155 St", "Borough": "M", "CBD": false, "Daytime Routes": "B D", "Structure": "Subway", "Latitude": 40.830135, "Longitude": -73.938209, "North Direction Label": "The Bronx", "South Direction Label": "Downtown", "ADA": 0, "ADA Northbound": 0, "ADA Southbound": 0, "ADA Notes": null, "restroom_count": 1 }, "geometry": { "type": "Point", "coordinates": [ -73.938209, 40.830134999999842 ] } },
{ "type": "Feature", "properties": { "GTFS Stop ID": "B04", "Station ID": 221, "Complex ID": 221, "Division": "IND", "Line": "63rd St", "Stop Name": "21 St-Queensbridge", "Borough": "Q", "CBD": false, "Daytime Routes": "F", "Structure": "Subway", "Latitude": 40.754203, "Longitude": -73.942836, "North Direction Label": "Outbound", "South Direction Label": "Manhattan", "ADA": 1, "ADA Northbound": 1, "ADA Southbound": 1, "ADA Notes": null, "restroom_count": 0 }, "geometry": { "type": "Point", "coordinates": [ -73.942836, 40.754202999999841 ] } },
{ "type": "Feature", "properties": { "GTFS Stop ID": "B06", "Station ID": 222, "Complex ID": 222, "Division": "IND", "Line": "63rd St", "Stop Name": "Roosevelt Island", "Borough": "M", "CBD": false, "Daytime Routes": "F", "Structure": "Subway", "Latitude": 40.759145, "Longitude": -73.95326, "North Direction Label": "Queens", "South Direction Label": "Downtown", "ADA": 1, "ADA Northbound": 1, "ADA Southbound": 1, "ADA Notes": null, "restroom_count": 0 }, "geometry": { "type": "Point", "coordinates": [ -73.95326, 40.75914499999984 ] } },
{ "type": "Feature", "properties": { "GTFS Stop ID": "B08", "Station ID": 223, "Complex ID": 223, "Division": "IND", "Line": "63rd St", "Stop Name": "Lexington Av\/63 St", "Borough": "M", "CBD": false, "Daytime Routes": "F Q", "Structure": "Subway", "Latitude": 40.764629, "Longitude": -73.966113, "North Direction Label": "Uptown & Queens", "South Direction Label": "Downtown", "ADA": 1, "ADA Northbound": 1, "ADA Southbound": 1, "ADA Notes": null, "restroom_count": 0 }, "geometry": { "type": "Point", "coordinates": [ -73.966113, 40.764628999999836 ] } },
{ "type": "Feature", "properties": { "GTFS Stop ID": "B10", "Station ID": 224, "Complex ID": 224, "Division": "IND", "Line": "6th Av - Culver", "Stop Name": "57 St", "Borough": "M", "CBD": true, "Daytime Routes": "F", "Structure": "Subway", "Latitude": 40.763972, "Longitude": -73.97745, "North Direction Label": "Uptown", "South Direction Label": "Downtown", "ADA": 0, "ADA Northbound": 0, "ADA Southbound": 0, "ADA Notes": null, "restroom_count": 0 }, "geometry": { "type": "Point", "coordinates": [ -73.97745, 40.763971999999846 ] } },
{ "type": "Feature", "properties": { "GTFS Stop ID": "D15", "Station ID": 225, "Complex ID": 225, "Division": "IND", "Line": "6th Av - Culver", "Stop Name": "47-50 Sts-Rockefeller Ctr", "Borough": "M", "CBD": true, "Daytime Routes": "B D F M", "Structure": "Subway", "Latitude": 40.758663, "Longitude": -73.981329, "North Direction Label": "Uptown", "South Direction Label": "Downtown", "ADA": 1, "ADA Northbound": 1, "ADA Southbound": 1, "ADA Notes": null, "restroom_count": 0 }, "geometry": { "type": "Point", "coordinates": [ -73.981329, 40.758662999999835 ] } },
{ "type": "Feature", "properties": { "GTFS Stop ID": "D16", "Station ID": 226, "Complex ID": 609, "Division": "IND", "Line": "6th Av - Culver", "Stop Name": "42 St-Bryant Pk", "Borough": "M", "CBD": true, "Daytime Routes": "B D F M", "Structure": "Subway", "Latitude": 40.754222, "Longitude": -73.984569, "North Direction Label": "Uptown", "South Direction Label": "Downtown", "ADA": 0, "ADA Northbound": 0, "ADA Southbound": 0, "ADA Notes": null, "restroom_count": 1 }, "geometry": { "type": "Point", "coordinates": [ -73.984569, 40.754221999999849 ] } },
{ "type": "Feature", "properties": { "GTFS Stop ID": "D17", "Station ID": 227, "Complex ID": 607, "Division": "IND", "Line": "6th Av - Culver", "Stop Name": "34 St-Herald Sq", "Borough": "M", "CBD": true, "Daytime Routes": "B D F M", "Structure": "Subway", "Latitude": 40.749719, "Longitude": -73.987823, "North Direction Label": "Uptown", "South Direction Label": "Downtown", "ADA": 1, "ADA Northbound": 1, "ADA Southbound": 1, "ADA Notes": null, "restroom_count": 2 }, "geometry": { "type": "Point", "coordinates": [ -73.987823, 40.749718999999864 ] } },
{ "type": "Feature", "properties": { "GTFS Stop ID": "D18", "Station ID": 228, "Complex ID": 228, "Division": "IND", "Line": "6th Av - Culver", "Stop Name": "23 St", "Borough": "M", "CBD": true, "Daytime Routes": "F M", "Structure": "Subway", "Latitude": 40.742878, "Longitude": -73.992821, "North Direction Label": "Uptown", "South Direction Label": "Downtown", "ADA": 0, "ADA Northbound": 0, "ADA Southbound": 0, "ADA Notes": null, "restroom_count": 0 }, "geometry": { "type": "Point", "coordinates": [ -73.992821, 40.742877999999813 ] } },
{ "type": "Feature", "properties": { "GTFS Stop ID": "D19", "Station ID": 229, "Complex ID": 601, "Division": "IND", "Line": "6th Av - Culver", "Stop Name": "14 St", "Borough": "M", "CBD": true, "Daytime Routes": "F M", "Structure": "Subway", "Latitude": 40.738228, "Longitude": -73.996209, "North Direction Label": "Uptown", "South Direction Label": "Downtown", "ADA": 1, "ADA Northbound": 1, "ADA Southbound": 1, "ADA Notes": null, "restroom_count": 0 }, "geometry": { "type": "Point", "coordinates": [ -73.996209, 40.738227999999822 ] } },
{ "type": "Feature", "properties": { "GTFS Stop ID": "D21", "Station ID": 230, "Complex ID": 619, "Division": "IND", "Line": "6th Av - Culver", "Stop Name": "Broadway-Lafayette St", "Borough": "M", "CBD": true, "Daytime Routes": "B D F M", "Structure": "Subway", "Latitude": 40.725297, "Longitude": -73.996204, "North Direction Label": "Uptown", "South Direction Label": "Downtown", "ADA": 1, "ADA Northbound": 1, "ADA Southbound": 1, "ADA Notes": null, "restroom_count": 0 }, "geometry": { "type": "Point", "coordinates": [ -73.996204, 40.725296999999827 ] } },
{ "type": "Feature", "properties": { "GTFS Stop ID": "D22", "Station ID": 231, "Complex ID": 231, "Division": "IND", "Line": "6th Av - Culver", "Stop Name": "Grand St", "Borough": "M", "CBD": true, "Daytime Routes": "B D", "Structure": "Subway", "Latitude": 40.718267, "Longitude": -73.993753, "North Direction Label": "Uptown", "South Direction Label": "Brooklyn", "ADA": 0, "ADA Northbound": 0, "ADA Southbound": 0, "ADA Notes": null, "restroom_count": 2 }, "geometry": { "type": "Point", "coordinates": [ -73.993753, 40.718266999999834 ] } },
{ "type": "Feature", "properties": { "GTFS Stop ID": "F14", "Station ID": 232, "Complex ID": 232, "Division": "IND", "Line": "6th Av - Culver", "Stop Name": "2 Av", "Borough": "M", "CBD": true, "Daytime Routes": "F", "Structure": "Subway", "Latitude": 40.723402, "Longitude": -73.989938, "North Direction Label": "Uptown", "South Direction Label": "Downtown", "ADA": 0, "ADA Northbound": 0, "ADA Southbound": 0, "ADA Notes": null, "restroom_count": 1 }, "geometry": { "type": "Point", "coordinates": [ -73.989938, 40.723401999999844 ] } },
{ "type": "Feature", "properties": { "GTFS Stop ID": "F15", "Station ID": 233, "Complex ID": 625, "Division": "IND", "Line": "6th Av - Culver", "Stop Name": "Delancey St-Essex St", "Borough": "M", "CBD": true, "Daytime Routes": "F", "Structure": "Subway", "Latitude": 40.718611, "Longitude": -73.988114, "North Direction Label": "Uptown", "South Direction Label": "Brooklyn", "ADA": 0, "ADA Northbound": 0, "ADA Southbound": 0, "ADA Notes": null, "restroom_count": 0 }, "geometry": { "type": "Point", "coordinates": [ -73.988114, 40.718610999999846 ] } },
{ "type": "Feature", "properties": { "GTFS Stop ID": "F16", "Station ID": 234, "Complex ID": 234, "Division": "IND", "Line": "6th Av - Culver", "Stop Name": "East Broadway", "Borough": "M", "CBD": true, "Daytime Routes": "F", "Structure": "Subway", "Latitude": 40.713715, "Longitude": -73.990173, "North Direction Label": "Uptown", "South Direction Label": "Brooklyn", "ADA": 0, "ADA Northbound": 0, "ADA Southbound": 0, "ADA Notes": null, "restroom_count": 3 }, "geometry": { "type": "Point", "coordinates": [ -73.990173, 40.713714999999851 ] } },
{ "type": "Feature", "properties": { "GTFS Stop ID": "F18", "Station ID": 235, "Complex ID": 235, "Division": "IND", "Line": "6th Av - Culver", "Stop Name": "York St", "Borough": "Bk", "CBD": false, "Daytime Routes": "F", "Structure": "Subway", "Latitude": 40.701397, "Longitude": -73.986751, "North Direction Label": "Manhattan", "South Direction Label": "Southbound", "ADA": 0, "ADA Northbound": 0, "ADA Southbound": 0, "ADA Notes": null, "restroom_count": 1 }, "geometry": { "type": "Point", "coordinates": [ -73.986751, 40.701396999999844 ] } },
{ "type": "Feature", "properties": { "GTFS Stop ID": "F20", "Station ID": 236, "Complex ID": 236, "Division": "IND", "Line": "6th Av - Culver", "Stop Name": "Bergen St", "Borough": "Bk", "CBD": false, "Daytime Routes": "F G", "Structure": "Subway", "Latitude": 40.686145, "Longitude": -73.990862, "North Direction Label": "Northbound", "South Direction Label": "Southbound", "ADA": 0, "ADA Northbound": 0, "ADA Southbound": 0, "ADA Notes": null, "restroom_count": 0 }, "geometry": { "type": "Point", "coordinates": [ -73.990862, 40.686144999999847 ] } },
{ "type": "Feature", "properties": { "GTFS Stop ID": "F21", "Station ID": 237, "Complex ID": 237, "Division": "IND", "Line": "6th Av - Culver", "Stop Name": "Carroll St", "Borough": "Bk", "CBD": false, "Daytime Routes": "F G", "Structure": "Subway", "Latitude": 40.680303, "Longitude": -73.995048, "North Direction Label": "Northbound", "South Direction Label": "Southbound", "ADA": 0, "ADA Northbound": 0, "ADA Southbound": 0, "ADA Notes": null, "restroom_count": 1 }, "geometry": { "type": "Point", "coordinates": [ -73.995048, 40.680302999999853 ] } },
{ "type": "Feature", "properties": { "GTFS Stop ID": "F22", "Station ID": 238, "Complex ID": 238, "Division": "IND", "Line": "6th Av - Culver", "Stop Name": "Smith-9 Sts", "Borough": "Bk", "CBD": false, "Daytime Routes": "F G", "Structure": "Viaduct", "Latitude": 40.67358, "Longitude": -73.995959, "North Direction Label": "Northbound", "South Direction Label": "Southbound", "ADA": 0, "ADA Northbound": 0, "ADA Southbound": 0, "ADA Notes": null, "restroom_count": 0 }, "geometry": { "type": "Point", "coordinates": [ -73.995959, 40.673579999999838 ] } },
{ "type": "Feature", "properties": { "GTFS Stop ID": "F23", "Station ID": 239, "Complex ID": 608, "Division": "IND", "Line": "6th Av - Culver", "Stop Name": "4 Av-9 St", "Borough": "Bk", "CBD": false, "Daytime Routes": "F G", "Structure": "Viaduct", "Latitude": 40.670272, "Longitude": -73.989779, "North Direction Label": "Northbound", "South Direction Label": "Southbound", "ADA": 0, "ADA Northbound": 0, "ADA Southbound": 0, "ADA Notes": null, "restroom_count": 0 }, "geometry": { "type": "Point", "coordinates": [ -73.989779, 40.670271999999834 ] } },
{ "type": "Feature", "properties": { "GTFS Stop ID": "F24", "Station ID": 240, "Complex ID": 240, "Division": "IND", "Line": "6th Av - Culver", "Stop Name": "7 Av", "Borough": "Bk", "CBD": false, "Daytime Routes": "F G", "Structure": "Subway", "Latitude": 40.666271, "Longitude": -73.980305, "North Direction Label": "Northbound", "South Direction Label": "Southbound", "ADA": 1, "ADA Northbound": 1, "ADA Southbound": 1, "ADA Notes": null, "restroom_count": 0 }, "geometry": { "type": "Point", "coordinates": [ -73.980305, 40.666270999999824 ] } },
{ "type": "Feature", "properties": { "GTFS Stop ID": "F25", "Station ID": 241, "Complex ID": 241, "Division": "IND", "Line": "6th Av - Culver", "Stop Name": "15 St-Prospect Park", "Borough": "Bk", "CBD": false, "Daytime Routes": "F G", "Structure": "Subway", "Latitude": 40.660365, "Longitude": -73.979493, "North Direction Label": "Northbound", "South Direction Label": "Southbound", "ADA": 0, "ADA Northbound": 0, "ADA Southbound": 0, "ADA Notes": null, "restroom_count": 0 }, "geometry": { "type": "Point", "coordinates": [ -73.979493, 40.660364999999835 ] } },
{ "type": "Feature", "properties": { "GTFS Stop ID": "F26", "Station ID": 242, "Complex ID": 242, "Division": "IND", "Line": "6th Av - Culver", "Stop Name": "Fort Hamilton Pkwy", "Borough": "Bk", "CBD": false, "Daytime Routes": "F G", "Structure": "Subway", "Latitude": 40.650782, "Longitude": -73.975776, "North Direction Label": "Northbound", "South Direction Label": "Southbound", "ADA": 0, "ADA Northbound": 0, "ADA Southbound": 0, "ADA Notes": null, "restroom_count": 2 }, "geometry": { "type": "Point", "coordinates": [ -73.975776, 40.650781999999829 ] } },
{ "type": "Feature", "properties": { "GTFS Stop ID": "F27", "Station ID": 243, "Complex ID": 243, "Division": "IND", "Line": "6th Av - Culver", "Stop Name": "Church Av", "Borough": "Bk", "CBD": false, "Daytime Routes": "F G", "Structure": "Subway", "Latitude": 40.644041, "Longitude": -73.979678, "North Direction Label": "Northbound", "South Direction Label": "Southbound", "ADA": 1, "ADA Northbound": 1, "ADA Southbound": 1, "ADA Notes": null, "restroom_count": 1 }, "geometry": { "type": "Point", "coordinates": [ -73.979678, 40.644040999999838 ] } },
{ "type": "Feature", "properties": { "GTFS Stop ID": "F29", "Station ID": 244, "Complex ID": 244, "Division": "IND", "Line": "6th Av - Culver", "Stop Name": "Ditmas Av", "Borough": "Bk", "CBD": false, "Daytime Routes": "F", "Structure": "Elevated", "Latitude": 40.636119, "Longitude": -73.978172, "North Direction Label": "Manhattan", "South Direction Label": "Southbound", "ADA": 0, "ADA Northbound": 0, "ADA Southbound": 0, "ADA Notes": null, "restroom_count": 0 }, "geometry": { "type": "Point", "coordinates": [ -73.978172, 40.636118999999844 ] } },
{ "type": "Feature", "properties": { "GTFS Stop ID": "F30", "Station ID": 245, "Complex ID": 245, "Division": "IND", "Line": "6th Av - Culver", "Stop Name": "18 Av", "Borough": "Bk", "CBD": false, "Daytime Routes": "F", "Structure": "Elevated", "Latitude": 40.629755, "Longitude": -73.976971, "North Direction Label": "Manhattan", "South Direction Label": "Southbound", "ADA": 0, "ADA Northbound": 0, "ADA Southbound": 0, "ADA Notes": null, "restroom_count": 1 }, "geometry": { "type": "Point", "coordinates": [ -73.976971, 40.629754999999825 ] } },
{ "type": "Feature", "properties": { "GTFS Stop ID": "F31", "Station ID": 246, "Complex ID": 246, "Division": "IND", "Line": "6th Av - Culver", "Stop Name": "Avenue I", "Borough": "Bk", "CBD": false, "Daytime Routes": "F", "Structure": "Elevated", "Latitude": 40.625322, "Longitude": -73.976127, "North Direction Label": "Manhattan", "South Direction Label": "Southbound", "ADA": 0, "ADA Northbound": 0, "ADA Southbound": 0, "ADA Notes": null, "restroom_count": 0 }, "geometry": { "type": "Point", "coordinates": [ -73.976127, 40.625321999999819 ] } },
{ "type": "Feature", "properties": { "GTFS Stop ID": "F32", "Station ID": 247, "Complex ID": 247, "Division": "IND", "Line": "6th Av - Culver", "Stop Name": "Bay Pkwy", "Borough": "Bk", "CBD": false, "Daytime Routes": "F", "Structure": "Elevated", "Latitude": 40.620769, "Longitude": -73.975264, "North Direction Label": "Manhattan", "South Direction Label": "Southbound", "ADA": 0, "ADA Northbound": 0, "ADA Southbound": 0, "ADA Notes": null, "restroom_count": 0 }, "geometry": { "type": "Point", "coordinates": [ -73.975264, 40.620768999999839 ] } },
{ "type": "Feature", "properties": { "GTFS Stop ID": "F33", "Station ID": 248, "Complex ID": 248, "Division": "IND", "Line": "6th Av - Culver", "Stop Name": "Avenue N", "Borough": "Bk", "CBD": false, "Daytime Routes": "F", "Structure": "Elevated", "Latitude": 40.61514, "Longitude": -73.974197, "North Direction Label": "Manhattan", "South Direction Label": "Southbound", "ADA": 0, "ADA Northbound": 0, "ADA Southbound": 0, "ADA Notes": null, "restroom_count": 0 }, "geometry": { "type": "Point", "coordinates": [ -73.974197, 40.615139999999833 ] } },
{ "type": "Feature", "properties": { "GTFS Stop ID": "F34", "Station ID": 249, "Complex ID": 249, "Division": "IND", "Line": "6th Av - Culver", "Stop Name": "Avenue P", "Borough": "Bk", "CBD": false, "Daytime Routes": "F", "Structure": "Elevated", "Latitude": 40.608944, "Longitude": -73.973022, "North Direction Label": "Manhattan", "South Direction Label": "Southbound", "ADA": 0, "ADA Northbound": 0, "ADA Southbound": 0, "ADA Notes": null, "restroom_count": 0 }, "geometry": { "type": "Point", "coordinates": [ -73.973022, 40.608943999999852 ] } },
{ "type": "Feature", "properties": { "GTFS Stop ID": "F35", "Station ID": 250, "Complex ID": 250, "Division": "IND", "Line": "6th Av - Culver", "Stop Name": "Kings Hwy", "Borough": "Bk", "CBD": false, "Daytime Routes": "F", "Structure": "Elevated", "Latitude": 40.603217, "Longitude": -73.972361, "North Direction Label": "Manhattan", "South Direction Label": "Southbound", "ADA": 0, "ADA Northbound": 0, "ADA Southbound": 0, "ADA Notes": null, "restroom_count": 1 }, "geometry": { "type": "Point", "coordinates": [ -73.972361, 40.603216999999844 ] } },
{ "type": "Feature", "properties": { "GTFS Stop ID": "F36", "Station ID": 251, "Complex ID": 251, "Division": "IND", "Line": "6th Av - Culver", "Stop Name": "Avenue U", "Borough": "Bk", "CBD": false, "Daytime Routes": "F", "Structure": "Elevated", "Latitude": 40.596063, "Longitude": -73.973357, "North Direction Label": "Manhattan", "South Direction Label": "Coney Island", "ADA": 0, "ADA Northbound": 0, "ADA Southbound": 0, "ADA Notes": null, "restroom_count": 0 }, "geometry": { "type": "Point", "coordinates": [ -73.973357, 40.596062999999845 ] } },
{ "type": "Feature", "properties": { "GTFS Stop ID": "F38", "Station ID": 252, "Complex ID": 252, "Division": "IND", "Line": "6th Av - Culver", "Stop Name": "Avenue X", "Borough": "Bk", "CBD": false, "Daytime Routes": "F", "Structure": "Elevated", "Latitude": 40.58962, "Longitude": -73.97425, "North Direction Label": "Manhattan", "South Direction Label": "Coney Island", "ADA": 0, "ADA Northbound": 0, "ADA Southbound": 0, "ADA Notes": null, "restroom_count": 1 }, "geometry": { "type": "Point", "coordinates": [ -73.97425, 40.589619999999819 ] } },
{ "type": "Feature", "properties": { "GTFS Stop ID": "F39", "Station ID": 253, "Complex ID": 253, "Division": "IND", "Line": "6th Av - Culver", "Stop Name": "Neptune Av", "Borough": "Bk", "CBD": false, "Daytime Routes": "F", "Structure": "Elevated", "Latitude": 40.581011, "Longitude": -73.974574, "North Direction Label": "Manhattan", "South Direction Label": "Coney Island", "ADA": 0, "ADA Northbound": 0, "ADA Southbound": 0, "ADA Notes": null, "restroom_count": 0 }, "geometry": { "type": "Point", "coordinates": [ -73.974574, 40.581010999999826 ] } },
{ "type": "Feature", "properties": { "GTFS Stop ID": "F01", "Station ID": 254, "Complex ID": 254, "Division": "IND", "Line": "Queens Blvd", "Stop Name": "Jamaica-179 St", "Borough": "Q", "CBD": false, "Daytime Routes": "F", "Structure": "Subway", "Latitude": 40.712646, "Longitude": -73.783817, "North Direction Label": "Last Stop", "South Direction Label": "Manhattan", "ADA": 1, "ADA Northbound": 1, "ADA Southbound": 1, "ADA Notes": null, "restroom_count": 0 }, "geometry": { "type": "Point", "coordinates": [ -73.783817, 40.712645999999829 ] } },
{ "type": "Feature", "properties": { "GTFS Stop ID": "F02", "Station ID": 255, "Complex ID": 255, "Division": "IND", "Line": "Queens Blvd", "Stop Name": "169 St", "Borough": "Q", "CBD": false, "Daytime Routes": "F", "Structure": "Subway", "Latitude": 40.71047, "Longitude": -73.793604, "North Direction Label": "Jamaica", "South Direction Label": "Manhattan", "ADA": 0, "ADA Northbound": 0, "ADA Southbound": 0, "ADA Notes": null, "restroom_count": 0 }, "geometry": { "type": "Point", "coordinates": [ -73.793604, 40.710469999999823 ] } },
{ "type": "Feature", "properties": { "GTFS Stop ID": "F03", "Station ID": 256, "Complex ID": 256, "Division": "IND", "Line": "Queens Blvd", "Stop Name": "Parsons Blvd", "Borough": "Q", "CBD": false, "Daytime Routes": "F", "Structure": "Subway", "Latitude": 40.707564, "Longitude": -73.803326, "North Direction Label": "Jamaica", "South Direction Label": "Manhattan", "ADA": 0, "ADA Northbound": 0, "ADA Southbound": 0, "ADA Notes": null, "restroom_count": 0 }, "geometry": { "type": "Point", "coordinates": [ -73.803326, 40.707563999999834 ] } },
{ "type": "Feature", "properties": { "GTFS Stop ID": "F04", "Station ID": 257, "Complex ID": 257, "Division": "IND", "Line": "Queens Blvd", "Stop Name": "Sutphin Blvd", "Borough": "Q", "CBD": false, "Daytime Routes": "F", "Structure": "Subway", "Latitude": 40.70546, "Longitude": -73.810708, "North Direction Label": "Jamaica", "South Direction Label": "Manhattan", "ADA": 0, "ADA Northbound": 0, "ADA Southbound": 0, "ADA Notes": null, "restroom_count": 0 }, "geometry": { "type": "Point", "coordinates": [ -73.810708, 40.705459999999832 ] } },
{ "type": "Feature", "properties": { "GTFS Stop ID": "F05", "Station ID": 258, "Complex ID": 258, "Division": "IND", "Line": "Queens Blvd", "Stop Name": "Briarwood", "Borough": "Q", "CBD": false, "Daytime Routes": "E F", "Structure": "Subway", "Latitude": 40.709179, "Longitude": -73.820574, "North Direction Label": "Jamaica", "South Direction Label": "Manhattan", "ADA": 0, "ADA Northbound": 0, "ADA Southbound": 0, "ADA Notes": null, "restroom_count": 1 }, "geometry": { "type": "Point", "coordinates": [ -73.820574, 40.709178999999843 ] } },
{ "type": "Feature", "properties": { "GTFS Stop ID": "F06", "Station ID": 259, "Complex ID": 259, "Division": "IND", "Line": "Queens Blvd", "Stop Name": "Kew Gardens-Union Tpke", "Borough": "Q", "CBD": false, "Daytime Routes": "E F", "Structure": "Subway", "Latitude": 40.714441, "Longitude": -73.831008, "North Direction Label": "Jamaica", "South Direction Label": "Manhattan", "ADA": 1, "ADA Northbound": 1, "ADA Southbound": 1, "ADA Notes": null, "restroom_count": 0 }, "geometry": { "type": "Point", "coordinates": [ -73.831008, 40.714440999999852 ] } },
{ "type": "Feature", "properties": { "GTFS Stop ID": "F07", "Station ID": 260, "Complex ID": 260, "Division": "IND", "Line": "Queens Blvd", "Stop Name": "75 Av", "Borough": "Q", "CBD": false, "Daytime Routes": "E F", "Structure": "Subway", "Latitude": 40.718331, "Longitude": -73.837324, "North Direction Label": "Jamaica", "South Direction Label": "Manhattan", "ADA": 0, "ADA Northbound": 0, "ADA Southbound": 0, "ADA Notes": null, "restroom_count": 0 }, "geometry": { "type": "Point", "coordinates": [ -73.837324, 40.71833099999985 ] } },
{ "type": "Feature", "properties": { "GTFS Stop ID": "G08", "Station ID": 261, "Complex ID": 261, "Division": "IND", "Line": "Queens Blvd", "Stop Name": "Forest Hills-71 Av", "Borough": "Q", "CBD": false, "Daytime Routes": "E F M R", "Structure": "Subway", "Latitude": 40.721691, "Longitude": -73.844521, "North Direction Label": "Outbound", "South Direction Label": "Manhattan", "ADA": 1, "ADA Northbound": 1, "ADA Southbound": 1, "ADA Notes": null, "restroom_count": 0 }, "geometry": { "type": "Point", "coordinates": [ -73.844521, 40.721690999999844 ] } },
{ "type": "Feature", "properties": { "GTFS Stop ID": "G09", "Station ID": 262, "Complex ID": 262, "Division": "IND", "Line": "Queens Blvd", "Stop Name": "67 Av", "Borough": "Q", "CBD": false, "Daytime Routes": "M R", "Structure": "Subway", "Latitude": 40.726523, "Longitude": -73.852719, "North Direction Label": "Outbound", "South Direction Label": "Manhattan", "ADA": 0, "ADA Northbound": 0, "ADA Southbound": 0, "ADA Notes": null, "restroom_count": 0 }, "geometry": { "type": "Point", "coordinates": [ -73.852719, 40.726522999999844 ] } },
{ "type": "Feature", "properties": { "GTFS Stop ID": "G10", "Station ID": 263, "Complex ID": 263, "Division": "IND", "Line": "Queens Blvd", "Stop Name": "63 Dr-Rego Park", "Borough": "Q", "CBD": false, "Daytime Routes": "M R", "Structure": "Subway", "Latitude": 40.729846, "Longitude": -73.861604, "North Direction Label": "Outbound", "South Direction Label": "Manhattan", "ADA": 0, "ADA Northbound": 0, "ADA Southbound": 0, "ADA Notes": null, "restroom_count": 0 }, "geometry": { "type": "Point", "coordinates": [ -73.861604, 40.729845999999846 ] } },
{ "type": "Feature", "properties": { "GTFS Stop ID": "G11", "Station ID": 264, "Complex ID": 264, "Division": "IND", "Line": "Queens Blvd", "Stop Name": "Woodhaven Blvd", "Borough": "Q", "CBD": false, "Daytime Routes": "M R", "Structure": "Subway", "Latitude": 40.733106, "Longitude": -73.869229, "North Direction Label": "Outbound", "South Direction Label": "Manhattan", "ADA": 0, "ADA Northbound": 0, "ADA Southbound": 0, "ADA Notes": null, "restroom_count": 1 }, "geometry": { "type": "Point", "coordinates": [ -73.869229, 40.733105999999843 ] } },
{ "type": "Feature", "properties": { "GTFS Stop ID": "G12", "Station ID": 265, "Complex ID": 265, "Division": "IND", "Line": "Queens Blvd", "Stop Name": "Grand Av-Newtown", "Borough": "Q", "CBD": false, "Daytime Routes": "M R", "Structure": "Subway", "Latitude": 40.737015, "Longitude": -73.877223, "North Direction Label": "Outbound", "South Direction Label": "Manhattan", "ADA": 0, "ADA Northbound": 0, "ADA Southbound": 0, "ADA Notes": null, "restroom_count": 0 }, "geometry": { "type": "Point", "coordinates": [ -73.877223, 40.737014999999836 ] } },
{ "type": "Feature", "properties": { "GTFS Stop ID": "G13", "Station ID": 266, "Complex ID": 266, "Division": "IND", "Line": "Queens Blvd", "Stop Name": "Elmhurst Av", "Borough": "Q", "CBD": false, "Daytime Routes": "M R", "Structure": "Subway", "Latitude": 40.742454, "Longitude": -73.882017, "North Direction Label": "Outbound", "South Direction Label": "Manhattan", "ADA": 0, "ADA Northbound": 0, "ADA Southbound": 0, "ADA Notes": null, "restroom_count": 1 }, "geometry": { "type": "Point", "coordinates": [ -73.882017, 40.742453999999853 ] } },
{ "type": "Feature", "properties": { "GTFS Stop ID": "G14", "Station ID": 267, "Complex ID": 616, "Division": "IND", "Line": "Queens Blvd", "Stop Name": "Jackson Hts-Roosevelt Av", "Borough": "Q", "CBD": false, "Daytime Routes": "E F M R", "Structure": "Subway", "Latitude": 40.746644, "Longitude": -73.891338, "North Direction Label": "Outbound", "South Direction Label": "Manhattan", "ADA": 1, "ADA Northbound": 1, "ADA Southbound": 1, "ADA Notes": null, "restroom_count": 0 }, "geometry": { "type": "Point", "coordinates": [ -73.891338, 40.74664399999984 ] } },
{ "type": "Feature", "properties": { "GTFS Stop ID": "G15", "Station ID": 268, "Complex ID": 268, "Division": "IND", "Line": "Queens Blvd", "Stop Name": "65 St", "Borough": "Q", "CBD": false, "Daytime Routes": "M R", "Structure": "Subway", "Latitude": 40.749669, "Longitude": -73.898453, "North Direction Label": "Outbound", "South Direction Label": "Manhattan", "ADA": 0, "ADA Northbound": 0, "ADA Southbound": 0, "ADA Notes": null, "restroom_count": 1 }, "geometry": { "type": "Point", "coordinates": [ -73.898453, 40.749668999999848 ] } },
{ "type": "Feature", "properties": { "GTFS Stop ID": "G16", "Station ID": 269, "Complex ID": 269, "Division": "IND", "Line": "Queens Blvd", "Stop Name": "Northern Blvd", "Borough": "Q", "CBD": false, "Daytime Routes": "M R", "Structure": "Subway", "Latitude": 40.752885, "Longitude": -73.906006, "North Direction Label": "Outbound", "South Direction Label": "Manhattan", "ADA": 2, "ADA Northbound": 1, "ADA Southbound": 0, "ADA Notes": "Outbound only", "restroom_count": 0 }, "geometry": { "type": "Point", "coordinates": [ -73.906006, 40.752884999999857 ] } },
{ "type": "Feature", "properties": { "GTFS Stop ID": "G18", "Station ID": 270, "Complex ID": 270, "Division": "IND", "Line": "Queens Blvd", "Stop Name": "46 St", "Borough": "Q", "CBD": false, "Daytime Routes": "M R", "Structure": "Subway", "Latitude": 40.756312, "Longitude": -73.913333, "North Direction Label": "Outbound", "South Direction Label": "Manhattan", "ADA": 0, "ADA Northbound": 0, "ADA Southbound": 0, "ADA Notes": null, "restroom_count": 0 }, "geometry": { "type": "Point", "coordinates": [ -73.913333, 40.756311999999845 ] } },
{ "type": "Feature", "properties": { "GTFS Stop ID": "G19", "Station ID": 271, "Complex ID": 271, "Division": "IND", "Line": "Queens Blvd", "Stop Name": "Steinway St", "Borough": "Q", "CBD": false, "Daytime Routes": "M R", "Structure": "Subway", "Latitude": 40.756879, "Longitude": -73.92074, "North Direction Label": "Outbound", "South Direction Label": "Manhattan", "ADA": 0, "ADA Northbound": 0, "ADA Southbound": 0, "ADA Notes": null, "restroom_count": 0 }, "geometry": { "type": "Point", "coordinates": [ -73.92074, 40.756878999999834 ] } },
{ "type": "Feature", "properties": { "GTFS Stop ID": "G20", "Station ID": 272, "Complex ID": 272, "Division": "IND", "Line": "Queens Blvd", "Stop Name": "36 St", "Borough": "Q", "CBD": false, "Daytime Routes": "M R", "Structure": "Subway", "Latitude": 40.752039, "Longitude": -73.928781, "North Direction Label": "Outbound", "South Direction Label": "Manhattan", "ADA": 0, "ADA Northbound": 0, "ADA Southbound": 0, "ADA Notes": null, "restroom_count": 0 }, "geometry": { "type": "Point", "coordinates": [ -73.928781, 40.75203899999984 ] } },
{ "type": "Feature", "properties": { "GTFS Stop ID": "G21", "Station ID": 273, "Complex ID": 273, "Division": "IND", "Line": "Queens Blvd", "Stop Name": "Queens Plaza", "Borough": "Q", "CBD": false, "Daytime Routes": "E M R", "Structure": "Subway", "Latitude": 40.748973, "Longitude": -73.937243, "North Direction Label": "Outbound", "South Direction Label": "Manhattan", "ADA": 1, "ADA Northbound": 1, "ADA Southbound": 1, "ADA Notes": null, "restroom_count": 0 }, "geometry": { "type": "Point", "coordinates": [ -73.937243, 40.748972999999829 ] } },
{ "type": "Feature", "properties": { "GTFS Stop ID": "F09", "Station ID": 274, "Complex ID": 606, "Division": "IND", "Line": "Queens Blvd", "Stop Name": "Court Sq-23 St", "Borough": "Q", "CBD": false, "Daytime Routes": "E M", "Structure": "Subway", "Latitude": 40.747846, "Longitude": -73.946, "North Direction Label": "Outbound", "South Direction Label": "Manhattan", "ADA": 2, "ADA Northbound": 1, "ADA Southbound": 0, "ADA Notes": "Manhattan-bound only", "restroom_count": 0 }, "geometry": { "type": "Point", "coordinates": [ -73.946, 40.747845999999846 ] } },
{ "type": "Feature", "properties": { "GTFS Stop ID": "F11", "Station ID": 275, "Complex ID": 612, "Division": "IND", "Line": "Queens Blvd", "Stop Name": "Lexington Av\/53 St", "Borough": "M", "CBD": true, "Daytime Routes": "E M", "Structure": "Subway", "Latitude": 40.757552, "Longitude": -73.969055, "North Direction Label": "Queens", "South Direction Label": "Downtown", "ADA": 1, "ADA Northbound": 1, "ADA Southbound": 1, "ADA Notes": null, "restroom_count": 2 }, "geometry": { "type": "Point", "coordinates": [ -73.969055, 40.757551999999833 ] } },
{ "type": "Feature", "properties": { "GTFS Stop ID": "F12", "Station ID": 276, "Complex ID": 276, "Division": "IND", "Line": "Queens Blvd", "Stop Name": "5 Av\/53 St", "Borough": "M", "CBD": true, "Daytime Routes": "E M", "Structure": "Subway", "Latitude": 40.760167, "Longitude": -73.975224, "North Direction Label": "Queens", "South Direction Label": "Downtown", "ADA": 0, "ADA Northbound": 0, "ADA Southbound": 0, "ADA Notes": null, "restroom_count": 4 }, "geometry": { "type": "Point", "coordinates": [ -73.975224, 40.760166999999839 ] } },
{ "type": "Feature", "properties": { "GTFS Stop ID": "D14", "Station ID": 277, "Complex ID": 277, "Division": "IND", "Line": "Queens Blvd", "Stop Name": "7 Av", "Borough": "M", "CBD": true, "Daytime Routes": "E B D", "Structure": "Subway", "Latitude": 40.762862, "Longitude": -73.981637, "North Direction Label": "Outbound", "South Direction Label": "Downtown", "ADA": 0, "ADA Northbound": 0, "ADA Southbound": 0, "ADA Notes": null, "restroom_count": 0 }, "geometry": { "type": "Point", "coordinates": [ -73.981637, 40.762861999999828 ] } },
{ "type": "Feature", "properties": { "GTFS Stop ID": "G05", "Station ID": 278, "Complex ID": 278, "Division": "IND", "Line": "Queens - Archer", "Stop Name": "Jamaica Center-Parsons\/Archer", "Borough": "Q", "CBD": false, "Daytime Routes": "E J Z", "Structure": "Subway", "Latitude": 40.702147, "Longitude": -73.801109, "North Direction Label": "Last Stop", "South Direction Label": "Manhattan", "ADA": 1, "ADA Northbound": 1, "ADA Southbound": 1, "ADA Notes": null, "restroom_count": 1 }, "geometry": { "type": "Point", "coordinates": [ -73.801109, 40.702146999999819 ] } },
{ "type": "Feature", "properties": { "GTFS Stop ID": "G06", "Station ID": 279, "Complex ID": 279, "Division": "IND", "Line": "Queens - Archer", "Stop Name": "Sutphin Blvd-Archer Av-JFK Airport", "Borough": "Q", "CBD": false, "Daytime Routes": "E J Z", "Structure": "Subway", "Latitude": 40.700486, "Longitude": -73.807969, "North Direction Label": "Jamaica", "South Direction Label": "Manhattan", "ADA": 1, "ADA Northbound": 1, "ADA Southbound": 1, "ADA Notes": null, "restroom_count": 0 }, "geometry": { "type": "Point", "coordinates": [ -73.807969, 40.700485999999813 ] } },
{ "type": "Feature", "properties": { "GTFS Stop ID": "G07", "Station ID": 280, "Complex ID": 280, "Division": "IND", "Line": "Queens - Archer", "Stop Name": "Jamaica-Van Wyck", "Borough": "Q", "CBD": false, "Daytime Routes": "E", "Structure": "Subway", "Latitude": 40.702566, "Longitude": -73.816859, "North Direction Label": "Jamaica", "South Direction Label": "Manhattan", "ADA": 1, "ADA Northbound": 1, "ADA Southbound": 1, "ADA Notes": null, "restroom_count": 0 }, "geometry": { "type": "Point", "coordinates": [ -73.816859, 40.702565999999841 ] } },
{ "type": "Feature", "properties": { "GTFS Stop ID": "G22", "Station ID": 281, "Complex ID": 606, "Division": "IND", "Line": "Crosstown", "Stop Name": "Court Sq", "Borough": "Q", "CBD": false, "Daytime Routes": "G", "Structure": "Subway", "Latitude": 40.746554, "Longitude": -73.943832, "North Direction Label": "Last Stop", "South Direction Label": "Brooklyn", "ADA": 1, "ADA Northbound": 1, "ADA Southbound": 1, "ADA Notes": null, "restroom_count": 0 }, "geometry": { "type": "Point", "coordinates": [ -73.943832, 40.746553999999854 ] } },
{ "type": "Feature", "properties": { "GTFS Stop ID": "G24", "Station ID": 282, "Complex ID": 282, "Division": "IND", "Line": "Crosstown", "Stop Name": "21 St", "Borough": "Q", "CBD": false, "Daytime Routes": "G", "Structure": "Subway", "Latitude": 40.744065, "Longitude": -73.949724, "North Direction Label": "Court Square", "South Direction Label": "Brooklyn", "ADA": 0, "ADA Northbound": 0, "ADA Southbound": 0, "ADA Notes": null, "restroom_count": 0 }, "geometry": { "type": "Point", "coordinates": [ -73.949724, 40.744064999999843 ] } },
{ "type": "Feature", "properties": { "GTFS Stop ID": "G26", "Station ID": 283, "Complex ID": 283, "Division": "IND", "Line": "Crosstown", "Stop Name": "Greenpoint Av", "Borough": "Bk", "CBD": false, "Daytime Routes": "G", "Structure": "Subway", "Latitude": 40.731352, "Longitude": -73.954449, "North Direction Label": "Queens", "South Direction Label": "Southbound", "ADA": 1, "ADA Northbound": 1, "ADA Southbound": 1, "ADA Notes": null, "restroom_count": 0 }, "geometry": { "type": "Point", "coordinates": [ -73.954449, 40.731351999999838 ] } },
{ "type": "Feature", "properties": { "GTFS Stop ID": "G28", "Station ID": 284, "Complex ID": 284, "Division": "IND", "Line": "Crosstown", "Stop Name": "Nassau Av", "Borough": "Bk", "CBD": false, "Daytime Routes": "G", "Structure": "Subway", "Latitude": 40.724635, "Longitude": -73.951277, "North Direction Label": "Queens", "South Direction Label": "Southbound", "ADA": 0, "ADA Northbound": 0, "ADA Southbound": 0, "ADA Notes": null, "restroom_count": 1 }, "geometry": { "type": "Point", "coordinates": [ -73.951277, 40.724634999999836 ] } },
{ "type": "Feature", "properties": { "GTFS Stop ID": "G29", "Station ID": 285, "Complex ID": 629, "Division": "IND", "Line": "Crosstown", "Stop Name": "Metropolitan Av", "Borough": "Bk", "CBD": false, "Daytime Routes": "G", "Structure": "Subway", "Latitude": 40.712792, "Longitude": -73.951418, "North Direction Label": "Queens", "South Direction Label": "Southbound", "ADA": 1, "ADA Northbound": 1, "ADA Southbound": 1, "ADA Notes": null, "restroom_count": 0 }, "geometry": { "type": "Point", "coordinates": [ -73.951418, 40.712791999999837 ] } },
{ "type": "Feature", "properties": { "GTFS Stop ID": "G30", "Station ID": 286, "Complex ID": 286, "Division": "IND", "Line": "Crosstown", "Stop Name": "Broadway", "Borough": "Bk", "CBD": false, "Daytime Routes": "G", "Structure": "Subway", "Latitude": 40.706092, "Longitude": -73.950308, "North Direction Label": "Queens", "South Direction Label": "Southbound", "ADA": 0, "ADA Northbound": 0, "ADA Southbound": 0, "ADA Notes": null, "restroom_count": 0 }, "geometry": { "type": "Point", "coordinates": [ -73.950308, 40.706091999999828 ] } },
{ "type": "Feature", "properties": { "GTFS Stop ID": "G31", "Station ID": 287, "Complex ID": 287, "Division": "IND", "Line": "Crosstown", "Stop Name": "Flushing Av", "Borough": "Bk", "CBD": false, "Daytime Routes": "G", "Structure": "Subway", "Latitude": 40.700377, "Longitude": -73.950234, "North Direction Label": "Queens", "South Direction Label": "Southbound", "ADA": 0, "ADA Northbound": 0, "ADA Southbound": 0, "ADA Notes": null, "restroom_count": 0 }, "geometry": { "type": "Point", "coordinates": [ -73.950234, 40.70037699999984 ] } },
{ "type": "Feature", "properties": { "GTFS Stop ID": "G32", "Station ID": 288, "Complex ID": 288, "Division": "IND", "Line": "Crosstown", "Stop Name": "Myrtle-Willoughby Avs", "Borough": "Bk", "CBD": false, "Daytime Routes": "G", "Structure": "Subway", "Latitude": 40.694568, "Longitude": -73.949046, "North Direction Label": "Queens", "South Direction Label": "Southbound", "ADA": 0, "ADA Northbound": 0, "ADA Southbound": 0, "ADA Notes": null, "restroom_count": 1 }, "geometry": { "type": "Point", "coordinates": [ -73.949046, 40.694567999999826 ] } },
{ "type": "Feature", "properties": { "GTFS Stop ID": "G33", "Station ID": 289, "Complex ID": 289, "Division": "IND", "Line": "Crosstown", "Stop Name": "Bedford-Nostrand Avs", "Borough": "Bk", "CBD": false, "Daytime Routes": "G", "Structure": "Subway", "Latitude": 40.689627, "Longitude": -73.953522, "North Direction Label": "Queens", "South Direction Label": "Southbound", "ADA": 0, "ADA Northbound": 0, "ADA Southbound": 0, "ADA Notes": null, "restroom_count": 0 }, "geometry": { "type": "Point", "coordinates": [ -73.953522, 40.689626999999831 ] } },
{ "type": "Feature", "properties": { "GTFS Stop ID": "G34", "Station ID": 290, "Complex ID": 290, "Division": "IND", "Line": "Crosstown", "Stop Name": "Classon Av", "Borough": "Bk", "CBD": false, "Daytime Routes": "G", "Structure": "Subway", "Latitude": 40.688873, "Longitude": -73.96007, "North Direction Label": "Queens", "South Direction Label": "Southbound", "ADA": 0, "ADA Northbound": 0, "ADA Southbound": 0, "ADA Notes": null, "restroom_count": 0 }, "geometry": { "type": "Point", "coordinates": [ -73.96007, 40.688872999999845 ] } },
{ "type": "Feature", "properties": { "GTFS Stop ID": "G35", "Station ID": 291, "Complex ID": 291, "Division": "IND", "Line": "Crosstown", "Stop Name": "Clinton-Washington Avs", "Borough": "Bk", "CBD": false, "Daytime Routes": "G", "Structure": "Subway", "Latitude": 40.688089, "Longitude": -73.966839, "North Direction Label": "Queens", "South Direction Label": "Southbound", "ADA": 0, "ADA Northbound": 0, "ADA Southbound": 0, "ADA Notes": null, "restroom_count": 3 }, "geometry": { "type": "Point", "coordinates": [ -73.966839, 40.688088999999856 ] } },
{ "type": "Feature", "properties": { "GTFS Stop ID": "G36", "Station ID": 292, "Complex ID": 292, "Division": "IND", "Line": "Crosstown", "Stop Name": "Fulton St", "Borough": "Bk", "CBD": false, "Daytime Routes": "G", "Structure": "Subway", "Latitude": 40.687119, "Longitude": -73.975375, "North Direction Label": "Queens", "South Direction Label": "Southbound", "ADA": 0, "ADA Northbound": 0, "ADA Southbound": 0, "ADA Notes": null, "restroom_count": 0 }, "geometry": { "type": "Point", "coordinates": [ -73.975375, 40.687118999999839 ] } },
{ "type": "Feature", "properties": { "GTFS Stop ID": "101", "Station ID": 293, "Complex ID": 293, "Division": "IRT", "Line": "Broadway - 7Av", "Stop Name": "Van Cortlandt Park-242 St", "Borough": "Bx", "CBD": false, "Daytime Routes": "1", "Structure": "Elevated", "Latitude": 40.889248, "Longitude": -73.898583, "North Direction Label": "Last Stop", "South Direction Label": "Manhattan", "ADA": 0, "ADA Northbound": 0, "ADA Southbound": 0, "ADA Notes": null, "restroom_count": 0 }, "geometry": { "type": "Point", "coordinates": [ -73.898583, 40.889247999999846 ] } },
{ "type": "Feature", "properties": { "GTFS Stop ID": "103", "Station ID": 294, "Complex ID": 294, "Division": "IRT", "Line": "Broadway - 7Av", "Stop Name": "238 St", "Borough": "Bx", "CBD": false, "Daytime Routes": "1", "Structure": "Elevated", "Latitude": 40.884667, "Longitude": -73.90087, "North Direction Label": "Van Cortlandt", "South Direction Label": "Manhattan", "ADA": 0, "ADA Northbound": 0, "ADA Southbound": 0, "ADA Notes": null, "restroom_count": 0 }, "geometry": { "type": "Point", "coordinates": [ -73.90087, 40.884666999999844 ] } },
{ "type": "Feature", "properties": { "GTFS Stop ID": "104", "Station ID": 295, "Complex ID": 295, "Division": "IRT", "Line": "Broadway - 7Av", "Stop Name": "231 St", "Borough": "Bx", "CBD": false, "Daytime Routes": "1", "Structure": "Elevated", "Latitude": 40.878856, "Longitude": -73.904834, "North Direction Label": "Van Cortlandt", "South Direction Label": "Manhattan", "ADA": 1, "ADA Northbound": 1, "ADA Southbound": 1, "ADA Notes": null, "restroom_count": 0 }, "geometry": { "type": "Point", "coordinates": [ -73.904834, 40.878855999999836 ] } },
{ "type": "Feature", "properties": { "GTFS Stop ID": "106", "Station ID": 296, "Complex ID": 296, "Division": "IRT", "Line": "Broadway - 7Av", "Stop Name": "Marble Hill-225 St", "Borough": "M", "CBD": false, "Daytime Routes": "1", "Structure": "Elevated", "Latitude": 40.874561, "Longitude": -73.909831, "North Direction Label": "The Bronx", "South Direction Label": "Downtown", "ADA": 0, "ADA Northbound": 0, "ADA Southbound": 0, "ADA Notes": null, "restroom_count": 0 }, "geometry": { "type": "Point", "coordinates": [ -73.909831, 40.874560999999858 ] } },
{ "type": "Feature", "properties": { "GTFS Stop ID": "107", "Station ID": 297, "Complex ID": 297, "Division": "IRT", "Line": "Broadway - 7Av", "Stop Name": "215 St", "Borough": "M", "CBD": false, "Daytime Routes": "1", "Structure": "Elevated", "Latitude": 40.869444, "Longitude": -73.915279, "North Direction Label": "The Bronx", "South Direction Label": "Downtown", "ADA": 0, "ADA Northbound": 0, "ADA Southbound": 0, "ADA Notes": null, "restroom_count": 0 }, "geometry": { "type": "Point", "coordinates": [ -73.915279, 40.869443999999838 ] } },
{ "type": "Feature", "properties": { "GTFS Stop ID": "108", "Station ID": 298, "Complex ID": 298, "Division": "IRT", "Line": "Broadway - 7Av", "Stop Name": "207 St", "Borough": "M", "CBD": false, "Daytime Routes": "1", "Structure": "Elevated", "Latitude": 40.864621, "Longitude": -73.918822, "North Direction Label": "The Bronx", "South Direction Label": "Downtown", "ADA": 0, "ADA Northbound": 0, "ADA Southbound": 0, "ADA Notes": null, "restroom_count": 0 }, "geometry": { "type": "Point", "coordinates": [ -73.918822, 40.864620999999843 ] } },
{ "type": "Feature", "properties": { "GTFS Stop ID": "109", "Station ID": 299, "Complex ID": 299, "Division": "IRT", "Line": "Broadway - 7Av", "Stop Name": "Dyckman St", "Borough": "M", "CBD": false, "Daytime Routes": "1", "Structure": "Elevated", "Latitude": 40.860531, "Longitude": -73.925536, "North Direction Label": "The Bronx", "South Direction Label": "Downtown", "ADA": 1, "ADA Northbound": 1, "ADA Southbound": 1, "ADA Notes": null, "restroom_count": 0 }, "geometry": { "type": "Point", "coordinates": [ -73.925536, 40.860530999999845 ] } },
{ "type": "Feature", "properties": { "GTFS Stop ID": "110", "Station ID": 300, "Complex ID": 300, "Division": "IRT", "Line": "Broadway - 7Av", "Stop Name": "191 St", "Borough": "M", "CBD": false, "Daytime Routes": "1", "Structure": "Subway", "Latitude": 40.855225, "Longitude": -73.929412, "North Direction Label": "The Bronx", "South Direction Label": "Downtown", "ADA": 0, "ADA Northbound": 0, "ADA Southbound": 0, "ADA Notes": null, "restroom_count": 0 }, "geometry": { "type": "Point", "coordinates": [ -73.929412, 40.855224999999855 ] } },
{ "type": "Feature", "properties": { "GTFS Stop ID": "111", "Station ID": 301, "Complex ID": 301, "Division": "IRT", "Line": "Broadway - 7Av", "Stop Name": "181 St", "Borough": "M", "CBD": false, "Daytime Routes": "1", "Structure": "Subway", "Latitude": 40.849505, "Longitude": -73.933596, "North Direction Label": "The Bronx", "South Direction Label": "Downtown", "ADA": 0, "ADA Northbound": 0, "ADA Southbound": 0, "ADA Notes": null, "restroom_count": 0 }, "geometry": { "type": "Point", "coordinates": [ -73.933596, 40.849504999999837 ] } },
{ "type": "Feature", "properties": { "GTFS Stop ID": "112", "Station ID": 302, "Complex ID": 605, "Division": "IRT", "Line": "Broadway - 7Av", "Stop Name": "168 St-Washington Hts", "Borough": "M", "CBD": false, "Daytime Routes": "1", "Structure": "Subway", "Latitude": 40.840556, "Longitude": -73.940133, "North Direction Label": "Uptown", "South Direction Label": "Downtown", "ADA": 0, "ADA Northbound": 0, "ADA Southbound": 0, "ADA Notes": null, "restroom_count": 1 }, "geometry": { "type": "Point", "coordinates": [ -73.940133, 40.840555999999822 ] } },
{ "type": "Feature", "properties": { "GTFS Stop ID": "113", "Station ID": 303, "Complex ID": 303, "Division": "IRT", "Line": "Broadway - 7Av", "Stop Name": "157 St", "Borough": "M", "CBD": false, "Daytime Routes": "1", "Structure": "Subway", "Latitude": 40.834041, "Longitude": -73.94489, "North Direction Label": "Uptown", "South Direction Label": "Downtown", "ADA": 0, "ADA Northbound": 0, "ADA Southbound": 0, "ADA Notes": null, "restroom_count": 0 }, "geometry": { "type": "Point", "coordinates": [ -73.94489, 40.834040999999836 ] } },
{ "type": "Feature", "properties": { "GTFS Stop ID": "114", "Station ID": 304, "Complex ID": 304, "Division": "IRT", "Line": "Broadway - 7Av", "Stop Name": "145 St", "Borough": "M", "CBD": false, "Daytime Routes": "1", "Structure": "Subway", "Latitude": 40.826551, "Longitude": -73.95036, "North Direction Label": "Uptown", "South Direction Label": "Downtown", "ADA": 0, "ADA Northbound": 0, "ADA Southbound": 0, "ADA Notes": null, "restroom_count": 1 }, "geometry": { "type": "Point", "coordinates": [ -73.95036, 40.826550999999846 ] } },
{ "type": "Feature", "properties": { "GTFS Stop ID": "115", "Station ID": 305, "Complex ID": 305, "Division": "IRT", "Line": "Broadway - 7Av", "Stop Name": "137 St-City College", "Borough": "M", "CBD": false, "Daytime Routes": "1", "Structure": "Subway", "Latitude": 40.822008, "Longitude": -73.953676, "North Direction Label": "Uptown", "South Direction Label": "Downtown", "ADA": 0, "ADA Northbound": 0, "ADA Southbound": 0, "ADA Notes": null, "restroom_count": 2 }, "geometry": { "type": "Point", "coordinates": [ -73.953676, 40.82200799999984 ] } },
{ "type": "Feature", "properties": { "GTFS Stop ID": "116", "Station ID": 306, "Complex ID": 306, "Division": "IRT", "Line": "Broadway - 7Av", "Stop Name": "125 St", "Borough": "M", "CBD": false, "Daytime Routes": "1", "Structure": "Elevated", "Latitude": 40.815581, "Longitude": -73.958372, "North Direction Label": "Uptown", "South Direction Label": "Downtown", "ADA": 0, "ADA Northbound": 0, "ADA Southbound": 0, "ADA Notes": null, "restroom_count": 1 }, "geometry": { "type": "Point", "coordinates": [ -73.958372, 40.815580999999838 ] } },
{ "type": "Feature", "properties": { "GTFS Stop ID": "117", "Station ID": 307, "Complex ID": 307, "Division": "IRT", "Line": "Broadway - 7Av", "Stop Name": "116 St-Columbia University", "Borough": "M", "CBD": false, "Daytime Routes": "1", "Structure": "Subway", "Latitude": 40.807722, "Longitude": -73.96411, "North Direction Label": "Uptown", "South Direction Label": "Downtown", "ADA": 0, "ADA Northbound": 0, "ADA Southbound": 0, "ADA Notes": null, "restroom_count": 1 }, "geometry": { "type": "Point", "coordinates": [ -73.96411, 40.807721999999835 ] } },
{ "type": "Feature", "properties": { "GTFS Stop ID": "118", "Station ID": 308, "Complex ID": 308, "Division": "IRT", "Line": "Broadway - 7Av", "Stop Name": "Cathedral Pkwy (110 St)", "Borough": "M", "CBD": false, "Daytime Routes": "1", "Structure": "Subway", "Latitude": 40.803967, "Longitude": -73.966847, "North Direction Label": "Uptown", "South Direction Label": "Downtown", "ADA": 0, "ADA Northbound": 0, "ADA Southbound": 0, "ADA Notes": null, "restroom_count": 0 }, "geometry": { "type": "Point", "coordinates": [ -73.966847, 40.803966999999844 ] } },
{ "type": "Feature", "properties": { "GTFS Stop ID": "119", "Station ID": 309, "Complex ID": 309, "Division": "IRT", "Line": "Broadway - 7Av", "Stop Name": "103 St", "Borough": "M", "CBD": false, "Daytime Routes": "1", "Structure": "Subway", "Latitude": 40.799446, "Longitude": -73.968379, "North Direction Label": "Uptown", "South Direction Label": "Downtown", "ADA": 0, "ADA Northbound": 0, "ADA Southbound": 0, "ADA Notes": null, "restroom_count": 1 }, "geometry": { "type": "Point", "coordinates": [ -73.968379, 40.799445999999833 ] } },
{ "type": "Feature", "properties": { "GTFS Stop ID": "120", "Station ID": 310, "Complex ID": 310, "Division": "IRT", "Line": "Broadway - 7Av", "Stop Name": "96 St", "Borough": "M", "CBD": false, "Daytime Routes": "1 2 3", "Structure": "Subway", "Latitude": 40.793919, "Longitude": -73.972323, "North Direction Label": "Uptown", "South Direction Label": "Downtown", "ADA": 1, "ADA Northbound": 1, "ADA Southbound": 1, "ADA Notes": null, "restroom_count": 0 }, "geometry": { "type": "Point", "coordinates": [ -73.972323, 40.793918999999839 ] } },
{ "type": "Feature", "properties": { "GTFS Stop ID": "121", "Station ID": 311, "Complex ID": 311, "Division": "IRT", "Line": "Broadway - 7Av", "Stop Name": "86 St", "Borough": "M", "CBD": false, "Daytime Routes": "1", "Structure": "Subway", "Latitude": 40.788644, "Longitude": -73.976218, "North Direction Label": "Uptown", "South Direction Label": "Downtown", "ADA": 0, "ADA Northbound": 0, "ADA Southbound": 0, "ADA Notes": null, "restroom_count": 0 }, "geometry": { "type": "Point", "coordinates": [ -73.976218, 40.788643999999827 ] } },
{ "type": "Feature", "properties": { "GTFS Stop ID": "122", "Station ID": 312, "Complex ID": 312, "Division": "IRT", "Line": "Broadway - 7Av", "Stop Name": "79 St", "Borough": "M", "CBD": false, "Daytime Routes": "1", "Structure": "Subway", "Latitude": 40.783934, "Longitude": -73.979917, "North Direction Label": "Uptown", "South Direction Label": "Downtown", "ADA": 0, "ADA Northbound": 0, "ADA Southbound": 0, "ADA Notes": null, "restroom_count": 1 }, "geometry": { "type": "Point", "coordinates": [ -73.979917, 40.78393399999986 ] } },
{ "type": "Feature", "properties": { "GTFS Stop ID": "123", "Station ID": 313, "Complex ID": 313, "Division": "IRT", "Line": "Broadway - 7Av", "Stop Name": "72 St", "Borough": "M", "CBD": false, "Daytime Routes": "1 2 3", "Structure": "Subway", "Latitude": 40.778453, "Longitude": -73.98197, "North Direction Label": "Uptown", "South Direction Label": "Downtown", "ADA": 1, "ADA Northbound": 1, "ADA Southbound": 1, "ADA Notes": null, "restroom_count": 1 }, "geometry": { "type": "Point", "coordinates": [ -73.98197, 40.778452999999836 ] } },
{ "type": "Feature", "properties": { "GTFS Stop ID": "124", "Station ID": 314, "Complex ID": 314, "Division": "IRT", "Line": "Broadway - 7Av", "Stop Name": "66 St-Lincoln Center", "Borough": "M", "CBD": false, "Daytime Routes": "1", "Structure": "Subway", "Latitude": 40.77344, "Longitude": -73.982209, "North Direction Label": "Uptown", "South Direction Label": "Downtown", "ADA": 1, "ADA Northbound": 1, "ADA Southbound": 1, "ADA Notes": null, "restroom_count": 3 }, "geometry": { "type": "Point", "coordinates": [ -73.982209, 40.773439999999852 ] } },
{ "type": "Feature", "properties": { "GTFS Stop ID": "125", "Station ID": 315, "Complex ID": 614, "Division": "IRT", "Line": "Broadway - 7Av", "Stop Name": "59 St-Columbus Circle", "Borough": "M", "CBD": true, "Daytime Routes": "1", "Structure": "Subway", "Latitude": 40.768247, "Longitude": -73.981929, "North Direction Label": "Uptown", "South Direction Label": "Downtown", "ADA": 1, "ADA Northbound": 1, "ADA Southbound": 1, "ADA Notes": null, "restroom_count": 1 }, "geometry": { "type": "Point", "coordinates": [ -73.981929, 40.768246999999846 ] } },
{ "type": "Feature", "properties": { "GTFS Stop ID": "126", "Station ID": 316, "Complex ID": 316, "Division": "IRT", "Line": "Broadway - 7Av", "Stop Name": "50 St", "Borough": "M", "CBD": true, "Daytime Routes": "1", "Structure": "Subway", "Latitude": 40.761728, "Longitude": -73.983849, "North Direction Label": "Uptown", "South Direction Label": "Downtown", "ADA": 0, "ADA Northbound": 0, "ADA Southbound": 0, "ADA Notes": null, "restroom_count": 0 }, "geometry": { "type": "Point", "coordinates": [ -73.983849, 40.761727999999827 ] } },
{ "type": "Feature", "properties": { "GTFS Stop ID": "127", "Station ID": 317, "Complex ID": 611, "Division": "IRT", "Line": "Broadway - 7Av", "Stop Name": "Times Sq-42 St", "Borough": "M", "CBD": true, "Daytime Routes": "1 2 3", "Structure": "Subway", "Latitude": 40.75529, "Longitude": -73.987495, "North Direction Label": "Uptown", "South Direction Label": "Downtown", "ADA": 1, "ADA Northbound": 1, "ADA Southbound": 1, "ADA Notes": null, "restroom_count": 0 }, "geometry": { "type": "Point", "coordinates": [ -73.987495, 40.755289999999853 ] } },
{ "type": "Feature", "properties": { "GTFS Stop ID": "128", "Station ID": 318, "Complex ID": 318, "Division": "IRT", "Line": "Broadway - 7Av", "Stop Name": "34 St-Penn Station", "Borough": "M", "CBD": true, "Daytime Routes": "1 2 3", "Structure": "Subway", "Latitude": 40.750373, "Longitude": -73.991057, "North Direction Label": "Uptown", "South Direction Label": "Downtown", "ADA": 1, "ADA Northbound": 1, "ADA Southbound": 1, "ADA Notes": null, "restroom_count": 0 }, "geometry": { "type": "Point", "coordinates": [ -73.991057, 40.750372999999833 ] } },
{ "type": "Feature", "properties": { "GTFS Stop ID": "129", "Station ID": 319, "Complex ID": 319, "Division": "IRT", "Line": "Broadway - 7Av", "Stop Name": "28 St", "Borough": "M", "CBD": true, "Daytime Routes": "1", "Structure": "Subway", "Latitude": 40.747215, "Longitude": -73.993365, "North Direction Label": "Uptown", "South Direction Label": "Downtown", "ADA": 0, "ADA Northbound": 0, "ADA Southbound": 0, "ADA Notes": null, "restroom_count": 0 }, "geometry": { "type": "Point", "coordinates": [ -73.993365, 40.747214999999834 ] } },
{ "type": "Feature", "properties": { "GTFS Stop ID": "130", "Station ID": 320, "Complex ID": 320, "Division": "IRT", "Line": "Broadway - 7Av", "Stop Name": "23 St", "Borough": "M", "CBD": true, "Daytime Routes": "1", "Structure": "Subway", "Latitude": 40.744081, "Longitude": -73.995657, "North Direction Label": "Uptown", "South Direction Label": "Downtown", "ADA": 0, "ADA Northbound": 0, "ADA Southbound": 0, "ADA Notes": null, "restroom_count": 0 }, "geometry": { "type": "Point", "coordinates": [ -73.995657, 40.744080999999845 ] } },
{ "type": "Feature", "properties": { "GTFS Stop ID": "131", "Station ID": 321, "Complex ID": 321, "Division": "IRT", "Line": "Broadway - 7Av", "Stop Name": "18 St", "Borough": "M", "CBD": true, "Daytime Routes": "1", "Structure": "Subway", "Latitude": 40.74104, "Longitude": -73.997871, "North Direction Label": "Uptown", "South Direction Label": "Downtown", "ADA": 0, "ADA Northbound": 0, "ADA Southbound": 0, "ADA Notes": null, "restroom_count": 0 }, "geometry": { "type": "Point", "coordinates": [ -73.997871, 40.741039999999835 ] } },
{ "type": "Feature", "properties": { "GTFS Stop ID": "132", "Station ID": 322, "Complex ID": 601, "Division": "IRT", "Line": "Broadway - 7Av", "Stop Name": "14 St", "Borough": "M", "CBD": true, "Daytime Routes": "1 2 3", "Structure": "Subway", "Latitude": 40.737826, "Longitude": -74.000201, "North Direction Label": "Uptown", "South Direction Label": "Downtown", "ADA": 1, "ADA Northbound": 1, "ADA Southbound": 1, "ADA Notes": null, "restroom_count": 0 }, "geometry": { "type": "Point", "coordinates": [ -74.000201, 40.737825999999849 ] } },
{ "type": "Feature", "properties": { "GTFS Stop ID": "133", "Station ID": 323, "Complex ID": 323, "Division": "IRT", "Line": "Broadway - 7Av", "Stop Name": "Christopher St-Stonewall", "Borough": "M", "CBD": true, "Daytime Routes": "1", "Structure": "Subway", "Latitude": 40.733422, "Longitude": -74.002906, "North Direction Label": "Uptown", "South Direction Label": "Downtown", "ADA": 0, "ADA Northbound": 0, "ADA Southbound": 0, "ADA Notes": null, "restroom_count": 0 }, "geometry": { "type": "Point", "coordinates": [ -74.002906, 40.73342199999982 ] } },
{ "type": "Feature", "properties": { "GTFS Stop ID": "134", "Station ID": 324, "Complex ID": 324, "Division": "IRT", "Line": "Broadway - 7Av", "Stop Name": "Houston St", "Borough": "M", "CBD": true, "Daytime Routes": "1", "Structure": "Subway", "Latitude": 40.728251, "Longitude": -74.005367, "North Direction Label": "Uptown", "South Direction Label": "Downtown", "ADA": 0, "ADA Northbound": 0, "ADA Southbound": 0, "ADA Notes": null, "restroom_count": 1 }, "geometry": { "type": "Point", "coordinates": [ -74.005367, 40.72825099999983 ] } },
{ "type": "Feature", "properties": { "GTFS Stop ID": "135", "Station ID": 325, "Complex ID": 325, "Division": "IRT", "Line": "Broadway - 7Av", "Stop Name": "Canal St", "Borough": "M", "CBD": true, "Daytime Routes": "1", "Structure": "Subway", "Latitude": 40.722854, "Longitude": -74.006277, "North Direction Label": "Uptown", "South Direction Label": "Downtown", "ADA": 0, "ADA Northbound": 0, "ADA Southbound": 0, "ADA Notes": null, "restroom_count": 0 }, "geometry": { "type": "Point", "coordinates": [ -74.006277, 40.722853999999806 ] } },
{ "type": "Feature", "properties": { "GTFS Stop ID": "136", "Station ID": 326, "Complex ID": 326, "Division": "IRT", "Line": "Broadway - 7Av", "Stop Name": "Franklin St", "Borough": "M", "CBD": true, "Daytime Routes": "1", "Structure": "Subway", "Latitude": 40.719318, "Longitude": -74.006886, "North Direction Label": "Uptown", "South Direction Label": "Downtown", "ADA": 0, "ADA Northbound": 0, "ADA Southbound": 0, "ADA Notes": null, "restroom_count": 0 }, "geometry": { "type": "Point", "coordinates": [ -74.006886, 40.719317999999845 ] } },
{ "type": "Feature", "properties": { "GTFS Stop ID": "137", "Station ID": 327, "Complex ID": 327, "Division": "IRT", "Line": "Broadway - 7Av", "Stop Name": "Chambers St", "Borough": "M", "CBD": true, "Daytime Routes": "1 2 3", "Structure": "Subway", "Latitude": 40.715478, "Longitude": -74.009266, "North Direction Label": "Uptown", "South Direction Label": "Downtown", "ADA": 1, "ADA Northbound": 1, "ADA Southbound": 1, "ADA Notes": null, "restroom_count": 1 }, "geometry": { "type": "Point", "coordinates": [ -74.009266, 40.715477999999841 ] } },
{ "type": "Feature", "properties": { "GTFS Stop ID": "138", "Station ID": 328, "Complex ID": 328, "Division": "IRT", "Line": "Broadway - 7Av", "Stop Name": "WTC Cortlandt", "Borough": "M", "CBD": true, "Daytime Routes": "1", "Structure": "Subway", "Latitude": 40.711835, "Longitude": -74.012188, "North Direction Label": "Uptown", "South Direction Label": "Downtown", "ADA": 1, "ADA Northbound": 1, "ADA Southbound": 1, "ADA Notes": null, "restroom_count": 0 }, "geometry": { "type": "Point", "coordinates": [ -74.012188, 40.711834999999837 ] } },
{ "type": "Feature", "properties": { "GTFS Stop ID": "139", "Station ID": 329, "Complex ID": 329, "Division": "IRT", "Line": "Broadway - 7Av", "Stop Name": "Rector St", "Borough": "M", "CBD": true, "Daytime Routes": "1", "Structure": "Subway", "Latitude": 40.707513, "Longitude": -74.013783, "North Direction Label": "Uptown", "South Direction Label": "Downtown", "ADA": 0, "ADA Northbound": 0, "ADA Southbound": 0, "ADA Notes": null, "restroom_count": 0 }, "geometry": { "type": "Point", "coordinates": [ -74.013783, 40.707512999999821 ] } },
{ "type": "Feature", "properties": { "GTFS Stop ID": "142", "Station ID": 330, "Complex ID": 635, "Division": "IRT", "Line": "Broadway - 7Av", "Stop Name": "South Ferry", "Borough": "M", "CBD": true, "Daytime Routes": "1", "Structure": "Subway", "Latitude": 40.702068, "Longitude": -74.013664, "North Direction Label": "Uptown", "South Direction Label": "Last Stop", "ADA": 1, "ADA Northbound": 1, "ADA Southbound": 1, "ADA Notes": null, "restroom_count": 0 }, "geometry": { "type": "Point", "coordinates": [ -74.013664, 40.702067999999826 ] } },
{ "type": "Feature", "properties": { "GTFS Stop ID": "228", "Station ID": 331, "Complex ID": 624, "Division": "IRT", "Line": "Clark St", "Stop Name": "Park Place", "Borough": "M", "CBD": true, "Daytime Routes": "2 3", "Structure": "Subway", "Latitude": 40.713051, "Longitude": -74.008811, "North Direction Label": "Uptown", "South Direction Label": "Brooklyn", "ADA": 0, "ADA Northbound": 0, "ADA Southbound": 0, "ADA Notes": null, "restroom_count": 1 }, "geometry": { "type": "Point", "coordinates": [ -74.008811, 40.713050999999851 ] } },
{ "type": "Feature", "properties": { "GTFS Stop ID": "229", "Station ID": 332, "Complex ID": 628, "Division": "IRT", "Line": "Clark St", "Stop Name": "Fulton St", "Borough": "M", "CBD": true, "Daytime Routes": "2 3", "Structure": "Subway", "Latitude": 40.709416, "Longitude": -74.006571, "North Direction Label": "Uptown", "South Direction Label": "Brooklyn", "ADA": 1, "ADA Northbound": 1, "ADA Southbound": 1, "ADA Notes": null, "restroom_count": 0 }, "geometry": { "type": "Point", "coordinates": [ -74.006571, 40.709415999999855 ] } },
{ "type": "Feature", "properties": { "GTFS Stop ID": "230", "Station ID": 333, "Complex ID": 333, "Division": "IRT", "Line": "Clark St", "Stop Name": "Wall St", "Borough": "M", "CBD": true, "Daytime Routes": "2 3", "Structure": "Subway", "Latitude": 40.706821, "Longitude": -74.0091, "North Direction Label": "Uptown", "South Direction Label": "Brooklyn", "ADA": 0, "ADA Northbound": 0, "ADA Southbound": 0, "ADA Notes": null, "restroom_count": 0 }, "geometry": { "type": "Point", "coordinates": [ -74.0091, 40.706820999999842 ] } },
{ "type": "Feature", "properties": { "GTFS Stop ID": "231", "Station ID": 334, "Complex ID": 334, "Division": "IRT", "Line": "Clark St", "Stop Name": "Clark St", "Borough": "Bk", "CBD": false, "Daytime Routes": "2 3", "Structure": "Subway", "Latitude": 40.697466, "Longitude": -73.993086, "North Direction Label": "Manhattan", "South Direction Label": "Outbound", "ADA": 0, "ADA Northbound": 0, "ADA Southbound": 0, "ADA Notes": null, "restroom_count": 1 }, "geometry": { "type": "Point", "coordinates": [ -73.993086, 40.697465999999849 ] } },
{ "type": "Feature", "properties": { "GTFS Stop ID": "232", "Station ID": 335, "Complex ID": 620, "Division": "IRT", "Line": "Clark St", "Stop Name": "Borough Hall", "Borough": "Bk", "CBD": false, "Daytime Routes": "2 3", "Structure": "Subway", "Latitude": 40.693219, "Longitude": -73.989998, "North Direction Label": "Manhattan", "South Direction Label": "Outbound", "ADA": 1, "ADA Northbound": 1, "ADA Southbound": 1, "ADA Notes": null, "restroom_count": 0 }, "geometry": { "type": "Point", "coordinates": [ -73.989998, 40.69321899999985 ] } },
{ "type": "Feature", "properties": { "GTFS Stop ID": "233", "Station ID": 336, "Complex ID": 336, "Division": "IRT", "Line": "Eastern Pky", "Stop Name": "Hoyt St", "Borough": "Bk", "CBD": false, "Daytime Routes": "2 3", "Structure": "Subway", "Latitude": 40.690545, "Longitude": -73.985065, "North Direction Label": "Manhattan", "South Direction Label": "Outbound", "ADA": 2, "ADA Northbound": 0, "ADA Southbound": 1, "ADA Notes": "Outbound only", "restroom_count": 0 }, "geometry": { "type": "Point", "coordinates": [ -73.985065, 40.690544999999837 ] } },
{ "type": "Feature", "properties": { "GTFS Stop ID": "234", "Station ID": 337, "Complex ID": 337, "Division": "IRT", "Line": "Eastern Pky", "Stop Name": "Nevins St", "Borough": "Bk", "CBD": false, "Daytime Routes": "2 3 4 5", "Structure": "Subway", "Latitude": 40.688246, "Longitude": -73.980492, "North Direction Label": "Manhattan", "South Direction Label": "Outbound", "ADA": 0, "ADA Northbound": 0, "ADA Southbound": 0, "ADA Notes": null, "restroom_count": 1 }, "geometry": { "type": "Point", "coordinates": [ -73.980492, 40.68824599999985 ] } },
{ "type": "Feature", "properties": { "GTFS Stop ID": "235", "Station ID": 338, "Complex ID": 617, "Division": "IRT", "Line": "Eastern Pky", "Stop Name": "Atlantic Av-Barclays Ctr", "Borough": "Bk", "CBD": false, "Daytime Routes": "2 3 4 5", "Structure": "Subway", "Latitude": 40.684359, "Longitude": -73.977666, "North Direction Label": "Manhattan", "South Direction Label": "Outbound", "ADA": 1, "ADA Northbound": 1, "ADA Southbound": 1, "ADA Notes": null, "restroom_count": 1 }, "geometry": { "type": "Point", "coordinates": [ -73.977666, 40.684358999999823 ] } },
{ "type": "Feature", "properties": { "GTFS Stop ID": "236", "Station ID": 339, "Complex ID": 339, "Division": "IRT", "Line": "Eastern Pky", "Stop Name": "Bergen St", "Borough": "Bk", "CBD": false, "Daytime Routes": "2 3", "Structure": "Subway", "Latitude": 40.680829, "Longitude": -73.975098, "North Direction Label": "Manhattan", "South Direction Label": "Outbound", "ADA": 0, "ADA Northbound": 0, "ADA Southbound": 0, "ADA Notes": null, "restroom_count": 1 }, "geometry": { "type": "Point", "coordinates": [ -73.975098, 40.680828999999839 ] } },
{ "type": "Feature", "properties": { "GTFS Stop ID": "237", "Station ID": 340, "Complex ID": 340, "Division": "IRT", "Line": "Eastern Pky", "Stop Name": "Grand Army Plaza", "Borough": "Bk", "CBD": false, "Daytime Routes": "2 3", "Structure": "Subway", "Latitude": 40.675235, "Longitude": -73.971046, "North Direction Label": "Manhattan", "South Direction Label": "Outbound", "ADA": 0, "ADA Northbound": 0, "ADA Southbound": 0, "ADA Notes": null, "restroom_count": 0 }, "geometry": { "type": "Point", "coordinates": [ -73.971046, 40.67523499999983 ] } },
{ "type": "Feature", "properties": { "GTFS Stop ID": "238", "Station ID": 341, "Complex ID": 341, "Division": "IRT", "Line": "Eastern Pky", "Stop Name": "Eastern Pkwy-Brooklyn Museum", "Borough": "Bk", "CBD": false, "Daytime Routes": "2 3", "Structure": "Subway", "Latitude": 40.671987, "Longitude": -73.964375, "North Direction Label": "Manhattan", "South Direction Label": "Outbound", "ADA": 1, "ADA Northbound": 1, "ADA Southbound": 1, "ADA Notes": null, "restroom_count": 1 }, "geometry": { "type": "Point", "coordinates": [ -73.964375, 40.671986999999831 ] } },
{ "type": "Feature", "properties": { "GTFS Stop ID": "239", "Station ID": 342, "Complex ID": 626, "Division": "IRT", "Line": "Eastern Pky", "Stop Name": "Franklin Av-Medgar Evers College", "Borough": "Bk", "CBD": false, "Daytime Routes": "2 3 4 5", "Structure": "Subway", "Latitude": 40.670682, "Longitude": -73.958131, "North Direction Label": "Manhattan", "South Direction Label": "Outbound", "ADA": 0, "ADA Northbound": 0, "ADA Southbound": 0, "ADA Notes": null, "restroom_count": 0 }, "geometry": { "type": "Point", "coordinates": [ -73.958131, 40.67068199999985 ] } },
{ "type": "Feature", "properties": { "GTFS Stop ID": "248", "Station ID": 343, "Complex ID": 343, "Division": "IRT", "Line": "Eastern Pky", "Stop Name": "Nostrand Av", "Borough": "Bk", "CBD": false, "Daytime Routes": "3", "Structure": "Subway", "Latitude": 40.669847, "Longitude": -73.950466, "North Direction Label": "Manhattan", "South Direction Label": "Outbound", "ADA": 0, "ADA Northbound": 0, "ADA Southbound": 0, "ADA Notes": null, "restroom_count": 0 }, "geometry": { "type": "Point", "coordinates": [ -73.950466, 40.669846999999827 ] } },
{ "type": "Feature", "properties": { "GTFS Stop ID": "249", "Station ID": 344, "Complex ID": 344, "Division": "IRT", "Line": "Eastern Pky", "Stop Name": "Kingston Av", "Borough": "Bk", "CBD": false, "Daytime Routes": "3", "Structure": "Subway", "Latitude": 40.669399, "Longitude": -73.942161, "North Direction Label": "Manhattan", "South Direction Label": "Outbound", "ADA": 0, "ADA Northbound": 0, "ADA Southbound": 0, "ADA Notes": null, "restroom_count": 0 }, "geometry": { "type": "Point", "coordinates": [ -73.942161, 40.669398999999842 ] } },
{ "type": "Feature", "properties": { "GTFS Stop ID": "250", "Station ID": 345, "Complex ID": 345, "Division": "IRT", "Line": "Eastern Pky", "Stop Name": "Crown Hts-Utica Av", "Borough": "Bk", "CBD": false, "Daytime Routes": "3 4", "Structure": "Subway", "Latitude": 40.668897, "Longitude": -73.932942, "North Direction Label": "Manhattan", "South Direction Label": "Outbound", "ADA": 1, "ADA Northbound": 1, "ADA Southbound": 1, "ADA Notes": null, "restroom_count": 1 }, "geometry": { "type": "Point", "coordinates": [ -73.932942, 40.668896999999831 ] } },
{ "type": "Feature", "properties": { "GTFS Stop ID": "251", "Station ID": 346, "Complex ID": 346, "Division": "IRT", "Line": "Eastern Pky", "Stop Name": "Sutter Av-Rutland Rd", "Borough": "Bk", "CBD": false, "Daytime Routes": "3", "Structure": "Elevated", "Latitude": 40.664717, "Longitude": -73.92261, "North Direction Label": "Manhattan", "South Direction Label": "New Lots", "ADA": 0, "ADA Northbound": 0, "ADA Southbound": 0, "ADA Notes": null, "restroom_count": 0 }, "geometry": { "type": "Point", "coordinates": [ -73.92261, 40.66471699999984 ] } },
{ "type": "Feature", "properties": { "GTFS Stop ID": "252", "Station ID": 347, "Complex ID": 347, "Division": "IRT", "Line": "Eastern Pky", "Stop Name": "Saratoga Av", "Borough": "Bk", "CBD": false, "Daytime Routes": "3", "Structure": "Elevated", "Latitude": 40.661453, "Longitude": -73.916327, "North Direction Label": "Manhattan", "South Direction Label": "New Lots", "ADA": 0, "ADA Northbound": 0, "ADA Southbound": 0, "ADA Notes": null, "restroom_count": 1 }, "geometry": { "type": "Point", "coordinates": [ -73.916327, 40.661452999999852 ] } },
{ "type": "Feature", "properties": { "GTFS Stop ID": "253", "Station ID": 348, "Complex ID": 348, "Division": "IRT", "Line": "Eastern Pky", "Stop Name": "Rockaway Av", "Borough": "Bk", "CBD": false, "Daytime Routes": "3", "Structure": "Elevated", "Latitude": 40.662549, "Longitude": -73.908946, "North Direction Label": "Manhattan", "South Direction Label": "New Lots", "ADA": 0, "ADA Northbound": 0, "ADA Southbound": 0, "ADA Notes": null, "restroom_count": 0 }, "geometry": { "type": "Point", "coordinates": [ -73.908946, 40.662548999999835 ] } },
{ "type": "Feature", "properties": { "GTFS Stop ID": "254", "Station ID": 349, "Complex ID": 349, "Division": "IRT", "Line": "Eastern Pky", "Stop Name": "Junius St", "Borough": "Bk", "CBD": false, "Daytime Routes": "3", "Structure": "Elevated", "Latitude": 40.663515, "Longitude": -73.902447, "North Direction Label": "Manhattan", "South Direction Label": "New Lots", "ADA": 0, "ADA Northbound": 0, "ADA Southbound": 0, "ADA Notes": null, "restroom_count": 0 }, "geometry": { "type": "Point", "coordinates": [ -73.902447, 40.663514999999833 ] } },
{ "type": "Feature", "properties": { "GTFS Stop ID": "255", "Station ID": 350, "Complex ID": 350, "Division": "IRT", "Line": "Eastern Pky", "Stop Name": "Pennsylvania Av", "Borough": "Bk", "CBD": false, "Daytime Routes": "3", "Structure": "Elevated", "Latitude": 40.664635, "Longitude": -73.894895, "North Direction Label": "Manhattan", "South Direction Label": "New Lots", "ADA": 0, "ADA Northbound": 0, "ADA Southbound": 0, "ADA Notes": null, "restroom_count": 0 }, "geometry": { "type": "Point", "coordinates": [ -73.894895, 40.664634999999841 ] } },
{ "type": "Feature", "properties": { "GTFS Stop ID": "256", "Station ID": 351, "Complex ID": 351, "Division": "IRT", "Line": "Eastern Pky", "Stop Name": "Van Siclen Av", "Borough": "Bk", "CBD": false, "Daytime Routes": "3", "Structure": "Elevated", "Latitude": 40.665449, "Longitude": -73.889395, "North Direction Label": "Manhattan", "South Direction Label": "New Lots", "ADA": 0, "ADA Northbound": 0, "ADA Southbound": 0, "ADA Notes": null, "restroom_count": 1 }, "geometry": { "type": "Point", "coordinates": [ -73.889395, 40.665448999999839 ] } },
{ "type": "Feature", "properties": { "GTFS Stop ID": "257", "Station ID": 352, "Complex ID": 352, "Division": "IRT", "Line": "Eastern Pky", "Stop Name": "New Lots Av", "Borough": "Bk", "CBD": false, "Daytime Routes": "3", "Structure": "Elevated", "Latitude": 40.666235, "Longitude": -73.884079, "North Direction Label": "Manhattan", "South Direction Label": "Last Stop", "ADA": 0, "ADA Northbound": 0, "ADA Southbound": 0, "ADA Notes": null, "restroom_count": 1 }, "geometry": { "type": "Point", "coordinates": [ -73.884079, 40.666234999999816 ] } },
{ "type": "Feature", "properties": { "GTFS Stop ID": "241", "Station ID": 353, "Complex ID": 353, "Division": "IRT", "Line": "Nostrand", "Stop Name": "President St-Medgar Evers College", "Borough": "Bk", "CBD": false, "Daytime Routes": "2 5", "Structure": "Subway", "Latitude": 40.667883, "Longitude": -73.950683, "North Direction Label": "Manhattan", "South Direction Label": "Flatbush", "ADA": 0, "ADA Northbound": 0, "ADA Southbound": 0, "ADA Notes": null, "restroom_count": 0 }, "geometry": { "type": "Point", "coordinates": [ -73.950683, 40.667882999999833 ] } },
{ "type": "Feature", "properties": { "GTFS Stop ID": "242", "Station ID": 354, "Complex ID": 354, "Division": "IRT", "Line": "Nostrand", "Stop Name": "Sterling St", "Borough": "Bk", "CBD": false, "Daytime Routes": "2 5", "Structure": "Subway", "Latitude": 40.662742, "Longitude": -73.95085, "North Direction Label": "Manhattan", "South Direction Label": "Flatbush", "ADA": 0, "ADA Northbound": 0, "ADA Southbound": 0, "ADA Notes": null, "restroom_count": 1 }, "geometry": { "type": "Point", "coordinates": [ -73.95085, 40.662741999999838 ] } },
{ "type": "Feature", "properties": { "GTFS Stop ID": "243", "Station ID": 355, "Complex ID": 355, "Division": "IRT", "Line": "Nostrand", "Stop Name": "Winthrop St", "Borough": "Bk", "CBD": false, "Daytime Routes": "2 5", "Structure": "Subway", "Latitude": 40.656652, "Longitude": -73.9502, "North Direction Label": "Manhattan", "South Direction Label": "Flatbush", "ADA": 0, "ADA Northbound": 0, "ADA Southbound": 0, "ADA Notes": null, "restroom_count": 0 }, "geometry": { "type": "Point", "coordinates": [ -73.9502, 40.656651999999831 ] } },
{ "type": "Feature", "properties": { "GTFS Stop ID": "244", "Station ID": 356, "Complex ID": 356, "Division": "IRT", "Line": "Nostrand", "Stop Name": "Church Av", "Borough": "Bk", "CBD": false, "Daytime Routes": "2 5", "Structure": "Subway", "Latitude": 40.650843, "Longitude": -73.949575, "North Direction Label": "Manhattan", "South Direction Label": "Flatbush", "ADA": 1, "ADA Northbound": 1, "ADA Southbound": 1, "ADA Notes": null, "restroom_count": 0 }, "geometry": { "type": "Point", "coordinates": [ -73.949575, 40.650842999999838 ] } },
{ "type": "Feature", "properties": { "GTFS Stop ID": "245", "Station ID": 357, "Complex ID": 357, "Division": "IRT", "Line": "Nostrand", "Stop Name": "Beverly Rd", "Borough": "Bk", "CBD": false, "Daytime Routes": "2 5", "Structure": "Subway", "Latitude": 40.645098, "Longitude": -73.948959, "North Direction Label": "Manhattan", "South Direction Label": "Flatbush", "ADA": 0, "ADA Northbound": 0, "ADA Southbound": 0, "ADA Notes": null, "restroom_count": 0 }, "geometry": { "type": "Point", "coordinates": [ -73.948959, 40.645097999999827 ] } },
{ "type": "Feature", "properties": { "GTFS Stop ID": "246", "Station ID": 358, "Complex ID": 358, "Division": "IRT", "Line": "Nostrand", "Stop Name": "Newkirk Av-Little Haiti", "Borough": "Bk", "CBD": false, "Daytime Routes": "2 5", "Structure": "Subway", "Latitude": 40.639967, "Longitude": -73.948411, "North Direction Label": "Manhattan", "South Direction Label": "Flatbush", "ADA": 0, "ADA Northbound": 0, "ADA Southbound": 0, "ADA Notes": null, "restroom_count": 1 }, "geometry": { "type": "Point", "coordinates": [ -73.948411, 40.639966999999842 ] } },
{ "type": "Feature", "properties": { "GTFS Stop ID": "247", "Station ID": 359, "Complex ID": 359, "Division": "IRT", "Line": "Nostrand", "Stop Name": "Flatbush Av-Brooklyn College", "Borough": "Bk", "CBD": false, "Daytime Routes": "2 5", "Structure": "Subway", "Latitude": 40.632836, "Longitude": -73.947642, "North Direction Label": "Manhattan", "South Direction Label": "Last Stop", "ADA": 1, "ADA Northbound": 1, "ADA Southbound": 1, "ADA Notes": null, "restroom_count": 0 }, "geometry": { "type": "Point", "coordinates": [ -73.947642, 40.632835999999841 ] } },
{ "type": "Feature", "properties": { "GTFS Stop ID": "601", "Station ID": 360, "Complex ID": 360, "Division": "IRT", "Line": "Pelham", "Stop Name": "Pelham Bay Park", "Borough": "Bx", "CBD": false, "Daytime Routes": "6", "Structure": "Elevated", "Latitude": 40.852462, "Longitude": -73.828121, "North Direction Label": "Last Stop", "South Direction Label": "Manhattan", "ADA": 1, "ADA Northbound": 1, "ADA Southbound": 1, "ADA Notes": null, "restroom_count": 0 }, "geometry": { "type": "Point", "coordinates": [ -73.828121, 40.852461999999846 ] } },
{ "type": "Feature", "properties": { "GTFS Stop ID": "602", "Station ID": 361, "Complex ID": 361, "Division": "IRT", "Line": "Pelham", "Stop Name": "Buhre Av", "Borough": "Bx", "CBD": false, "Daytime Routes": "6", "Structure": "Elevated", "Latitude": 40.84681, "Longitude": -73.832569, "North Direction Label": "Pelham Bay", "South Direction Label": "Manhattan", "ADA": 0, "ADA Northbound": 0, "ADA Southbound": 0, "ADA Notes": null, "restroom_count": 0 }, "geometry": { "type": "Point", "coordinates": [ -73.832569, 40.846809999999842 ] } },
{ "type": "Feature", "properties": { "GTFS Stop ID": "603", "Station ID": 362, "Complex ID": 362, "Division": "IRT", "Line": "Pelham", "Stop Name": "Middletown Rd", "Borough": "Bx", "CBD": false, "Daytime Routes": "6", "Structure": "Elevated", "Latitude": 40.843863, "Longitude": -73.836322, "North Direction Label": "Pelham Bay", "South Direction Label": "Manhattan", "ADA": 0, "ADA Northbound": 0, "ADA Southbound": 0, "ADA Notes": null, "restroom_count": 0 }, "geometry": { "type": "Point", "coordinates": [ -73.836322, 40.84386299999985 ] } },
{ "type": "Feature", "properties": { "GTFS Stop ID": "604", "Station ID": 363, "Complex ID": 363, "Division": "IRT", "Line": "Pelham", "Stop Name": "Westchester Sq-E Tremont Av", "Borough": "Bx", "CBD": false, "Daytime Routes": "6", "Structure": "Elevated", "Latitude": 40.839892, "Longitude": -73.842952, "North Direction Label": "Pelham Bay", "South Direction Label": "Manhattan", "ADA": 1, "ADA Northbound": 1, "ADA Southbound": 1, "ADA Notes": null, "restroom_count": 0 }, "geometry": { "type": "Point", "coordinates": [ -73.842952, 40.839891999999836 ] } },
{ "type": "Feature", "properties": { "GTFS Stop ID": "606", "Station ID": 364, "Complex ID": 364, "Division": "IRT", "Line": "Pelham", "Stop Name": "Zerega Av", "Borough": "Bx", "CBD": false, "Daytime Routes": "6", "Structure": "Elevated", "Latitude": 40.836488, "Longitude": -73.847036, "North Direction Label": "Pelham Bay", "South Direction Label": "Manhattan", "ADA": 0, "ADA Northbound": 0, "ADA Southbound": 0, "ADA Notes": null, "restroom_count": 0 }, "geometry": { "type": "Point", "coordinates": [ -73.847036, 40.836487999999846 ] } },
{ "type": "Feature", "properties": { "GTFS Stop ID": "607", "Station ID": 365, "Complex ID": 365, "Division": "IRT", "Line": "Pelham", "Stop Name": "Castle Hill Av", "Borough": "Bx", "CBD": false, "Daytime Routes": "6", "Structure": "Elevated", "Latitude": 40.834255, "Longitude": -73.851222, "North Direction Label": "Pelham Bay", "South Direction Label": "Manhattan", "ADA": 0, "ADA Northbound": 0, "ADA Southbound": 0, "ADA Notes": null, "restroom_count": 0 }, "geometry": { "type": "Point", "coordinates": [ -73.851222, 40.834254999999835 ] } },
{ "type": "Feature", "properties": { "GTFS Stop ID": "608", "Station ID": 366, "Complex ID": 366, "Division": "IRT", "Line": "Pelham", "Stop Name": "Parkchester", "Borough": "Bx", "CBD": false, "Daytime Routes": "6", "Structure": "Elevated", "Latitude": 40.833226, "Longitude": -73.860816, "North Direction Label": "Northbound", "South Direction Label": "Manhattan", "ADA": 0, "ADA Northbound": 0, "ADA Southbound": 0, "ADA Notes": null, "restroom_count": 2 }, "geometry": { "type": "Point", "coordinates": [ -73.860816, 40.833225999999847 ] } },
{ "type": "Feature", "properties": { "GTFS Stop ID": "609", "Station ID": 367, "Complex ID": 367, "Division": "IRT", "Line": "Pelham", "Stop Name": "St Lawrence Av", "Borough": "Bx", "CBD": false, "Daytime Routes": "6", "Structure": "Elevated", "Latitude": 40.831509, "Longitude": -73.867618, "North Direction Label": "Northbound", "South Direction Label": "Manhattan", "ADA": 0, "ADA Northbound": 0, "ADA Southbound": 0, "ADA Notes": null, "restroom_count": 0 }, "geometry": { "type": "Point", "coordinates": [ -73.867618, 40.831508999999841 ] } },
{ "type": "Feature", "properties": { "GTFS Stop ID": "610", "Station ID": 368, "Complex ID": 368, "Division": "IRT", "Line": "Pelham", "Stop Name": "Morrison Av-Soundview", "Borough": "Bx", "CBD": false, "Daytime Routes": "6", "Structure": "Elevated", "Latitude": 40.829521, "Longitude": -73.874516, "North Direction Label": "Northbound", "South Direction Label": "Manhattan", "ADA": 0, "ADA Northbound": 0, "ADA Southbound": 0, "ADA Notes": null, "restroom_count": 1 }, "geometry": { "type": "Point", "coordinates": [ -73.874516, 40.829520999999851 ] } },
{ "type": "Feature", "properties": { "GTFS Stop ID": "611", "Station ID": 369, "Complex ID": 369, "Division": "IRT", "Line": "Pelham", "Stop Name": "Elder Av", "Borough": "Bx", "CBD": false, "Daytime Routes": "6", "Structure": "Elevated", "Latitude": 40.828584, "Longitude": -73.879159, "North Direction Label": "Northbound", "South Direction Label": "Manhattan", "ADA": 0, "ADA Northbound": 0, "ADA Southbound": 0, "ADA Notes": null, "restroom_count": 0 }, "geometry": { "type": "Point", "coordinates": [ -73.879159, 40.828583999999836 ] } },
{ "type": "Feature", "properties": { "GTFS Stop ID": "612", "Station ID": 370, "Complex ID": 370, "Division": "IRT", "Line": "Pelham", "Stop Name": "Whitlock Av", "Borough": "Bx", "CBD": false, "Daytime Routes": "6", "Structure": "Elevated", "Latitude": 40.826525, "Longitude": -73.886283, "North Direction Label": "Northbound", "South Direction Label": "Manhattan", "ADA": 0, "ADA Northbound": 0, "ADA Southbound": 0, "ADA Notes": null, "restroom_count": 0 }, "geometry": { "type": "Point", "coordinates": [ -73.886283, 40.82652499999984 ] } },
{ "type": "Feature", "properties": { "GTFS Stop ID": "613", "Station ID": 371, "Complex ID": 371, "Division": "IRT", "Line": "Pelham", "Stop Name": "Hunts Point Av", "Borough": "Bx", "CBD": false, "Daytime Routes": "6", "Structure": "Subway", "Latitude": 40.820948, "Longitude": -73.890549, "North Direction Label": "Northbound", "South Direction Label": "Manhattan", "ADA": 1, "ADA Northbound": 1, "ADA Southbound": 1, "ADA Notes": null, "restroom_count": 0 }, "geometry": { "type": "Point", "coordinates": [ -73.890549, 40.820947999999845 ] } },
{ "type": "Feature", "properties": { "GTFS Stop ID": "614", "Station ID": 372, "Complex ID": 372, "Division": "IRT", "Line": "Pelham", "Stop Name": "Longwood Av", "Borough": "Bx", "CBD": false, "Daytime Routes": "6", "Structure": "Subway", "Latitude": 40.816104, "Longitude": -73.896435, "North Direction Label": "Northbound", "South Direction Label": "Manhattan", "ADA": 0, "ADA Northbound": 0, "ADA Southbound": 0, "ADA Notes": null, "restroom_count": 1 }, "geometry": { "type": "Point", "coordinates": [ -73.896435, 40.816103999999839 ] } },
{ "type": "Feature", "properties": { "GTFS Stop ID": "615", "Station ID": 373, "Complex ID": 373, "Division": "IRT", "Line": "Pelham", "Stop Name": "E 149 St", "Borough": "Bx", "CBD": false, "Daytime Routes": "6", "Structure": "Subway", "Latitude": 40.812118, "Longitude": -73.904098, "North Direction Label": "Northbound", "South Direction Label": "Manhattan", "ADA": 1, "ADA Northbound": 1, "ADA Southbound": 1, "ADA Notes": null, "restroom_count": 0 }, "geometry": { "type": "Point", "coordinates": [ -73.904098, 40.812117999999835 ] } },
{ "type": "Feature", "properties": { "GTFS Stop ID": "616", "Station ID": 374, "Complex ID": 374, "Division": "IRT", "Line": "Pelham", "Stop Name": "E 143 St-St Mary's St", "Borough": "Bx", "CBD": false, "Daytime Routes": "6", "Structure": "Subway", "Latitude": 40.808719, "Longitude": -73.907657, "North Direction Label": "Northbound", "South Direction Label": "Manhattan", "ADA": 0, "ADA Northbound": 0, "ADA Southbound": 0, "ADA Notes": null, "restroom_count": 0 }, "geometry": { "type": "Point", "coordinates": [ -73.907657, 40.808718999999854 ] } },
{ "type": "Feature", "properties": { "GTFS Stop ID": "617", "Station ID": 375, "Complex ID": 375, "Division": "IRT", "Line": "Pelham", "Stop Name": "Cypress Av", "Borough": "Bx", "CBD": false, "Daytime Routes": "6", "Structure": "Subway", "Latitude": 40.805368, "Longitude": -73.914042, "North Direction Label": "Northbound", "South Direction Label": "Manhattan", "ADA": 0, "ADA Northbound": 0, "ADA Southbound": 0, "ADA Notes": null, "restroom_count": 0 }, "geometry": { "type": "Point", "coordinates": [ -73.914042, 40.805367999999838 ] } },
{ "type": "Feature", "properties": { "GTFS Stop ID": "618", "Station ID": 376, "Complex ID": 376, "Division": "IRT", "Line": "Pelham", "Stop Name": "Brook Av", "Borough": "Bx", "CBD": false, "Daytime Routes": "6", "Structure": "Subway", "Latitude": 40.807566, "Longitude": -73.91924, "North Direction Label": "Northbound", "South Direction Label": "Manhattan", "ADA": 0, "ADA Northbound": 0, "ADA Southbound": 0, "ADA Notes": null, "restroom_count": 1 }, "geometry": { "type": "Point", "coordinates": [ -73.91924, 40.807565999999838 ] } },
{ "type": "Feature", "properties": { "GTFS Stop ID": "619", "Station ID": 377, "Complex ID": 377, "Division": "IRT", "Line": "Pelham", "Stop Name": "3 Av-138 St", "Borough": "Bx", "CBD": false, "Daytime Routes": "6", "Structure": "Subway", "Latitude": 40.810476, "Longitude": -73.926138, "North Direction Label": "Northbound", "South Direction Label": "Manhattan", "ADA": 0, "ADA Northbound": 0, "ADA Southbound": 0, "ADA Notes": null, "restroom_count": 1 }, "geometry": { "type": "Point", "coordinates": [ -73.926138, 40.810475999999831 ] } },
{ "type": "Feature", "properties": { "GTFS Stop ID": "401", "Station ID": 378, "Complex ID": 378, "Division": "IRT", "Line": "Jerome Av", "Stop Name": "Woodlawn", "Borough": "Bx", "CBD": false, "Daytime Routes": "4", "Structure": "Elevated", "Latitude": 40.886037, "Longitude": -73.878751, "North Direction Label": "Last Stop", "South Direction Label": "Manhattan", "ADA": 0, "ADA Northbound": 0, "ADA Southbound": 0, "ADA Notes": null, "restroom_count": 0 }, "geometry": { "type": "Point", "coordinates": [ -73.878751, 40.886036999999845 ] } },
{ "type": "Feature", "properties": { "GTFS Stop ID": "402", "Station ID": 379, "Complex ID": 379, "Division": "IRT", "Line": "Jerome Av", "Stop Name": "Mosholu Pkwy", "Borough": "Bx", "CBD": false, "Daytime Routes": "4", "Structure": "Elevated", "Latitude": 40.87975, "Longitude": -73.884655, "North Direction Label": "Woodlawn", "South Direction Label": "Manhattan", "ADA": 0, "ADA Northbound": 0, "ADA Southbound": 0, "ADA Notes": null, "restroom_count": 0 }, "geometry": { "type": "Point", "coordinates": [ -73.884655, 40.879749999999838 ] } },
{ "type": "Feature", "properties": { "GTFS Stop ID": "405", "Station ID": 380, "Complex ID": 380, "Division": "IRT", "Line": "Jerome Av", "Stop Name": "Bedford Park Blvd-Lehman College", "Borough": "Bx", "CBD": false, "Daytime Routes": "4", "Structure": "Elevated", "Latitude": 40.873412, "Longitude": -73.890064, "North Direction Label": "Northbound", "South Direction Label": "Manhattan", "ADA": 0, "ADA Northbound": 0, "ADA Southbound": 0, "ADA Notes": null, "restroom_count": 0 }, "geometry": { "type": "Point", "coordinates": [ -73.890064, 40.873411999999853 ] } },
{ "type": "Feature", "properties": { "GTFS Stop ID": "406", "Station ID": 381, "Complex ID": 381, "Division": "IRT", "Line": "Jerome Av", "Stop Name": "Kingsbridge Rd", "Borough": "Bx", "CBD": false, "Daytime Routes": "4", "Structure": "Elevated", "Latitude": 40.86776, "Longitude": -73.897174, "North Direction Label": "Northbound", "South Direction Label": "Manhattan", "ADA": 0, "ADA Northbound": 0, "ADA Southbound": 0, "ADA Notes": null, "restroom_count": 0 }, "geometry": { "type": "Point", "coordinates": [ -73.897174, 40.867759999999841 ] } },
{ "type": "Feature", "properties": { "GTFS Stop ID": "407", "Station ID": 382, "Complex ID": 382, "Division": "IRT", "Line": "Jerome Av", "Stop Name": "Fordham Rd", "Borough": "Bx", "CBD": false, "Daytime Routes": "4", "Structure": "Elevated", "Latitude": 40.862803, "Longitude": -73.901034, "North Direction Label": "Northbound", "South Direction Label": "Manhattan", "ADA": 1, "ADA Northbound": 1, "ADA Southbound": 1, "ADA Notes": null, "restroom_count": 0 }, "geometry": { "type": "Point", "coordinates": [ -73.901034, 40.862802999999836 ] } },
{ "type": "Feature", "properties": { "GTFS Stop ID": "408", "Station ID": 383, "Complex ID": 383, "Division": "IRT", "Line": "Jerome Av", "Stop Name": "183 St", "Borough": "Bx", "CBD": false, "Daytime Routes": "4", "Structure": "Elevated", "Latitude": 40.858407, "Longitude": -73.903879, "North Direction Label": "Northbound", "South Direction Label": "Manhattan", "ADA": 0, "ADA Northbound": 0, "ADA Southbound": 0, "ADA Notes": null, "restroom_count": 0 }, "geometry": { "type": "Point", "coordinates": [ -73.903879, 40.858406999999836 ] } },
{ "type": "Feature", "properties": { "GTFS Stop ID": "409", "Station ID": 384, "Complex ID": 384, "Division": "IRT", "Line": "Jerome Av", "Stop Name": "Burnside Av", "Borough": "Bx", "CBD": false, "Daytime Routes": "4", "Structure": "Elevated", "Latitude": 40.853453, "Longitude": -73.907684, "North Direction Label": "Northbound", "South Direction Label": "Manhattan", "ADA": 0, "ADA Northbound": 0, "ADA Southbound": 0, "ADA Notes": null, "restroom_count": 0 }, "geometry": { "type": "Point", "coordinates": [ -73.907684, 40.853452999999845 ] } },
{ "type": "Feature", "properties": { "GTFS Stop ID": "410", "Station ID": 385, "Complex ID": 385, "Division": "IRT", "Line": "Jerome Av", "Stop Name": "176 St", "Borough": "Bx", "CBD": false, "Daytime Routes": "4", "Structure": "Elevated", "Latitude": 40.84848, "Longitude": -73.911794, "North Direction Label": "Northbound", "South Direction Label": "Manhattan", "ADA": 0, "ADA Northbound": 0, "ADA Southbound": 0, "ADA Notes": null, "restroom_count": 0 }, "geometry": { "type": "Point", "coordinates": [ -73.911794, 40.848479999999846 ] } },
{ "type": "Feature", "properties": { "GTFS Stop ID": "411", "Station ID": 386, "Complex ID": 386, "Division": "IRT", "Line": "Jerome Av", "Stop Name": "Mt Eden Av", "Borough": "Bx", "CBD": false, "Daytime Routes": "4", "Structure": "Elevated", "Latitude": 40.844434, "Longitude": -73.914685, "North Direction Label": "Northbound", "South Direction Label": "Manhattan", "ADA": 0, "ADA Northbound": 0, "ADA Southbound": 0, "ADA Notes": null, "restroom_count": 0 }, "geometry": { "type": "Point", "coordinates": [ -73.914685, 40.844433999999843 ] } },
{ "type": "Feature", "properties": { "GTFS Stop ID": "412", "Station ID": 387, "Complex ID": 387, "Division": "IRT", "Line": "Jerome Av", "Stop Name": "170 St", "Borough": "Bx", "CBD": false, "Daytime Routes": "4", "Structure": "Elevated", "Latitude": 40.840075, "Longitude": -73.917791, "North Direction Label": "Northbound", "South Direction Label": "Manhattan", "ADA": 1, "ADA Northbound": 1, "ADA Southbound": 1, "ADA Notes": null, "restroom_count": 0 }, "geometry": { "type": "Point", "coordinates": [ -73.917791, 40.840074999999835 ] } },
{ "type": "Feature", "properties": { "GTFS Stop ID": "413", "Station ID": 388, "Complex ID": 388, "Division": "IRT", "Line": "Jerome Av", "Stop Name": "167 St", "Borough": "Bx", "CBD": false, "Daytime Routes": "4", "Structure": "Elevated", "Latitude": 40.835537, "Longitude": -73.9214, "North Direction Label": "Northbound", "South Direction Label": "Manhattan", "ADA": 0, "ADA Northbound": 0, "ADA Southbound": 0, "ADA Notes": null, "restroom_count": 0 }, "geometry": { "type": "Point", "coordinates": [ -73.9214, 40.835536999999832 ] } },
{ "type": "Feature", "properties": { "GTFS Stop ID": "414", "Station ID": 389, "Complex ID": 604, "Division": "IRT", "Line": "Jerome Av", "Stop Name": "161 St-Yankee Stadium", "Borough": "Bx", "CBD": false, "Daytime Routes": "4", "Structure": "Elevated", "Latitude": 40.827994, "Longitude": -73.925831, "North Direction Label": "Northbound", "South Direction Label": "Manhattan", "ADA": 1, "ADA Northbound": 1, "ADA Southbound": 1, "ADA Notes": null, "restroom_count": 1 }, "geometry": { "type": "Point", "coordinates": [ -73.925831, 40.827993999999855 ] } },
{ "type": "Feature", "properties": { "GTFS Stop ID": "415", "Station ID": 390, "Complex ID": 603, "Division": "IRT", "Line": "Jerome Av", "Stop Name": "149 St-Grand Concourse", "Borough": "Bx", "CBD": false, "Daytime Routes": "4", "Structure": "Subway", "Latitude": 40.818375, "Longitude": -73.927351, "North Direction Label": "Northbound", "South Direction Label": "Manhattan", "ADA": 0, "ADA Northbound": 0, "ADA Southbound": 0, "ADA Notes": null, "restroom_count": 0 }, "geometry": { "type": "Point", "coordinates": [ -73.927351, 40.818374999999861 ] } },
{ "type": "Feature", "properties": { "GTFS Stop ID": "416", "Station ID": 391, "Complex ID": 391, "Division": "IRT", "Line": "Jerome Av", "Stop Name": "138 St-Grand Concourse", "Borough": "Bx", "CBD": false, "Daytime Routes": "4 5", "Structure": "Subway", "Latitude": 40.813224, "Longitude": -73.929849, "North Direction Label": "Northbound", "South Direction Label": "Manhattan", "ADA": 0, "ADA Northbound": 0, "ADA Southbound": 0, "ADA Notes": null, "restroom_count": 0 }, "geometry": { "type": "Point", "coordinates": [ -73.929849, 40.813223999999849 ] } },
{ "type": "Feature", "properties": { "GTFS Stop ID": "621", "Station ID": 392, "Complex ID": 392, "Division": "IRT", "Line": "Lexington Av", "Stop Name": "125 St", "Borough": "M", "CBD": false, "Daytime Routes": "4 5 6", "Structure": "Subway", "Latitude": 40.804138, "Longitude": -73.937594, "North Direction Label": "The Bronx", "South Direction Label": "Downtown", "ADA": 1, "ADA Northbound": 1, "ADA Southbound": 1, "ADA Notes": null, "restroom_count": 0 }, "geometry": { "type": "Point", "coordinates": [ -73.937594, 40.804137999999845 ] } },
{ "type": "Feature", "properties": { "GTFS Stop ID": "622", "Station ID": 393, "Complex ID": 393, "Division": "IRT", "Line": "Lexington Av", "Stop Name": "116 St", "Borough": "M", "CBD": false, "Daytime Routes": "6", "Structure": "Subway", "Latitude": 40.798629, "Longitude": -73.941617, "North Direction Label": "The Bronx", "South Direction Label": "Downtown", "ADA": 0, "ADA Northbound": 0, "ADA Southbound": 0, "ADA Notes": null, "restroom_count": 0 }, "geometry": { "type": "Point", "coordinates": [ -73.941617, 40.798628999999849 ] } },
{ "type": "Feature", "properties": { "GTFS Stop ID": "623", "Station ID": 394, "Complex ID": 394, "Division": "IRT", "Line": "Lexington Av", "Stop Name": "110 St", "Borough": "M", "CBD": false, "Daytime Routes": "6", "Structure": "Subway", "Latitude": 40.79502, "Longitude": -73.94425, "North Direction Label": "The Bronx", "South Direction Label": "Downtown", "ADA": 0, "ADA Northbound": 0, "ADA Southbound": 0, "ADA Notes": null, "restroom_count": 0 }, "geometry": { "type": "Point", "coordinates": [ -73.94425, 40.795019999999845 ] } },
{ "type": "Feature", "properties": { "GTFS Stop ID": "624", "Station ID": 395, "Complex ID": 395, "Division": "IRT", "Line": "Lexington Av", "Stop Name": "103 St", "Borough": "M", "CBD": false, "Daytime Routes": "6", "Structure": "Subway", "Latitude": 40.7906, "Longitude": -73.947478, "North Direction Label": "The Bronx", "South Direction Label": "Downtown", "ADA": 0, "ADA Northbound": 0, "ADA Southbound": 0, "ADA Notes": null, "restroom_count": 0 }, "geometry": { "type": "Point", "coordinates": [ -73.947478, 40.790599999999841 ] } },
{ "type": "Feature", "properties": { "GTFS Stop ID": "625", "Station ID": 396, "Complex ID": 396, "Division": "IRT", "Line": "Lexington Av", "Stop Name": "96 St", "Borough": "M", "CBD": false, "Daytime Routes": "6", "Structure": "Subway", "Latitude": 40.785672, "Longitude": -73.95107, "North Direction Label": "The Bronx", "South Direction Label": "Downtown", "ADA": 0, "ADA Northbound": 0, "ADA Southbound": 0, "ADA Notes": null, "restroom_count": 2 }, "geometry": { "type": "Point", "coordinates": [ -73.95107, 40.785671999999835 ] } },
{ "type": "Feature", "properties": { "GTFS Stop ID": "626", "Station ID": 397, "Complex ID": 397, "Division": "IRT", "Line": "Lexington Av", "Stop Name": "86 St", "Borough": "M", "CBD": false, "Daytime Routes": "4 5 6", "Structure": "Subway", "Latitude": 40.779492, "Longitude": -73.955589, "North Direction Label": "Uptown", "South Direction Label": "Downtown", "ADA": 2, "ADA Northbound": 1, "ADA Southbound": 0, "ADA Notes": "Uptown local only", "restroom_count": 0 }, "geometry": { "type": "Point", "coordinates": [ -73.955589, 40.779491999999834 ] } },
{ "type": "Feature", "properties": { "GTFS Stop ID": "627", "Station ID": 398, "Complex ID": 398, "Division": "IRT", "Line": "Lexington Av", "Stop Name": "77 St", "Borough": "M", "CBD": false, "Daytime Routes": "6", "Structure": "Subway", "Latitude": 40.77362, "Longitude": -73.959874, "North Direction Label": "Uptown", "South Direction Label": "Downtown", "ADA": 0, "ADA Northbound": 0, "ADA Southbound": 0, "ADA Notes": null, "restroom_count": 0 }, "geometry": { "type": "Point", "coordinates": [ -73.959874, 40.773619999999816 ] } },
{ "type": "Feature", "properties": { "GTFS Stop ID": "628", "Station ID": 399, "Complex ID": 399, "Division": "IRT", "Line": "Lexington Av", "Stop Name": "68 St-Hunter College", "Borough": "M", "CBD": false, "Daytime Routes": "6", "Structure": "Subway", "Latitude": 40.768141, "Longitude": -73.96387, "North Direction Label": "Uptown", "South Direction Label": "Downtown", "ADA": 1, "ADA Northbound": 1, "ADA Southbound": 1, "ADA Notes": null, "restroom_count": 0 }, "geometry": { "type": "Point", "coordinates": [ -73.96387, 40.768140999999851 ] } },
{ "type": "Feature", "properties": { "GTFS Stop ID": "629", "Station ID": 400, "Complex ID": 613, "Division": "IRT", "Line": "Lexington Av", "Stop Name": "59 St", "Borough": "M", "CBD": true, "Daytime Routes": "4 5 6", "Structure": "Subway", "Latitude": 40.762526, "Longitude": -73.967967, "North Direction Label": "Uptown", "South Direction Label": "Downtown", "ADA": 0, "ADA Northbound": 0, "ADA Southbound": 0, "ADA Notes": null, "restroom_count": 1 }, "geometry": { "type": "Point", "coordinates": [ -73.967967, 40.762525999999859 ] } },
{ "type": "Feature", "properties": { "GTFS Stop ID": "630", "Station ID": 401, "Complex ID": 612, "Division": "IRT", "Line": "Lexington Av", "Stop Name": "51 St", "Borough": "M", "CBD": true, "Daytime Routes": "6", "Structure": "Subway", "Latitude": 40.757107, "Longitude": -73.97192, "North Direction Label": "Uptown", "South Direction Label": "Downtown", "ADA": 1, "ADA Northbound": 1, "ADA Southbound": 1, "ADA Notes": null, "restroom_count": 3 }, "geometry": { "type": "Point", "coordinates": [ -73.97192, 40.757106999999841 ] } },
{ "type": "Feature", "properties": { "GTFS Stop ID": "631", "Station ID": 402, "Complex ID": 610, "Division": "IRT", "Line": "Lexington Av", "Stop Name": "Grand Central-42 St", "Borough": "M", "CBD": true, "Daytime Routes": "4 5 6", "Structure": "Subway", "Latitude": 40.751776, "Longitude": -73.976848, "North Direction Label": "Uptown", "South Direction Label": "Downtown", "ADA": 1, "ADA Northbound": 1, "ADA Southbound": 1, "ADA Notes": null, "restroom_count": 1 }, "geometry": { "type": "Point", "coordinates": [ -73.976848, 40.751775999999843 ] } },
{ "type": "Feature", "properties": { "GTFS Stop ID": "632", "Station ID": 403, "Complex ID": 403, "Division": "IRT", "Line": "Lexington Av", "Stop Name": "33 St", "Borough": "M", "CBD": true, "Daytime Routes": "6", "Structure": "Subway", "Latitude": 40.746081, "Longitude": -73.982076, "North Direction Label": "Uptown", "South Direction Label": "Downtown", "ADA": 0, "ADA Northbound": 0, "ADA Southbound": 0, "ADA Notes": null, "restroom_count": 0 }, "geometry": { "type": "Point", "coordinates": [ -73.982076, 40.746080999999833 ] } },
{ "type": "Feature", "properties": { "GTFS Stop ID": "633", "Station ID": 404, "Complex ID": 404, "Division": "IRT", "Line": "Lexington Av", "Stop Name": "28 St", "Borough": "M", "CBD": true, "Daytime Routes": "6", "Structure": "Subway", "Latitude": 40.74307, "Longitude": -73.984264, "North Direction Label": "Uptown", "South Direction Label": "Downtown", "ADA": 2, "ADA Northbound": 0, "ADA Southbound": 1, "ADA Notes": "Downtown only", "restroom_count": 0 }, "geometry": { "type": "Point", "coordinates": [ -73.984264, 40.743069999999861 ] } },
{ "type": "Feature", "properties": { "GTFS Stop ID": "634", "Station ID": 405, "Complex ID": 405, "Division": "IRT", "Line": "Lexington Av", "Stop Name": "23 St", "Borough": "M", "CBD": true, "Daytime Routes": "6", "Structure": "Subway", "Latitude": 40.739864, "Longitude": -73.986599, "North Direction Label": "Uptown", "South Direction Label": "Downtown", "ADA": 1, "ADA Northbound": 1, "ADA Southbound": 1, "ADA Notes": null, "restroom_count": 1 }, "geometry": { "type": "Point", "coordinates": [ -73.986599, 40.739863999999834 ] } },
{ "type": "Feature", "properties": { "GTFS Stop ID": "635", "Station ID": 406, "Complex ID": 602, "Division": "IRT", "Line": "Lexington Av", "Stop Name": "14 St-Union Sq", "Borough": "M", "CBD": true, "Daytime Routes": "4 5 6", "Structure": "Subway", "Latitude": 40.734673, "Longitude": -73.989951, "North Direction Label": "Uptown", "South Direction Label": "Downtown", "ADA": 0, "ADA Northbound": 0, "ADA Southbound": 0, "ADA Notes": null, "restroom_count": 1 }, "geometry": { "type": "Point", "coordinates": [ -73.989951, 40.734672999999823 ] } },
{ "type": "Feature", "properties": { "GTFS Stop ID": "636", "Station ID": 407, "Complex ID": 407, "Division": "IRT", "Line": "Lexington Av", "Stop Name": "Astor Pl", "Borough": "M", "CBD": true, "Daytime Routes": "6", "Structure": "Subway", "Latitude": 40.730054, "Longitude": -73.99107, "North Direction Label": "Uptown", "South Direction Label": "Downtown", "ADA": 0, "ADA Northbound": 0, "ADA Southbound": 0, "ADA Notes": null, "restroom_count": 0 }, "geometry": { "type": "Point", "coordinates": [ -73.99107, 40.730053999999846 ] } },
{ "type": "Feature", "properties": { "GTFS Stop ID": "637", "Station ID": 408, "Complex ID": 619, "Division": "IRT", "Line": "Lexington Av", "Stop Name": "Bleecker St", "Borough": "M", "CBD": true, "Daytime Routes": "6", "Structure": "Subway", "Latitude": 40.725915, "Longitude": -73.994659, "North Direction Label": "Uptown", "South Direction Label": "Downtown", "ADA": 1, "ADA Northbound": 1, "ADA Southbound": 1, "ADA Notes": null, "restroom_count": 0 }, "geometry": { "type": "Point", "coordinates": [ -73.994659, 40.725914999999837 ] } },
{ "type": "Feature", "properties": { "GTFS Stop ID": "638", "Station ID": 409, "Complex ID": 409, "Division": "IRT", "Line": "Lexington Av", "Stop Name": "Spring St", "Borough": "M", "CBD": true, "Daytime Routes": "6", "Structure": "Subway", "Latitude": 40.722301, "Longitude": -73.997141, "North Direction Label": "Uptown", "South Direction Label": "Downtown", "ADA": 0, "ADA Northbound": 0, "ADA Southbound": 0, "ADA Notes": null, "restroom_count": 0 }, "geometry": { "type": "Point", "coordinates": [ -73.997141, 40.722300999999824 ] } },
{ "type": "Feature", "properties": { "GTFS Stop ID": "639", "Station ID": 410, "Complex ID": 623, "Division": "IRT", "Line": "Lexington Av", "Stop Name": "Canal St", "Borough": "M", "CBD": true, "Daytime Routes": "6", "Structure": "Subway", "Latitude": 40.718803, "Longitude": -74.000193, "North Direction Label": "Uptown", "South Direction Label": "Downtown", "ADA": 1, "ADA Northbound": 1, "ADA Southbound": 1, "ADA Notes": null, "restroom_count": 0 }, "geometry": { "type": "Point", "coordinates": [ -74.000193, 40.718802999999838 ] } },
{ "type": "Feature", "properties": { "GTFS Stop ID": "640", "Station ID": 411, "Complex ID": 622, "Division": "IRT", "Line": "Lexington Av", "Stop Name": "Brooklyn Bridge-City Hall", "Borough": "M", "CBD": true, "Daytime Routes": "4 5 6", "Structure": "Subway", "Latitude": 40.713065, "Longitude": -74.004131, "North Direction Label": "Uptown", "South Direction Label": "Downtown", "ADA": 1, "ADA Northbound": 1, "ADA Southbound": 1, "ADA Notes": null, "restroom_count": 0 }, "geometry": { "type": "Point", "coordinates": [ -74.004131, 40.71306499999983 ] } },
{ "type": "Feature", "properties": { "GTFS Stop ID": "418", "Station ID": 412, "Complex ID": 628, "Division": "IRT", "Line": "Lexington Av", "Stop Name": "Fulton St", "Borough": "M", "CBD": true, "Daytime Routes": "4 5", "Structure": "Subway", "Latitude": 40.710368, "Longitude": -74.009509, "North Direction Label": "Uptown", "South Direction Label": "Downtown", "ADA": 1, "ADA Northbound": 1, "ADA Southbound": 1, "ADA Notes": null, "restroom_count": 0 }, "geometry": { "type": "Point", "coordinates": [ -74.009509, 40.710367999999853 ] } },
{ "type": "Feature", "properties": { "GTFS Stop ID": "419", "Station ID": 413, "Complex ID": 413, "Division": "IRT", "Line": "Lexington Av", "Stop Name": "Wall St", "Borough": "M", "CBD": true, "Daytime Routes": "4 5", "Structure": "Subway", "Latitude": 40.707557, "Longitude": -74.011862, "North Direction Label": "Uptown", "South Direction Label": "Downtown", "ADA": 0, "ADA Northbound": 0, "ADA Southbound": 0, "ADA Notes": null, "restroom_count": 0 }, "geometry": { "type": "Point", "coordinates": [ -74.011862, 40.707556999999845 ] } },
{ "type": "Feature", "properties": { "GTFS Stop ID": "420", "Station ID": 414, "Complex ID": 414, "Division": "IRT", "Line": "Lexington Av", "Stop Name": "Bowling Green", "Borough": "M", "CBD": true, "Daytime Routes": "4 5", "Structure": "Subway", "Latitude": 40.704817, "Longitude": -74.014065, "North Direction Label": "Uptown", "South Direction Label": "Downtown", "ADA": 1, "ADA Northbound": 1, "ADA Southbound": 1, "ADA Notes": null, "restroom_count": 0 }, "geometry": { "type": "Point", "coordinates": [ -74.014065, 40.704816999999828 ] } },
{ "type": "Feature", "properties": { "GTFS Stop ID": "423", "Station ID": 415, "Complex ID": 620, "Division": "IRT", "Line": "Eastern Pky", "Stop Name": "Borough Hall", "Borough": "Bk", "CBD": false, "Daytime Routes": "4 5", "Structure": "Subway", "Latitude": 40.692404, "Longitude": -73.990151, "North Direction Label": "Manhattan", "South Direction Label": "Outbound", "ADA": 2, "ADA Northbound": 1, "ADA Southbound": 0, "ADA Notes": "Manhattan-bound only", "restroom_count": 0 }, "geometry": { "type": "Point", "coordinates": [ -73.990151, 40.69240399999984 ] } },
{ "type": "Feature", "properties": { "GTFS Stop ID": "201", "Station ID": 416, "Complex ID": 416, "Division": "IRT", "Line": "Lenox - White Plains Rd", "Stop Name": "Wakefield-241 St", "Borough": "Bx", "CBD": false, "Daytime Routes": "2", "Structure": "Elevated", "Latitude": 40.903125, "Longitude": -73.85062, "North Direction Label": "Last Stop", "South Direction Label": "Manhattan", "ADA": 0, "ADA Northbound": 0, "ADA Southbound": 0, "ADA Notes": null, "restroom_count": 0 }, "geometry": { "type": "Point", "coordinates": [ -73.85062, 40.903124999999832 ] } },
{ "type": "Feature", "properties": { "GTFS Stop ID": "204", "Station ID": 417, "Complex ID": 417, "Division": "IRT", "Line": "Lenox - White Plains Rd", "Stop Name": "Nereid Av", "Borough": "Bx", "CBD": false, "Daytime Routes": "2 5", "Structure": "Elevated", "Latitude": 40.898379, "Longitude": -73.854376, "North Direction Label": "Northbound", "South Direction Label": "Manhattan", "ADA": 0, "ADA Northbound": 0, "ADA Southbound": 0, "ADA Notes": null, "restroom_count": 0 }, "geometry": { "type": "Point", "coordinates": [ -73.854376, 40.898378999999828 ] } },
{ "type": "Feature", "properties": { "GTFS Stop ID": "205", "Station ID": 418, "Complex ID": 418, "Division": "IRT", "Line": "Lenox - White Plains Rd", "Stop Name": "233 St", "Borough": "Bx", "CBD": false, "Daytime Routes": "2 5", "Structure": "Elevated", "Latitude": 40.893193, "Longitude": -73.857473, "North Direction Label": "Northbound", "South Direction Label": "Manhattan", "ADA": 1, "ADA Northbound": 1, "ADA Southbound": 1, "ADA Notes": null, "restroom_count": 0 }, "geometry": { "type": "Point", "coordinates": [ -73.857473, 40.89319299999984 ] } },
{ "type": "Feature", "properties": { "GTFS Stop ID": "206", "Station ID": 419, "Complex ID": 419, "Division": "IRT", "Line": "Lenox - White Plains Rd", "Stop Name": "225 St", "Borough": "Bx", "CBD": false, "Daytime Routes": "2 5", "Structure": "Elevated", "Latitude": 40.888022, "Longitude": -73.860341, "North Direction Label": "Northbound", "South Direction Label": "Manhattan", "ADA": 0, "ADA Northbound": 0, "ADA Southbound": 0, "ADA Notes": null, "restroom_count": 1 }, "geometry": { "type": "Point", "coordinates": [ -73.860341, 40.888021999999843 ] } },
{ "type": "Feature", "properties": { "GTFS Stop ID": "207", "Station ID": 420, "Complex ID": 420, "Division": "IRT", "Line": "Lenox - White Plains Rd", "Stop Name": "219 St", "Borough": "Bx", "CBD": false, "Daytime Routes": "2 5", "Structure": "Elevated", "Latitude": 40.883895, "Longitude": -73.862633, "North Direction Label": "Northbound", "South Direction Label": "Manhattan", "ADA": 0, "ADA Northbound": 0, "ADA Southbound": 0, "ADA Notes": null, "restroom_count": 0 }, "geometry": { "type": "Point", "coordinates": [ -73.862633, 40.883894999999846 ] } },
{ "type": "Feature", "properties": { "GTFS Stop ID": "208", "Station ID": 421, "Complex ID": 421, "Division": "IRT", "Line": "Lenox - White Plains Rd", "Stop Name": "Gun Hill Rd", "Borough": "Bx", "CBD": false, "Daytime Routes": "2 5", "Structure": "Elevated", "Latitude": 40.87785, "Longitude": -73.866256, "North Direction Label": "Northbound", "South Direction Label": "Manhattan", "ADA": 1, "ADA Northbound": 1, "ADA Southbound": 1, "ADA Notes": null, "restroom_count": 0 }, "geometry": { "type": "Point", "coordinates": [ -73.866256, 40.87785 ] } },
{ "type": "Feature", "properties": { "GTFS Stop ID": "209", "Station ID": 422, "Complex ID": 422, "Division": "IRT", "Line": "Lenox - White Plains Rd", "Stop Name": "Burke Av", "Borough": "Bx", "CBD": false, "Daytime Routes": "2 5", "Structure": "Elevated", "Latitude": 40.871356, "Longitude": -73.867164, "North Direction Label": "Northbound", "South Direction Label": "Manhattan", "ADA": 0, "ADA Northbound": 0, "ADA Southbound": 0, "ADA Notes": null, "restroom_count": 0 }, "geometry": { "type": "Point", "coordinates": [ -73.867164, 40.871355999999857 ] } },
{ "type": "Feature", "properties": { "GTFS Stop ID": "210", "Station ID": 423, "Complex ID": 423, "Division": "IRT", "Line": "Lenox - White Plains Rd", "Stop Name": "Allerton Av", "Borough": "Bx", "CBD": false, "Daytime Routes": "2 5", "Structure": "Elevated", "Latitude": 40.865462, "Longitude": -73.867352, "North Direction Label": "Northbound", "South Direction Label": "Manhattan", "ADA": 0, "ADA Northbound": 0, "ADA Southbound": 0, "ADA Notes": null, "restroom_count": 0 }, "geometry": { "type": "Point", "coordinates": [ -73.867352, 40.86546199999983 ] } },
{ "type": "Feature", "properties": { "GTFS Stop ID": "211", "Station ID": 424, "Complex ID": 424, "Division": "IRT", "Line": "Lenox - White Plains Rd", "Stop Name": "Pelham Pkwy", "Borough": "Bx", "CBD": false, "Daytime Routes": "2 5", "Structure": "Elevated", "Latitude": 40.857192, "Longitude": -73.867615, "North Direction Label": "Northbound", "South Direction Label": "Manhattan", "ADA": 1, "ADA Northbound": 1, "ADA Southbound": 1, "ADA Notes": null, "restroom_count": 0 }, "geometry": { "type": "Point", "coordinates": [ -73.867615, 40.857191999999834 ] } },
{ "type": "Feature", "properties": { "GTFS Stop ID": "212", "Station ID": 425, "Complex ID": 425, "Division": "IRT", "Line": "Lenox - White Plains Rd", "Stop Name": "Bronx Park East", "Borough": "Bx", "CBD": false, "Daytime Routes": "2 5", "Structure": "Elevated", "Latitude": 40.848828, "Longitude": -73.868457, "North Direction Label": "Northbound", "South Direction Label": "Manhattan", "ADA": 0, "ADA Northbound": 0, "ADA Southbound": 0, "ADA Notes": null, "restroom_count": 0 }, "geometry": { "type": "Point", "coordinates": [ -73.868457, 40.848827999999848 ] } },
{ "type": "Feature", "properties": { "GTFS Stop ID": "213", "Station ID": 426, "Complex ID": 426, "Division": "IRT", "Line": "Lenox - White Plains Rd", "Stop Name": "E 180 St", "Borough": "Bx", "CBD": false, "Daytime Routes": "2 5", "Structure": "Elevated", "Latitude": 40.841894, "Longitude": -73.873488, "North Direction Label": "Northbound", "South Direction Label": "Manhattan", "ADA": 1, "ADA Northbound": 1, "ADA Southbound": 1, "ADA Notes": null, "restroom_count": 0 }, "geometry": { "type": "Point", "coordinates": [ -73.873488, 40.841893999999847 ] } },
{ "type": "Feature", "properties": { "GTFS Stop ID": "214", "Station ID": 427, "Complex ID": 427, "Division": "IRT", "Line": "Lenox - White Plains Rd", "Stop Name": "West Farms Sq-E Tremont Av", "Borough": "Bx", "CBD": false, "Daytime Routes": "2 5", "Structure": "Elevated", "Latitude": 40.840295, "Longitude": -73.880049, "North Direction Label": "Northbound", "South Direction Label": "Manhattan", "ADA": 0, "ADA Northbound": 0, "ADA Southbound": 0, "ADA Notes": null, "restroom_count": 0 }, "geometry": { "type": "Point", "coordinates": [ -73.880049, 40.840294999999834 ] } },
{ "type": "Feature", "properties": { "GTFS Stop ID": "215", "Station ID": 428, "Complex ID": 428, "Division": "IRT", "Line": "Lenox - White Plains Rd", "Stop Name": "174 St", "Borough": "Bx", "CBD": false, "Daytime Routes": "2 5", "Structure": "Elevated", "Latitude": 40.837288, "Longitude": -73.887734, "North Direction Label": "Northbound", "South Direction Label": "Manhattan", "ADA": 0, "ADA Northbound": 0, "ADA Southbound": 0, "ADA Notes": null, "restroom_count": 0 }, "geometry": { "type": "Point", "coordinates": [ -73.887734, 40.837287999999845 ] } },
{ "type": "Feature", "properties": { "GTFS Stop ID": "216", "Station ID": 429, "Complex ID": 429, "Division": "IRT", "Line": "Lenox - White Plains Rd", "Stop Name": "Freeman St", "Borough": "Bx", "CBD": false, "Daytime Routes": "2 5", "Structure": "Elevated", "Latitude": 40.829993, "Longitude": -73.891865, "North Direction Label": "Northbound", "South Direction Label": "Manhattan", "ADA": 0, "ADA Northbound": 0, "ADA Southbound": 0, "ADA Notes": null, "restroom_count": 0 }, "geometry": { "type": "Point", "coordinates": [ -73.891865, 40.829992999999831 ] } },
{ "type": "Feature", "properties": { "GTFS Stop ID": "217", "Station ID": 430, "Complex ID": 430, "Division": "IRT", "Line": "Lenox - White Plains Rd", "Stop Name": "Simpson St", "Borough": "Bx", "CBD": false, "Daytime Routes": "2 5", "Structure": "Elevated", "Latitude": 40.824073, "Longitude": -73.893064, "North Direction Label": "Northbound", "South Direction Label": "Manhattan", "ADA": 1, "ADA Northbound": 1, "ADA Southbound": 1, "ADA Notes": null, "restroom_count": 1 }, "geometry": { "type": "Point", "coordinates": [ -73.893064, 40.824072999999835 ] } },
{ "type": "Feature", "properties": { "GTFS Stop ID": "218", "Station ID": 431, "Complex ID": 431, "Division": "IRT", "Line": "Lenox - White Plains Rd", "Stop Name": "Intervale Av", "Borough": "Bx", "CBD": false, "Daytime Routes": "2 5", "Structure": "Elevated", "Latitude": 40.822181, "Longitude": -73.896736, "North Direction Label": "Northbound", "South Direction Label": "Manhattan", "ADA": 0, "ADA Northbound": 0, "ADA Southbound": 0, "ADA Notes": null, "restroom_count": 0 }, "geometry": { "type": "Point", "coordinates": [ -73.896736, 40.822180999999837 ] } },
{ "type": "Feature", "properties": { "GTFS Stop ID": "219", "Station ID": 432, "Complex ID": 432, "Division": "IRT", "Line": "Lenox - White Plains Rd", "Stop Name": "Prospect Av", "Borough": "Bx", "CBD": false, "Daytime Routes": "2 5", "Structure": "Elevated", "Latitude": 40.819585, "Longitude": -73.90177, "North Direction Label": "Northbound", "South Direction Label": "Manhattan", "ADA": 0, "ADA Northbound": 0, "ADA Southbound": 0, "ADA Notes": null, "restroom_count": 0 }, "geometry": { "type": "Point", "coordinates": [ -73.90177, 40.819584999999847 ] } },
{ "type": "Feature", "properties": { "GTFS Stop ID": "220", "Station ID": 433, "Complex ID": 433, "Division": "IRT", "Line": "Lenox - White Plains Rd", "Stop Name": "Jackson Av", "Borough": "Bx", "CBD": false, "Daytime Routes": "2 5", "Structure": "Elevated", "Latitude": 40.81649, "Longitude": -73.907807, "North Direction Label": "Northbound", "South Direction Label": "Manhattan", "ADA": 0, "ADA Northbound": 0, "ADA Southbound": 0, "ADA Notes": null, "restroom_count": 1 }, "geometry": { "type": "Point", "coordinates": [ -73.907807, 40.816489999999838 ] } },
{ "type": "Feature", "properties": { "GTFS Stop ID": "221", "Station ID": 434, "Complex ID": 434, "Division": "IRT", "Line": "Lenox - White Plains Rd", "Stop Name": "3 Av-149 St", "Borough": "Bx", "CBD": false, "Daytime Routes": "2 5", "Structure": "Subway", "Latitude": 40.816109, "Longitude": -73.917757, "North Direction Label": "Northbound", "South Direction Label": "Manhattan", "ADA": 1, "ADA Northbound": 1, "ADA Southbound": 1, "ADA Notes": null, "restroom_count": 0 }, "geometry": { "type": "Point", "coordinates": [ -73.917757, 40.816108999999834 ] } },
{ "type": "Feature", "properties": { "GTFS Stop ID": "222", "Station ID": 435, "Complex ID": 603, "Division": "IRT", "Line": "Lenox - White Plains Rd", "Stop Name": "149 St-Grand Concourse", "Borough": "Bx", "CBD": false, "Daytime Routes": "2 5", "Structure": "Subway", "Latitude": 40.81841, "Longitude": -73.926718, "North Direction Label": "Northbound", "South Direction Label": "Manhattan", "ADA": 0, "ADA Northbound": 0, "ADA Southbound": 0, "ADA Notes": null, "restroom_count": 0 }, "geometry": { "type": "Point", "coordinates": [ -73.926718, 40.818409999999844 ] } },
{ "type": "Feature", "properties": { "GTFS Stop ID": "301", "Station ID": 436, "Complex ID": 436, "Division": "IRT", "Line": "Lenox - White Plains Rd", "Stop Name": "Harlem-148 St", "Borough": "M", "CBD": false, "Daytime Routes": "3", "Structure": "Subway", "Latitude": 40.82388, "Longitude": -73.93647, "North Direction Label": "Last Stop", "South Direction Label": "Downtown", "ADA": 0, "ADA Northbound": 0, "ADA Southbound": 0, "ADA Notes": null, "restroom_count": 2 }, "geometry": { "type": "Point", "coordinates": [ -73.93647, 40.823879999999853 ] } },
{ "type": "Feature", "properties": { "GTFS Stop ID": "302", "Station ID": 437, "Complex ID": 437, "Division": "IRT", "Line": "Lenox - White Plains Rd", "Stop Name": "145 St", "Borough": "M", "CBD": false, "Daytime Routes": "3", "Structure": "Subway", "Latitude": 40.820421, "Longitude": -73.936245, "North Direction Label": "Harlem", "South Direction Label": "Downtown", "ADA": 0, "ADA Northbound": 0, "ADA Southbound": 0, "ADA Notes": null, "restroom_count": 1 }, "geometry": { "type": "Point", "coordinates": [ -73.936245, 40.820420999999854 ] } },
{ "type": "Feature", "properties": { "GTFS Stop ID": "224", "Station ID": 438, "Complex ID": 438, "Division": "IRT", "Line": "Lenox - White Plains Rd", "Stop Name": "135 St", "Borough": "M", "CBD": false, "Daytime Routes": "2 3", "Structure": "Subway", "Latitude": 40.814229, "Longitude": -73.94077, "North Direction Label": "Uptown", "South Direction Label": "Downtown", "ADA": 1, "ADA Northbound": 1, "ADA Southbound": 1, "ADA Notes": null, "restroom_count": 2 }, "geometry": { "type": "Point", "coordinates": [ -73.94077, 40.814228999999848 ] } },
{ "type": "Feature", "properties": { "GTFS Stop ID": "225", "Station ID": 439, "Complex ID": 439, "Division": "IRT", "Line": "Lenox - White Plains Rd", "Stop Name": "125 St", "Borough": "M", "CBD": false, "Daytime Routes": "2 3", "Structure": "Subway", "Latitude": 40.807754, "Longitude": -73.945495, "North Direction Label": "Uptown", "South Direction Label": "Downtown", "ADA": 0, "ADA Northbound": 0, "ADA Southbound": 0, "ADA Notes": null, "restroom_count": 0 }, "geometry": { "type": "Point", "coordinates": [ -73.945495, 40.807753999999854 ] } },
{ "type": "Feature", "properties": { "GTFS Stop ID": "226", "Station ID": 440, "Complex ID": 440, "Division": "IRT", "Line": "Lenox - White Plains Rd", "Stop Name": "116 St", "Borough": "M", "CBD": false, "Daytime Routes": "2 3", "Structure": "Subway", "Latitude": 40.802098, "Longitude": -73.949625, "North Direction Label": "Uptown", "South Direction Label": "Downtown", "ADA": 0, "ADA Northbound": 0, "ADA Southbound": 0, "ADA Notes": null, "restroom_count": 1 }, "geometry": { "type": "Point", "coordinates": [ -73.949625, 40.802097999999852 ] } },
{ "type": "Feature", "properties": { "GTFS Stop ID": "227", "Station ID": 441, "Complex ID": 441, "Division": "IRT", "Line": "Lenox - White Plains Rd", "Stop Name": "Central Park North (110 St)", "Borough": "M", "CBD": false, "Daytime Routes": "2 3", "Structure": "Subway", "Latitude": 40.799075, "Longitude": -73.951822, "North Direction Label": "Uptown", "South Direction Label": "Downtown", "ADA": 0, "ADA Northbound": 0, "ADA Southbound": 0, "ADA Notes": null, "restroom_count": 2 }, "geometry": { "type": "Point", "coordinates": [ -73.951822, 40.799074999999831 ] } },
{ "type": "Feature", "properties": { "GTFS Stop ID": "501", "Station ID": 442, "Complex ID": 442, "Division": "IRT", "Line": "Dyre Av", "Stop Name": "Eastchester-Dyre Av", "Borough": "Bx", "CBD": false, "Daytime Routes": "5", "Structure": "At Grade", "Latitude": 40.8883, "Longitude": -73.830834, "North Direction Label": "Last Stop", "South Direction Label": "Manhattan", "ADA": 0, "ADA Northbound": 0, "ADA Southbound": 0, "ADA Notes": null, "restroom_count": 0 }, "geometry": { "type": "Point", "coordinates": [ -73.830834, 40.888299999999852 ] } },
{ "type": "Feature", "properties": { "GTFS Stop ID": "502", "Station ID": 443, "Complex ID": 443, "Division": "IRT", "Line": "Dyre Av", "Stop Name": "Baychester Av", "Borough": "Bx", "CBD": false, "Daytime Routes": "5", "Structure": "Open Cut", "Latitude": 40.878663, "Longitude": -73.838591, "North Direction Label": "Eastchester", "South Direction Label": "Manhattan", "ADA": 0, "ADA Northbound": 0, "ADA Southbound": 0, "ADA Notes": null, "restroom_count": 0 }, "geometry": { "type": "Point", "coordinates": [ -73.838591, 40.878662999999825 ] } },
{ "type": "Feature", "properties": { "GTFS Stop ID": "503", "Station ID": 444, "Complex ID": 444, "Division": "IRT", "Line": "Dyre Av", "Stop Name": "Gun Hill Rd", "Borough": "Bx", "CBD": false, "Daytime Routes": "5", "Structure": "Open Cut", "Latitude": 40.869526, "Longitude": -73.846384, "North Direction Label": "Eastchester", "South Direction Label": "Manhattan", "ADA": 1, "ADA Northbound": 1, "ADA Southbound": 1, "ADA Notes": null, "restroom_count": 1 }, "geometry": { "type": "Point", "coordinates": [ -73.846384, 40.86952599999983 ] } },
{ "type": "Feature", "properties": { "GTFS Stop ID": "504", "Station ID": 445, "Complex ID": 445, "Division": "IRT", "Line": "Dyre Av", "Stop Name": "Pelham Pkwy", "Borough": "Bx", "CBD": false, "Daytime Routes": "5", "Structure": "Open Cut", "Latitude": 40.858985, "Longitude": -73.855359, "North Direction Label": "Eastchester", "South Direction Label": "Manhattan", "ADA": 0, "ADA Northbound": 0, "ADA Southbound": 0, "ADA Notes": null, "restroom_count": 0 }, "geometry": { "type": "Point", "coordinates": [ -73.855359, 40.858984999999841 ] } },
{ "type": "Feature", "properties": { "GTFS Stop ID": "505", "Station ID": 446, "Complex ID": 446, "Division": "IRT", "Line": "Dyre Av", "Stop Name": "Morris Park", "Borough": "Bx", "CBD": false, "Daytime Routes": "5", "Structure": "Open Cut", "Latitude": 40.854364, "Longitude": -73.860495, "North Direction Label": "Eastchester", "South Direction Label": "Manhattan", "ADA": 0, "ADA Northbound": 0, "ADA Southbound": 0, "ADA Notes": null, "restroom_count": 0 }, "geometry": { "type": "Point", "coordinates": [ -73.860495, 40.854363999999833 ] } },
{ "type": "Feature", "properties": { "GTFS Stop ID": "701", "Station ID": 447, "Complex ID": 447, "Division": "IRT", "Line": "Flushing", "Stop Name": "Flushing-Main St", "Borough": "Q", "CBD": false, "Daytime Routes": "7", "Structure": "Subway", "Latitude": 40.7596, "Longitude": -73.83003, "North Direction Label": "Last Stop", "South Direction Label": "Manhattan", "ADA": 1, "ADA Northbound": 1, "ADA Southbound": 1, "ADA Notes": null, "restroom_count": 0 }, "geometry": { "type": "Point", "coordinates": [ -73.83003, 40.759599999999843 ] } },
{ "type": "Feature", "properties": { "GTFS Stop ID": "702", "Station ID": 448, "Complex ID": 448, "Division": "IRT", "Line": "Flushing", "Stop Name": "Mets-Willets Point", "Borough": "Q", "CBD": false, "Daytime Routes": "7", "Structure": "Elevated", "Latitude": 40.754622, "Longitude": -73.845625, "North Direction Label": "Outbound", "South Direction Label": "Manhattan", "ADA": 0, "ADA Northbound": 0, "ADA Southbound": 0, "ADA Notes": null, "restroom_count": 0 }, "geometry": { "type": "Point", "coordinates": [ -73.845625, 40.754621999999841 ] } },
{ "type": "Feature", "properties": { "GTFS Stop ID": "705", "Station ID": 449, "Complex ID": 449, "Division": "IRT", "Line": "Flushing", "Stop Name": "111 St", "Borough": "Q", "CBD": false, "Daytime Routes": "7", "Structure": "Elevated", "Latitude": 40.75173, "Longitude": -73.855334, "North Direction Label": "Outbound", "South Direction Label": "Manhattan", "ADA": 0, "ADA Northbound": 0, "ADA Southbound": 0, "ADA Notes": null, "restroom_count": 0 }, "geometry": { "type": "Point", "coordinates": [ -73.855334, 40.751729999999839 ] } },
{ "type": "Feature", "properties": { "GTFS Stop ID": "706", "Station ID": 450, "Complex ID": 450, "Division": "IRT", "Line": "Flushing", "Stop Name": "103 St-Corona Plaza", "Borough": "Q", "CBD": false, "Daytime Routes": "7", "Structure": "Elevated", "Latitude": 40.749865, "Longitude": -73.8627, "North Direction Label": "Outbound", "South Direction Label": "Manhattan", "ADA": 0, "ADA Northbound": 0, "ADA Southbound": 0, "ADA Notes": null, "restroom_count": 2 }, "geometry": { "type": "Point", "coordinates": [ -73.8627, 40.749864999999836 ] } },
{ "type": "Feature", "properties": { "GTFS Stop ID": "707", "Station ID": 451, "Complex ID": 451, "Division": "IRT", "Line": "Flushing", "Stop Name": "Junction Blvd", "Borough": "Q", "CBD": false, "Daytime Routes": "7", "Structure": "Elevated", "Latitude": 40.749145, "Longitude": -73.869527, "North Direction Label": "Outbound", "South Direction Label": "Manhattan", "ADA": 1, "ADA Northbound": 1, "ADA Southbound": 1, "ADA Notes": null, "restroom_count": 0 }, "geometry": { "type": "Point", "coordinates": [ -73.869527, 40.749144999999821 ] } },
{ "type": "Feature", "properties": { "GTFS Stop ID": "708", "Station ID": 452, "Complex ID": 452, "Division": "IRT", "Line": "Flushing", "Stop Name": "90 St-Elmhurst Av", "Borough": "Q", "CBD": false, "Daytime Routes": "7", "Structure": "Elevated", "Latitude": 40.748408, "Longitude": -73.876613, "North Direction Label": "Outbound", "South Direction Label": "Manhattan", "ADA": 0, "ADA Northbound": 0, "ADA Southbound": 0, "ADA Notes": null, "restroom_count": 0 }, "geometry": { "type": "Point", "coordinates": [ -73.876613, 40.74840799999982 ] } },
{ "type": "Feature", "properties": { "GTFS Stop ID": "709", "Station ID": 453, "Complex ID": 453, "Division": "IRT", "Line": "Flushing", "Stop Name": "82 St-Jackson Hts", "Borough": "Q", "CBD": false, "Daytime Routes": "7", "Structure": "Elevated", "Latitude": 40.747659, "Longitude": -73.883697, "North Direction Label": "Outbound", "South Direction Label": "Manhattan", "ADA": 0, "ADA Northbound": 0, "ADA Southbound": 0, "ADA Notes": null, "restroom_count": 0 }, "geometry": { "type": "Point", "coordinates": [ -73.883697, 40.74765899999985 ] } },
{ "type": "Feature", "properties": { "GTFS Stop ID": "710", "Station ID": 454, "Complex ID": 616, "Division": "IRT", "Line": "Flushing", "Stop Name": "74 St-Broadway", "Borough": "Q", "CBD": false, "Daytime Routes": "7", "Structure": "Elevated", "Latitude": 40.746848, "Longitude": -73.891394, "North Direction Label": "Outbound", "South Direction Label": "Manhattan", "ADA": 1, "ADA Northbound": 1, "ADA Southbound": 1, "ADA Notes": null, "restroom_count": 0 }, "geometry": { "type": "Point", "coordinates": [ -73.891394, 40.746847999999865 ] } },
{ "type": "Feature", "properties": { "GTFS Stop ID": "711", "Station ID": 455, "Complex ID": 455, "Division": "IRT", "Line": "Flushing", "Stop Name": "69 St", "Borough": "Q", "CBD": false, "Daytime Routes": "7", "Structure": "Elevated", "Latitude": 40.746325, "Longitude": -73.896403, "North Direction Label": "Outbound", "South Direction Label": "Manhattan", "ADA": 0, "ADA Northbound": 0, "ADA Southbound": 0, "ADA Notes": null, "restroom_count": 0 }, "geometry": { "type": "Point", "coordinates": [ -73.896403, 40.746324999999828 ] } },
{ "type": "Feature", "properties": { "GTFS Stop ID": "712", "Station ID": 456, "Complex ID": 456, "Division": "IRT", "Line": "Flushing", "Stop Name": "61 St-Woodside", "Borough": "Q", "CBD": false, "Daytime Routes": "7", "Structure": "Elevated", "Latitude": 40.74563, "Longitude": -73.902984, "North Direction Label": "Outbound", "South Direction Label": "Manhattan", "ADA": 1, "ADA Northbound": 1, "ADA Southbound": 1, "ADA Notes": null, "restroom_count": 0 }, "geometry": { "type": "Point", "coordinates": [ -73.902984, 40.745629999999835 ] } },
{ "type": "Feature", "properties": { "GTFS Stop ID": "713", "Station ID": 457, "Complex ID": 457, "Division": "IRT", "Line": "Flushing", "Stop Name": "52 St", "Borough": "Q", "CBD": false, "Daytime Routes": "7", "Structure": "Elevated", "Latitude": 40.744149, "Longitude": -73.912549, "North Direction Label": "Outbound", "South Direction Label": "Manhattan", "ADA": 0, "ADA Northbound": 0, "ADA Southbound": 0, "ADA Notes": null, "restroom_count": 0 }, "geometry": { "type": "Point", "coordinates": [ -73.912549, 40.744148999999844 ] } },
{ "type": "Feature", "properties": { "GTFS Stop ID": "714", "Station ID": 458, "Complex ID": 458, "Division": "IRT", "Line": "Flushing", "Stop Name": "46 St-Bliss St", "Borough": "Q", "CBD": false, "Daytime Routes": "7", "Structure": "Elevated", "Latitude": 40.743132, "Longitude": -73.918435, "North Direction Label": "Outbound", "South Direction Label": "Manhattan", "ADA": 0, "ADA Northbound": 0, "ADA Southbound": 0, "ADA Notes": null, "restroom_count": 0 }, "geometry": { "type": "Point", "coordinates": [ -73.918435, 40.743131999999854 ] } },
{ "type": "Feature", "properties": { "GTFS Stop ID": "715", "Station ID": 459, "Complex ID": 459, "Division": "IRT", "Line": "Flushing", "Stop Name": "40 St-Lowery St", "Borough": "Q", "CBD": false, "Daytime Routes": "7", "Structure": "Elevated", "Latitude": 40.743781, "Longitude": -73.924016, "North Direction Label": "Outbound", "South Direction Label": "Manhattan", "ADA": 0, "ADA Northbound": 0, "ADA Southbound": 0, "ADA Notes": null, "restroom_count": 0 }, "geometry": { "type": "Point", "coordinates": [ -73.924016, 40.743780999999849 ] } },
{ "type": "Feature", "properties": { "GTFS Stop ID": "716", "Station ID": 460, "Complex ID": 460, "Division": "IRT", "Line": "Flushing", "Stop Name": "33 St-Rawson St", "Borough": "Q", "CBD": false, "Daytime Routes": "7", "Structure": "Elevated", "Latitude": 40.744587, "Longitude": -73.930997, "North Direction Label": "Outbound", "South Direction Label": "Manhattan", "ADA": 0, "ADA Northbound": 0, "ADA Southbound": 0, "ADA Notes": null, "restroom_count": 0 }, "geometry": { "type": "Point", "coordinates": [ -73.930997, 40.744586999999854 ] } },
{ "type": "Feature", "properties": { "GTFS Stop ID": "R09", "Station ID": 461, "Complex ID": 461, "Division": "BMT", "Line": "Astoria", "Stop Name": "Queensboro Plaza", "Borough": "Q", "CBD": false, "Daytime Routes": "N W", "Structure": "Elevated", "Latitude": 40.750582, "Longitude": -73.940202, "North Direction Label": "Astoria", "South Direction Label": "Manhattan", "ADA": 1, "ADA Northbound": 1, "ADA Southbound": 1, "ADA Notes": null, "restroom_count": 0 }, "geometry": { "type": "Point", "coordinates": [ -73.940202, 40.750581999999845 ] } },
{ "type": "Feature", "properties": { "GTFS Stop ID": "718", "Station ID": 461, "Complex ID": 461, "Division": "IRT", "Line": "Flushing", "Stop Name": "Queensboro Plaza", "Borough": "Q", "CBD": false, "Daytime Routes": "7", "Structure": "Elevated", "Latitude": 40.750582, "Longitude": -73.940202, "North Direction Label": "Outbound", "South Direction Label": "Manhattan", "ADA": 1, "ADA Northbound": 1, "ADA Southbound": 1, "ADA Notes": null, "restroom_count": 0 }, "geometry": { "type": "Point", "coordinates": [ -73.940202, 40.750581999999845 ] } },
{ "type": "Feature", "properties": { "GTFS Stop ID": "719", "Station ID": 462, "Complex ID": 606, "Division": "IRT", "Line": "Flushing", "Stop Name": "Court Sq", "Borough": "Q", "CBD": false, "Daytime Routes": "7", "Structure": "Elevated", "Latitude": 40.747023, "Longitude": -73.945264, "North Direction Label": "Outbound", "South Direction Label": "Manhattan", "ADA": 1, "ADA Northbound": 1, "ADA Southbound": 1, "ADA Notes": null, "restroom_count": 0 }, "geometry": { "type": "Point", "coordinates": [ -73.945264, 40.747022999999849 ] } },
{ "type": "Feature", "properties": { "GTFS Stop ID": "720", "Station ID": 463, "Complex ID": 463, "Division": "IRT", "Line": "Flushing", "Stop Name": "Hunters Point Av", "Borough": "Q", "CBD": false, "Daytime Routes": "7", "Structure": "Subway", "Latitude": 40.742216, "Longitude": -73.948916, "North Direction Label": "Outbound", "South Direction Label": "Manhattan", "ADA": 0, "ADA Northbound": 0, "ADA Southbound": 0, "ADA Notes": null, "restroom_count": 0 }, "geometry": { "type": "Point", "coordinates": [ -73.948916, 40.742215999999836 ] } },
{ "type": "Feature", "properties": { "GTFS Stop ID": "721", "Station ID": 464, "Complex ID": 464, "Division": "IRT", "Line": "Flushing", "Stop Name": "Vernon Blvd-Jackson Av", "Borough": "Q", "CBD": false, "Daytime Routes": "7", "Structure": "Subway", "Latitude": 40.742626, "Longitude": -73.953581, "North Direction Label": "Outbound", "South Direction Label": "Manhattan", "ADA": 0, "ADA Northbound": 0, "ADA Southbound": 0, "ADA Notes": null, "restroom_count": 0 }, "geometry": { "type": "Point", "coordinates": [ -73.953581, 40.742625999999831 ] } },
{ "type": "Feature", "properties": { "GTFS Stop ID": "723", "Station ID": 465, "Complex ID": 610, "Division": "IRT", "Line": "Flushing", "Stop Name": "Grand Central-42 St", "Borough": "M", "CBD": true, "Daytime Routes": "7", "Structure": "Subway", "Latitude": 40.751431, "Longitude": -73.976041, "North Direction Label": "Queens", "South Direction Label": "Hudson Yards", "ADA": 1, "ADA Northbound": 1, "ADA Southbound": 1, "ADA Notes": null, "restroom_count": 1 }, "geometry": { "type": "Point", "coordinates": [ -73.976041, 40.751430999999826 ] } },
{ "type": "Feature", "properties": { "GTFS Stop ID": "724", "Station ID": 466, "Complex ID": 609, "Division": "IRT", "Line": "Flushing", "Stop Name": "5 Av", "Borough": "M", "CBD": true, "Daytime Routes": "7", "Structure": "Subway", "Latitude": 40.753821, "Longitude": -73.981963, "North Direction Label": "Queens", "South Direction Label": "Hudson Yards", "ADA": 0, "ADA Northbound": 0, "ADA Southbound": 0, "ADA Notes": null, "restroom_count": 2 }, "geometry": { "type": "Point", "coordinates": [ -73.981963, 40.753820999999832 ] } },
{ "type": "Feature", "properties": { "GTFS Stop ID": "725", "Station ID": 467, "Complex ID": 611, "Division": "IRT", "Line": "Flushing", "Stop Name": "Times Sq-42 St", "Borough": "M", "CBD": true, "Daytime Routes": "7", "Structure": "Subway", "Latitude": 40.755477, "Longitude": -73.987691, "North Direction Label": "Queens", "South Direction Label": "Hudson Yards", "ADA": 1, "ADA Northbound": 1, "ADA Southbound": 1, "ADA Notes": null, "restroom_count": 0 }, "geometry": { "type": "Point", "coordinates": [ -73.987691, 40.755476999999843 ] } },
{ "type": "Feature", "properties": { "GTFS Stop ID": "902", "Station ID": 468, "Complex ID": 611, "Division": "IRT", "Line": "Lexington - Shuttle", "Stop Name": "Times Sq-42 St", "Borough": "M", "CBD": true, "Daytime Routes": "S", "Structure": "Subway", "Latitude": 40.755983, "Longitude": -73.986229, "North Direction Label": "Last Stop", "South Direction Label": "Grand Central", "ADA": 1, "ADA Northbound": 1, "ADA Southbound": 1, "ADA Notes": null, "restroom_count": 0 }, "geometry": { "type": "Point", "coordinates": [ -73.986229, 40.755982999999851 ] } },
{ "type": "Feature", "properties": { "GTFS Stop ID": "901", "Station ID": 469, "Complex ID": 610, "Division": "IRT", "Line": "Lexington - Shuttle", "Stop Name": "Grand Central-42 St", "Borough": "M", "CBD": true, "Daytime Routes": "S", "Structure": "Subway", "Latitude": 40.752769, "Longitude": -73.979189, "North Direction Label": "Times Square", "South Direction Label": "Last Stop", "ADA": 1, "ADA Northbound": 1, "ADA Southbound": 1, "ADA Notes": null, "restroom_count": 2 }, "geometry": { "type": "Point", "coordinates": [ -73.979189, 40.752768999999837 ] } },
{ "type": "Feature", "properties": { "GTFS Stop ID": "726", "Station ID": 471, "Complex ID": 471, "Division": "IRT", "Line": "Flushing", "Stop Name": "34 St-Hudson Yards", "Borough": "M", "CBD": true, "Daytime Routes": "7", "Structure": "Subway", "Latitude": 40.755882, "Longitude": -74.00191, "North Direction Label": "Last Stop", "South Direction Label": "Queens", "ADA": 1, "ADA Northbound": 1, "ADA Southbound": 1, "ADA Notes": null, "restroom_count": 0 }, "geometry": { "type": "Point", "coordinates": [ -74.00191, 40.755881999999836 ] } },
{ "type": "Feature", "properties": { "GTFS Stop ID": "Q05", "Station ID": 475, "Complex ID": 475, "Division": "IND", "Line": "Second Av", "Stop Name": "96 St", "Borough": "M", "CBD": false, "Daytime Routes": "Q", "Structure": "Subway", "Latitude": 40.784318, "Longitude": -73.947152, "North Direction Label": "Last Stop", "South Direction Label": "Downtown", "ADA": 1, "ADA Northbound": 1, "ADA Southbound": 1, "ADA Notes": null, "restroom_count": 0 }, "geometry": { "type": "Point", "coordinates": [ -73.947152, 40.784317999999857 ] } },
{ "type": "Feature", "properties": { "GTFS Stop ID": "Q04", "Station ID": 476, "Complex ID": 476, "Division": "IND", "Line": "Second Av", "Stop Name": "86 St", "Borough": "M", "CBD": false, "Daytime Routes": "Q", "Structure": "Subway", "Latitude": 40.777891, "Longitude": -73.951787, "North Direction Label": "Uptown", "South Direction Label": "Downtown", "ADA": 1, "ADA Northbound": 1, "ADA Southbound": 1, "ADA Notes": null, "restroom_count": 0 }, "geometry": { "type": "Point", "coordinates": [ -73.951787, 40.777890999999826 ] } },
{ "type": "Feature", "properties": { "GTFS Stop ID": "Q03", "Station ID": 477, "Complex ID": 477, "Division": "IND", "Line": "Second Av", "Stop Name": "72 St", "Borough": "M", "CBD": false, "Daytime Routes": "Q", "Structure": "Subway", "Latitude": 40.768799, "Longitude": -73.958424, "North Direction Label": "Uptown", "South Direction Label": "Downtown", "ADA": 1, "ADA Northbound": 1, "ADA Southbound": 1, "ADA Notes": null, "restroom_count": 0 }, "geometry": { "type": "Point", "coordinates": [ -73.958424, 40.768798999999831 ] } },
{ "type": "Feature", "properties": { "GTFS Stop ID": "S31", "Station ID": 501, "Complex ID": 501, "Division": "SIR", "Line": "Staten Island", "Stop Name": "St George", "Borough": "SI", "CBD": false, "Daytime Routes": "SIR", "Structure": "Open Cut", "Latitude": 40.643748, "Longitude": -74.073643, "North Direction Label": "Last Stop", "South Direction Label": "South Shore", "ADA": 1, "ADA Northbound": 1, "ADA Southbound": 1, "ADA Notes": null, "restroom_count": 0 }, "geometry": { "type": "Point", "coordinates": [ -74.073643, 40.643747999999832 ] } },
{ "type": "Feature", "properties": { "GTFS Stop ID": "S30", "Station ID": 502, "Complex ID": 502, "Division": "SIR", "Line": "Staten Island", "Stop Name": "Tompkinsville", "Borough": "SI", "CBD": false, "Daytime Routes": "SIR", "Structure": "At Grade", "Latitude": 40.636949, "Longitude": -74.074835, "North Direction Label": "Ferry", "South Direction Label": "South Shore", "ADA": 0, "ADA Northbound": 0, "ADA Southbound": 0, "ADA Notes": null, "restroom_count": 0 }, "geometry": { "type": "Point", "coordinates": [ -74.074835, 40.636948999999831 ] } },
{ "type": "Feature", "properties": { "GTFS Stop ID": "S29", "Station ID": 503, "Complex ID": 503, "Division": "SIR", "Line": "Staten Island", "Stop Name": "Stapleton", "Borough": "SI", "CBD": false, "Daytime Routes": "SIR", "Structure": "Elevated", "Latitude": 40.627915, "Longitude": -74.075162, "North Direction Label": "Ferry", "South Direction Label": "South Shore", "ADA": 0, "ADA Northbound": 0, "ADA Southbound": 0, "ADA Notes": null, "restroom_count": 0 }, "geometry": { "type": "Point", "coordinates": [ -74.075162, 40.627914999999838 ] } },
{ "type": "Feature", "properties": { "GTFS Stop ID": "S28", "Station ID": 504, "Complex ID": 504, "Division": "SIR", "Line": "Staten Island", "Stop Name": "Clifton", "Borough": "SI", "CBD": false, "Daytime Routes": "SIR", "Structure": "Elevated", "Latitude": 40.621319, "Longitude": -74.071402, "North Direction Label": "Ferry", "South Direction Label": "South Shore", "ADA": 0, "ADA Northbound": 0, "ADA Southbound": 0, "ADA Notes": null, "restroom_count": 0 }, "geometry": { "type": "Point", "coordinates": [ -74.071402, 40.621318999999836 ] } },
{ "type": "Feature", "properties": { "GTFS Stop ID": "S27", "Station ID": 505, "Complex ID": 505, "Division": "SIR", "Line": "Staten Island", "Stop Name": "Grasmere", "Borough": "SI", "CBD": false, "Daytime Routes": "SIR", "Structure": "Open Cut", "Latitude": 40.603117, "Longitude": -74.084087, "North Direction Label": "Ferry", "South Direction Label": "South Shore", "ADA": 0, "ADA Northbound": 0, "ADA Southbound": 0, "ADA Notes": null, "restroom_count": 0 }, "geometry": { "type": "Point", "coordinates": [ -74.084087, 40.603116999999834 ] } },
{ "type": "Feature", "properties": { "GTFS Stop ID": "S26", "Station ID": 506, "Complex ID": 506, "Division": "SIR", "Line": "Staten Island", "Stop Name": "Old Town", "Borough": "SI", "CBD": false, "Daytime Routes": "SIR", "Structure": "Embankment", "Latitude": 40.596612, "Longitude": -74.087368, "North Direction Label": "Ferry", "South Direction Label": "South Shore", "ADA": 0, "ADA Northbound": 0, "ADA Southbound": 0, "ADA Notes": null, "restroom_count": 0 }, "geometry": { "type": "Point", "coordinates": [ -74.087368, 40.596611999999844 ] } },
{ "type": "Feature", "properties": { "GTFS Stop ID": "S25", "Station ID": 507, "Complex ID": 507, "Division": "SIR", "Line": "Staten Island", "Stop Name": "Dongan Hills", "Borough": "SI", "CBD": false, "Daytime Routes": "SIR", "Structure": "Embankment", "Latitude": 40.588849, "Longitude": -74.09609, "North Direction Label": "Ferry", "South Direction Label": "South Shore", "ADA": 1, "ADA Northbound": 1, "ADA Southbound": 1, "ADA Notes": null, "restroom_count": 0 }, "geometry": { "type": "Point", "coordinates": [ -74.09609, 40.58884899999984 ] } },
{ "type": "Feature", "properties": { "GTFS Stop ID": "S24", "Station ID": 508, "Complex ID": 508, "Division": "SIR", "Line": "Staten Island", "Stop Name": "Jefferson Av", "Borough": "SI", "CBD": false, "Daytime Routes": "SIR", "Structure": "Embankment", "Latitude": 40.583591, "Longitude": -74.103338, "North Direction Label": "Ferry", "South Direction Label": "South Shore", "ADA": 0, "ADA Northbound": 0, "ADA Southbound": 0, "ADA Notes": null, "restroom_count": 0 }, "geometry": { "type": "Point", "coordinates": [ -74.103338, 40.583590999999835 ] } },
{ "type": "Feature", "properties": { "GTFS Stop ID": "S23", "Station ID": 509, "Complex ID": 509, "Division": "SIR", "Line": "Staten Island", "Stop Name": "Grant City", "Borough": "SI", "CBD": false, "Daytime Routes": "SIR", "Structure": "Open Cut", "Latitude": 40.578965, "Longitude": -74.109704, "North Direction Label": "Ferry", "South Direction Label": "South Shore", "ADA": 0, "ADA Northbound": 0, "ADA Southbound": 0, "ADA Notes": null, "restroom_count": 0 }, "geometry": { "type": "Point", "coordinates": [ -74.109704, 40.57896499999984 ] } },
{ "type": "Feature", "properties": { "GTFS Stop ID": "S22", "Station ID": 510, "Complex ID": 510, "Division": "SIR", "Line": "Staten Island", "Stop Name": "New Dorp", "Borough": "SI", "CBD": false, "Daytime Routes": "SIR", "Structure": "Open Cut", "Latitude": 40.57348, "Longitude": -74.11721, "North Direction Label": "Ferry", "South Direction Label": "South Shore", "ADA": 1, "ADA Northbound": 1, "ADA Southbound": 1, "ADA Notes": null, "restroom_count": 0 }, "geometry": { "type": "Point", "coordinates": [ -74.11721, 40.573479999999847 ] } },
{ "type": "Feature", "properties": { "GTFS Stop ID": "S21", "Station ID": 511, "Complex ID": 511, "Division": "SIR", "Line": "Staten Island", "Stop Name": "Oakwood Heights", "Borough": "SI", "CBD": false, "Daytime Routes": "SIR", "Structure": "Open Cut", "Latitude": 40.56511, "Longitude": -74.12632, "North Direction Label": "Ferry", "South Direction Label": "South Shore", "ADA": 0, "ADA Northbound": 0, "ADA Southbound": 0, "ADA Notes": null, "restroom_count": 0 }, "geometry": { "type": "Point", "coordinates": [ -74.12632, 40.565109999999855 ] } },
{ "type": "Feature", "properties": { "GTFS Stop ID": "S20", "Station ID": 512, "Complex ID": 512, "Division": "SIR", "Line": "Staten Island", "Stop Name": "Bay Terrace", "Borough": "SI", "CBD": false, "Daytime Routes": "SIR", "Structure": "Embankment", "Latitude": 40.5564, "Longitude": -74.136907, "North Direction Label": "Ferry", "South Direction Label": "South Shore", "ADA": 0, "ADA Northbound": 0, "ADA Southbound": 0, "ADA Notes": null, "restroom_count": 0 }, "geometry": { "type": "Point", "coordinates": [ -74.136907, 40.5564 ] } },
{ "type": "Feature", "properties": { "GTFS Stop ID": "S19", "Station ID": 513, "Complex ID": 513, "Division": "SIR", "Line": "Staten Island", "Stop Name": "Great Kills", "Borough": "SI", "CBD": false, "Daytime Routes": "SIR", "Structure": "Open Cut", "Latitude": 40.551231, "Longitude": -74.151399, "North Direction Label": "Ferry", "South Direction Label": "South Shore", "ADA": 1, "ADA Northbound": 1, "ADA Southbound": 1, "ADA Notes": null, "restroom_count": 1 }, "geometry": { "type": "Point", "coordinates": [ -74.151399, 40.551230999999845 ] } },
{ "type": "Feature", "properties": { "GTFS Stop ID": "S18", "Station ID": 514, "Complex ID": 514, "Division": "SIR", "Line": "Staten Island", "Stop Name": "Eltingville", "Borough": "SI", "CBD": false, "Daytime Routes": "SIR", "Structure": "Embankment", "Latitude": 40.544601, "Longitude": -74.16457, "North Direction Label": "Ferry", "South Direction Label": "South Shore", "ADA": 0, "ADA Northbound": 0, "ADA Southbound": 0, "ADA Notes": null, "restroom_count": 0 }, "geometry": { "type": "Point", "coordinates": [ -74.16457, 40.544600999999851 ] } },
{ "type": "Feature", "properties": { "GTFS Stop ID": "S17", "Station ID": 515, "Complex ID": 515, "Division": "SIR", "Line": "Staten Island", "Stop Name": "Annadale", "Borough": "SI", "CBD": false, "Daytime Routes": "SIR", "Structure": "Open Cut", "Latitude": 40.54046, "Longitude": -74.178217, "North Direction Label": "Ferry", "South Direction Label": "South Shore", "ADA": 0, "ADA Northbound": 0, "ADA Southbound": 0, "ADA Notes": null, "restroom_count": 0 }, "geometry": { "type": "Point", "coordinates": [ -74.178217, 40.540459999999833 ] } },
{ "type": "Feature", "properties": { "GTFS Stop ID": "S16", "Station ID": 516, "Complex ID": 516, "Division": "SIR", "Line": "Staten Island", "Stop Name": "Huguenot", "Borough": "SI", "CBD": false, "Daytime Routes": "SIR", "Structure": "Open Cut", "Latitude": 40.533674, "Longitude": -74.191794, "North Direction Label": "Ferry", "South Direction Label": "South Shore", "ADA": 0, "ADA Northbound": 0, "ADA Southbound": 0, "ADA Notes": null, "restroom_count": 1 }, "geometry": { "type": "Point", "coordinates": [ -74.191794, 40.533673999999834 ] } },
{ "type": "Feature", "properties": { "GTFS Stop ID": "S15", "Station ID": 517, "Complex ID": 517, "Division": "SIR", "Line": "Staten Island", "Stop Name": "Prince's Bay", "Borough": "SI", "CBD": false, "Daytime Routes": "SIR", "Structure": "Open Cut", "Latitude": 40.525507, "Longitude": -74.200064, "North Direction Label": "Ferry", "South Direction Label": "South Shore", "ADA": 0, "ADA Northbound": 0, "ADA Southbound": 0, "ADA Notes": null, "restroom_count": 0 }, "geometry": { "type": "Point", "coordinates": [ -74.200064, 40.525506999999834 ] } },
{ "type": "Feature", "properties": { "GTFS Stop ID": "S14", "Station ID": 518, "Complex ID": 518, "Division": "SIR", "Line": "Staten Island", "Stop Name": "Pleasant Plains", "Borough": "SI", "CBD": false, "Daytime Routes": "SIR", "Structure": "Embankment", "Latitude": 40.52241, "Longitude": -74.217847, "North Direction Label": "Ferry", "South Direction Label": "South Shore", "ADA": 0, "ADA Northbound": 0, "ADA Southbound": 0, "ADA Notes": null, "restroom_count": 0 }, "geometry": { "type": "Point", "coordinates": [ -74.217847, 40.52241 ] } },
{ "type": "Feature", "properties": { "GTFS Stop ID": "S13", "Station ID": 519, "Complex ID": 519, "Division": "SIR", "Line": "Staten Island", "Stop Name": "Richmond Valley", "Borough": "SI", "CBD": false, "Daytime Routes": "SIR", "Structure": "Open Cut", "Latitude": 40.519631, "Longitude": -74.229141, "North Direction Label": "Ferry", "South Direction Label": "Tottenville", "ADA": 0, "ADA Northbound": 0, "ADA Southbound": 0, "ADA Notes": null, "restroom_count": 0 }, "geometry": { "type": "Point", "coordinates": [ -74.229141, 40.519630999999826 ] } },
{ "type": "Feature", "properties": { "GTFS Stop ID": "S09", "Station ID": 522, "Complex ID": 522, "Division": "SIR", "Line": "Staten Island", "Stop Name": "Tottenville", "Borough": "SI", "CBD": false, "Daytime Routes": "SIR", "Structure": "At Grade", "Latitude": 40.512764, "Longitude": -74.251961, "North Direction Label": "Ferry", "South Direction Label": "Last Stop", "ADA": 1, "ADA Northbound": 1, "ADA Southbound": 1, "ADA Notes": null, "restroom_count": 0 }, "geometry": { "type": "Point", "coordinates": [ -74.251961, 40.512763999999834 ] } },
{ "type": "Feature", "properties": { "GTFS Stop ID": "S11", "Station ID": 523, "Complex ID": 523, "Division": "SIR", "Line": "Staten Island", "Stop Name": "Arthur Kill", "Borough": "SI", "CBD": false, "Daytime Routes": "SIR", "Structure": "At Grade", "Latitude": 40.516578, "Longitude": -74.242096, "North Direction Label": "Ferry", "South Direction Label": "Tottenville", "ADA": 1, "ADA Northbound": 1, "ADA Southbound": 1, "ADA Notes": null, "restroom_count": 0 }, "geometry": { "type": "Point", "coordinates": [ -74.242096, 40.516577999999832 ] } }
]
}
